split,image_id,source,original_relpath,sha256,bytes,width,height,n_boxes,plastic,paper,metal,glass,in_original_download
train,2,AquaTrash,ds/img/000000_JPG.rf.d3371cb3d63a59c5ba6730368b7905af.jpg,a5279463ebb3b968199dbeb3b1301e472224948652c4a6d74628c551535a137b,810434,2448,3264,1,1,0,0,0,yes
train,4,AquaTrash,ds/img/000000_jpg.rf.ee75fdf06813399a8376c6ff7056423a.jpg,7aa6f3b31d68d0aa26997a222aa20e407a5c7c1d12afd1eb9eb3b79191492b9f,278867,1537,2049,1,1,0,0,0,yes
train,5,AquaTrash,ds/img/000001_jpg.rf.3b10b06a0479e6c9e52202033c95d203.jpg,7496391e0c636161dbc534bd44455e0b5ec3e085d1d222e784e351d3aff6f017,21466,416,416,1,1,0,0,0,yes
train,6,AquaTrash,ds/img/000001_jpg.rf.42c4ba88119aae9d425f5c004cb2ce0d.jpg,5863e586429c93e765ad8dfa7cad107f12effee78fe1cf3fb54df2fbb31313c0,260596,2049,1537,1,1,0,0,0,yes
train,7,AquaTrash,ds/img/000001_jpg.rf.a23b83dbda863601c92725ae9ba3bab7.jpg,e7eab62522026387eea41abbfd9a67b7f4c3669e5864463d088126b4d978dbee,20861,416,416,1,1,0,0,0,yes
train,9,AquaTrash,ds/img/000002_jpg.rf.ba12a4ce95a3dd81818a5e373efe28be.jpg,b45559d380dd16f4c89f96497f44b7ed0ff5023fa6662971d5eabe9b2c64a28d,17151,416,416,1,1,0,0,0,yes
train,11,AquaTrash,ds/img/000003_JPG.rf.94d22bad4e3f02b1bef15f769561cd9e.jpg,5a2ee79d150737ab89d28771bd7e1e6e3c4428be25052d944cd20904003d52ce,104402,3264,2448,2,1,0,0,1,yes
train,12,AquaTrash,ds/img/000003_jpg.rf.9977c8a2ac9cb00ea0f60901a4b77333.jpg,89f5dd29a957f02a1aab2ea4645f3fa338850b7c6df77f2269b44c05fd4920e0,26972,416,416,1,0,0,0,1,yes
train,13,AquaTrash,ds/img/000003_jpg.rf.9ca0e5925486fa97540b07414ea9b277.jpg,813429689512b7424b646b632b51db6424ce93a9c0e29381add17760583d2b7a,15837,416,416,1,0,1,0,0,yes
train,15,AquaTrash,ds/img/000004_jpg.rf.2b05f74aef4b9075fc4850b59e2cb840.jpg,46f3c80cefcfa67073ab1cb2026a2ed597a6ad725ffb27cf8f23e3844697c270,17569,416,416,1,1,0,0,0,yes
train,17,AquaTrash,ds/img/000004_jpg.rf.bc8c3c9f203da611f150d441db9ac7ae.jpg,65666b43a69b030a136d5c617f2a7ae74615e2d6e03b8f51ae5aeb51920dc559,85525,1241,751,1,0,0,1,0,yes
train,18,AquaTrash,ds/img/000005_jpg.rf.003793a128998b50c820a5951d5a5ba5.jpg,b2d35f3c955306b64fe4c68e70da3f77dfc5b7f39fd51acc552253e0d41328aa,297580,1537,2049,1,1,0,0,0,yes
train,19,AquaTrash,ds/img/000005_JPG.rf.216ea83ee4d2dd49c9633c1367894151.jpg,701bf3a53a6587c94b8e71517015145a95740c96e0a2f9c8512ff12553fca166,166431,2448,3264,1,0,1,0,0,yes
train,20,AquaTrash,ds/img/000005_jpg.rf.2e2ec7a6579289fe5714bdb2753880b4.jpg,f314f1de41a3f1ce859e554a3a4bf25d7b3338fbf3706f43337df66f1e3e56ba,24559,416,416,1,1,0,0,0,yes
train,21,AquaTrash,ds/img/000005_jpg.rf.64c6c9f622771b349148c96d537e8ff5.jpg,9d52687ea8eb3531445bef80de4260e0a80d9d4dde2a1751d25bd4f9c36d5964,5434,416,416,1,1,0,0,0,yes
train,22,AquaTrash,ds/img/000006_jpg.rf.0c45474870c2a5df516344df31448c15.jpg,781623c2c016c25d6ec51adc34ee3ca621dabd7101ba90aaac9f335266dd6448,19785,416,416,1,0,1,0,0,yes
train,23,AquaTrash,ds/img/000006_jpg.rf.33a70c1d2244237b53e6924046000d26.jpg,f874d76b9330a17d6cbf106a4d30ba6ef1a942efc93870b277d599bf131e9835,100767,1537,2049,1,0,0,0,1,yes
train,24,AquaTrash,ds/img/000006_jpg.rf.6748007ba9263baa2c6a7961da13e343.jpg,2623fafb4cccc950e6de6973a12827ffff03c2f5bfd422369103ac2fb23fab0c,9363,416,416,1,1,0,0,0,yes
train,25,AquaTrash,ds/img/000006_JPG.rf.9b7b9fcb1ec280c54ddf5eafa9a0ba02.jpg,cc7e335e1dd9dc5b8974dd4899b6bb43846f2512232c9419fb915ca7bb4b4696,351071,2448,3264,1,1,0,0,0,yes
train,26,AquaTrash,ds/img/000007_JPG.rf.a40debf74b3f5228742cd22b8ea9ce08.jpg,be9e87a0c9eec461762dcdc1e24611fc5411ab3dec2f33cd9183e4b15ace852e,177751,2448,3264,1,0,0,1,0,yes
train,27,AquaTrash,ds/img/000007_jpg.rf.aacac0039250183e0db8e195ab9a1e9f.jpg,6d9696421aa70abf0834154a24d595906c93d8c89c2230a23ab3e931606edecb,11748,416,416,1,1,0,0,0,yes
train,28,AquaTrash,ds/img/000007_jpg.rf.c1aa0a792a4edb7de41bcc9a00738a8a.jpg,6b26bcd52924248aefff6c4a372fcc42d6e876a4d1d69af10271b7e19e311610,45474,1537,2049,2,0,0,1,1,yes
train,29,AquaTrash,ds/img/000007_jpg.rf.dd0bfb8e733e43961547eec533fea3b8.jpg,afb306e828f1ed07a80ca244f41a17b9933461eb2397639e29d2deca6afec0a3,24215,416,416,3,1,2,0,0,yes
train,31,AquaTrash,ds/img/000008_jpg.rf.a24ec77372a4a2d8f9cd694ffec10c9a.jpg,6a2467d48b9a777bd6989020c3f764ef0337d5c62d3c46471b1b45815a993d6c,17821,416,416,1,0,1,0,0,yes
train,32,AquaTrash,ds/img/000008_jpg.rf.aebe91f54e904a647432057275ae9403.jpg,a0553f0e1b94df4e9c7c29b2f1e9497aad6ad0fc483e706470abc804727089da,69451,1537,2049,2,0,2,0,0,yes
train,34,AquaTrash,ds/img/000009_jpg.rf.8434a803f417f51fe5ebe4f6b9697cce.jpg,0a16c0cea8dfa9e5ae908fed05502ebd7bede8bf63e009956708a5581e992c01,14679,416,416,1,1,0,0,0,yes
train,35,AquaTrash,ds/img/000009_JPG.rf.ae53b7d399c8fa7b5a4d80c2c59d92ed.jpg,b26e1ba4799fe3ed6c288b7e9df34494e1e36a1fc5f9e6ac57e5164964a1e797,216108,2448,3264,3,1,1,1,0,yes
train,36,AquaTrash,ds/img/000009_jpg.rf.c6c0c6c8403228f34ac9b2e13fb43904.jpg,56d3f0d5d28c8ee7916d1be4c387a4c0957119d129d1b172e49b9259ec1616c8,16243,416,416,1,0,1,0,0,yes
train,37,AquaTrash,ds/img/000010_jpg.rf.69db314ea2d581e398dbbc6b0477b22a.jpg,16270590293e5a2d1f0ea047585c78a6abc3c4014c5ad89a3fd6107cef2b48cb,13269,416,416,1,1,0,0,0,yes
train,38,AquaTrash,ds/img/000010_jpg.rf.6c2f5a56db2ee454cac569cf9b78437a.jpg,796156886c71ab715b5ec79ab3abf1c748382ce0024257558114a7704562aca2,17570,416,416,1,0,1,0,0,yes
train,39,AquaTrash,ds/img/000010_JPG.rf.80b3f35a4216f2c10fe1457f402994bf.jpg,6188b8189d3e682186849b47927cbded1b5b7162ec06d5509437c85ab5af17b5,209865,3264,2448,2,2,0,0,0,yes
train,40,AquaTrash,ds/img/000010_jpg.rf.d731a0e01f49ec0a95a0f3a1b10ef155.jpg,ced3f824f8e2008aaa86a162e6955c0e9d735a2d0c5700c1dbdfb626be227312,154718,1537,2049,1,1,0,0,0,yes
train,41,AquaTrash,ds/img/000011_jpg.rf.5ce2ed4dcf441076fc5244f22aedb9b7.jpg,ca3b77c4e885287dc973dafecabbf6c3bce1c98af8eb2b98d4fb3491ed13c66c,261437,1537,2049,1,0,0,1,0,yes
train,43,AquaTrash,ds/img/000011_jpg.rf.8b7fff6ea8f7330e402b6a7757b1866b.jpg,3841704c8968954568413cd1795c8b9f9f457cf1d07c76a26c1514198c19e193,17760,416,416,1,0,0,1,0,yes
train,45,AquaTrash,ds/img/000012_jpg.rf.5054aa20e9cbd6b10b821db6b300ac0c.jpg,bb41ce729e03d58150455510995c519cd4fdd63380cab0a6ccfd43047a9e1f71,18906,416,416,1,1,0,0,0,yes
train,46,AquaTrash,ds/img/000012_jpg.rf.c50f074f2cd7a6b5362f0c6f98300848.jpg,504a993e5f7dd67e7a3961246619b7ce897effbfe87413dd7fdd7751bbe198c9,17874,416,416,2,2,0,0,0,yes
train,47,AquaTrash,ds/img/000012_jpg.rf.fb1054104801ab389977b568bde7e0ce.jpg,c1253d6e4926a069cb020036b40c21ea85016a270c7a9e76ea8cd7c00fe50c98,331343,1537,2049,1,0,0,0,1,yes
train,49,AquaTrash,ds/img/000013_jpg.rf.29e141f4c018605414d7abd5ec4740e9.jpg,333412863f6f5d5c9fa0d5463d26a7246de06dd222ac93484ff96a5fd1da4885,19496,416,416,1,0,0,1,0,yes
train,50,AquaTrash,ds/img/000013_jpg.rf.9ba00883de5b5dd801c272cce5818c89.jpg,ca9f73058126bde4ef6a5963a5968dc4b0a4d6650cad38e3eeeea8ceac54f8ac,301774,1537,2049,1,0,0,0,1,yes
train,51,AquaTrash,ds/img/000013_JPG.rf.da886096a055f2b459a99d202eb3fdbf.jpg,65515e29d078fc68d0564ded575fd765d5d0fa7970f5eede2ec18dbe5552129c,855077,2448,3264,1,1,0,0,0,yes
train,53,AquaTrash,ds/img/000014_JPG.rf.7b43c4e66af30c5b5e9914628b7a92e1.jpg,fc9d2277c7305571df2db622a092ec4f3c6ab89967b1641a85fe5907b967bcad,206007,2442,2597,1,1,0,0,0,yes
train,54,AquaTrash,ds/img/000014_jpg.rf.927348ca51d74a05e3c578fcce761d33.jpg,c12b056712b5b8dc161c9fd13402254a3b451b2b9586466aa4af6e1d85d59301,11569,416,416,1,1,0,0,0,yes
train,55,AquaTrash,ds/img/000014_jpg.rf.ea60de2dbaca4cb3980931bc035b65b9.jpg,06cd0ad7fced940e63da0cad334665711737894e2cdf846ab8f26d1bf56f6420,16145,416,416,1,0,0,1,0,yes
train,56,AquaTrash,ds/img/000015_jpg.rf.8a658891a7ac82f12000145ec489cf4c.jpg,ab46d39edb580282a07d6333e25c164fc688e8c88383b7e17b6d8a226a5a654f,20999,416,416,2,2,0,0,0,yes
train,57,AquaTrash,ds/img/000015_JPG.rf.df7d83766fb301cd8635988698f82196.jpg,42509e855ea2b7e1e39cd20907d58f23880b596cd1a1a646697a282d4a999bc1,543294,2448,3264,1,0,1,0,0,yes
train,58,AquaTrash,ds/img/000015_jpg.rf.eebd5ba151182f6edadd573ffdf6fe85.jpg,c1945bd5934f62a9b84b1ba1d463ffce4dbbc43e325fca97aeeec451a49102bd,407085,1537,2049,2,1,0,1,0,yes
train,59,AquaTrash,ds/img/000015_jpg.rf.f1be72fdd82f24951e7abf8c86b9dbeb.jpg,60da787c720022add425ea06082fe91c4adad5fb23f7c39bd6a3f16dee02d72d,15721,416,416,3,1,1,0,1,yes
train,60,AquaTrash,ds/img/000016_jpg.rf.44f83f63a4ab9ab4519ff90f087397c4.jpg,f555771ff35d492c92756db8a6931bd37282098d421556ed0740be21fd53f4bb,124075,1537,2049,1,0,0,0,1,yes
train,61,AquaTrash,ds/img/000016_jpg.rf.62a0c2e7104b1c47655ff1d0bc5890dd.jpg,2fe69963abed0418b84571b9e1e1153f7e8f96ad412af237d55800b079e5f5bb,15929,416,416,1,0,1,0,0,yes
train,62,AquaTrash,ds/img/000016_jpg.rf.73e85f3f95f7bdba3be928f90b7586f5.jpg,2c71b821e20d2cd3ead9ad81f440afd82525c404d77d74cf27989c5bf989d582,17974,416,416,1,0,0,1,0,yes
train,63,AquaTrash,ds/img/000016_JPG.rf.9a8b06d326724914d88ff7bf7e59a19b.jpg,7b8bc62ffc967377db69f213eeef231c2fc570970dfd5fc2dc411bb59d2d0a53,342063,2448,3264,2,1,0,1,0,yes
train,64,AquaTrash,ds/img/000017_jpg.rf.1b16bea2730faf919fea7016568d1630.jpg,31bde4066a381c7e0da0d919fe284c0d39eae24acf484c134a6739d44240d30a,320132,1537,2049,1,0,0,0,1,yes
train,65,AquaTrash,ds/img/000017_jpg.rf.8f00dc3b244ac3116d76a494bf3d15c1.jpg,865c497ec56b6f9a386cf74ad6a50fe2a46b9eaeedcc18d0f820e667cb67eb9f,19180,416,416,1,0,1,0,0,yes
train,66,AquaTrash,ds/img/000017_jpg.rf.ba2e5fa6533e4d7816d2a7e294a6d040.jpg,9d9974b74deebddf5346e3e6c97df6550cb83c34bdd69c93507876c44ac80794,17117,416,416,1,1,0,0,0,yes
train,67,AquaTrash,ds/img/000017_JPG.rf.da78d08bc1a77af01c0c4c51a71f6f70.jpg,e2173d1f3afe1bc0fb869a676af57388f35f967d3fa3add2fd4b518916acdc36,463556,2448,3264,1,0,1,0,0,yes
train,69,AquaTrash,ds/img/000018_JPG.rf.36e111eac7cbfd6aaa50376c786844a0.jpg,f7880fa94d66869e2a254ea752f5306057f09f88abfec3d9f39251ac07940daa,531105,2448,3264,2,1,0,1,0,yes
train,70,AquaTrash,ds/img/000018_jpg.rf.5ed8b50a0baee1603b659c848822fa24.jpg,fc54adc1b8bc04aae97ad3828e1f0ac7fef260bd53e4a374dfa52b16bf4e4472,14995,416,416,1,0,0,0,1,yes
train,71,AquaTrash,ds/img/000019_JPG.rf.84f4d33da2cd2fcf85f50f1d715a46eb.jpg,55f4bc3273ce733a0c0dcf76585f8af020d06f213ab1bd8a707a1edc72fc648d,664288,3264,2448,1,1,0,0,0,yes
train,73,AquaTrash,ds/img/000019_jpg.rf.cdf730508ce823ef87c6ee777bf9cf1c.jpg,2911683eeca4a07185b0247bfc3ebb3b11fef4898393d9ef6ee2d696ad4d27be,17836,416,416,2,2,0,0,0,yes
train,74,AquaTrash,ds/img/000019_jpg.rf.e4d28c72e4ca25a59b07de7d8cc87080.jpg,93c128a26ad3a59254b2af9414edf28bd3ec23bea61eb36468ea414fa70078a4,16383,416,416,1,1,0,0,0,yes
train,75,AquaTrash,ds/img/000020_jpg.rf.94c0d1159c8aaa257792cf2c13801ef9.jpg,dcc27d7fd1159c30a6e7682054058a59b7dbd2eac72d325247154c5907c8694c,12222,416,416,1,0,1,0,0,yes
train,78,AquaTrash,ds/img/000021_jpg.rf.22832d293d317b13e588374218a71e00.jpg,968690d4404bc30e7b69a505e6ff2ab0e6f9d0f268d6161d928a09648d04024e,9062,416,416,3,0,1,1,1,yes
train,79,AquaTrash,ds/img/000021_jpg.rf.686ef3b74a19214af6e22e15ad692bca.jpg,185f3e9658bd62ae46d2a2090cedea6afe23c0bbd5e1a41d32dee934a56d2fb3,18889,416,416,1,1,0,0,0,yes
train,80,AquaTrash,ds/img/000021_JPG.rf.83716ea370ecf4752af77f799e00cff8.jpg,5d859376367a8b0e79d654b4a7e7ef5ac4bfdd4508e494669d3bcc2e11dd3e9e,216634,2448,3264,1,1,0,0,0,yes
train,82,AquaTrash,ds/img/000022_JPG.rf.2142a3416365cf34993f4abb1d7d8458.jpg,e5f44ceebd18dcc7d5652bb7ced751ebf4bc9b2e0be12ccdc8a7b5a118d80b10,466542,2448,3264,2,0,1,1,0,yes
train,84,AquaTrash,ds/img/000022_jpg.rf.6305b19f11fbdabcba40fa94e8b45bbd.jpg,180cde5567cdcfc79606155025a327c640471dbe61a59cffc8dbf95837721768,17425,416,416,2,2,0,0,0,yes
train,85,AquaTrash,ds/img/000022_jpg.rf.6c1e872d94a0fb00c1d2b610a5c3184a.jpg,c9480b129d27f04d4a53d06571a78f15eb0f42f86344e1b998ec258ef2e7bc75,171538,2049,1537,1,0,0,0,1,yes
train,86,AquaTrash,ds/img/000023_jpg.rf.1957fc0be7e5963e79f9caa40915198d.jpg,506bd82010437a5a73824e3381c266f1c959a709ea982738194f76bc676b98e4,313550,1537,2049,5,1,0,4,0,yes
train,87,AquaTrash,ds/img/000023_jpg.rf.2c7afb3316f1734a18b8d1169b907f85.jpg,e04837aa84cec9239163bc38eb24f6c9b96673db006e4bd0713e429206e1dc65,19297,416,416,1,1,0,0,0,yes
train,88,AquaTrash,ds/img/000023_jpg.rf.5aa9e0a58af86a4baa08d4bfe7513ef9.jpg,da6bfd59d6f28fc7bec21ece949658585692a54df3ae0ff445bb4599cfe6849d,12592,416,416,1,1,0,0,0,yes
train,89,AquaTrash,ds/img/000023_JPG.rf.c65a0d2377e99a060d4cfac3b8273594.jpg,007d6ff7ffe1afeb9ada352af0810c480a1ffb785bf234062b0ee5132ff06c5c,132159,3264,2448,2,2,0,0,0,yes
train,90,AquaTrash,ds/img/000024_jpg.rf.090bff7e0ebd097734b99fa1013d587d.jpg,fd7b11a044f66bf6aa806a27d2aa55b69fa90d78f8a42390cd12bc8566b5dfc0,17873,416,416,1,0,0,1,0,yes
train,92,AquaTrash,ds/img/000024_jpg.rf.5ae48b6ddd7f0f7f3ba97f14717cc6c6.jpg,29b61ec80ea38c0cc19116db1559f67ddffad42f650f0abf905816162246d8ac,273306,1537,2049,2,0,0,2,0,yes
train,93,AquaTrash,ds/img/000024_JPG.rf.f8cbab833a31156b0ba7441b9bcee081.jpg,13137549b68f8951f1f60e04278987a4e9d3fc08de9babf14361ae553d2119c5,114457,2448,3264,2,0,0,0,2,yes
train,94,AquaTrash,ds/img/000025_jpg.rf.27b0c7d7e6bb159099bf20cc703c2662.jpg,5dedc6eafc3bbd38583dd4da542f26ab723e76b9f0081a69191235218171aaa7,21424,416,416,1,1,0,0,0,yes
train,95,AquaTrash,ds/img/000025_jpg.rf.2c5a598559f4ac3e19a1a3bf2a098d4a.jpg,dcdd6938de75c6f1fa8705af52aaba76ba4743d8612a396933158f2feb7336b2,15751,416,416,1,0,1,0,0,yes
train,96,AquaTrash,ds/img/000025_JPG.rf.815dda9504412159afed35e46b5a7bc6.jpg,b9820a0a9e4c8f563655cef666591870473f6ffd600ab735f74b292a70080264,149193,2448,3264,1,0,0,0,1,yes
train,97,AquaTrash,ds/img/000025_jpg.rf.96f8a937bf9ac013ea3422706daad7f2.jpg,33256ad8a1bb120d0d10b29fa217a8b28af2413164f63601384672c3bf071659,193839,1537,2049,1,0,0,1,0,yes
train,98,AquaTrash,ds/img/000026_jpg.rf.0c461fdb6595f50eeb6fee3b8532f452.jpg,e50b70704057117803ca97e76bb6d6bdc1271f58f8b8f21db34c98e55fc89e2c,19392,416,416,1,0,1,0,0,yes
train,99,AquaTrash,ds/img/000026_JPG.rf.4e2d2c91e5c4c4797ec026217430960c.jpg,2ba9358424f2b9ebd46773c5e0cf8907e9b3b2b7968d0cc7f3df19fa9fc34787,140019,3264,2448,4,1,2,1,0,yes
train,100,AquaTrash,ds/img/000026_jpg.rf.7f0e1403c9665cc1ab664ca6100d6308.jpg,bbe896f1eac062ac3b395296ad70ae259404a7b3316faf8d0afee866f16bee7f,23796,416,416,2,1,1,0,0,yes
train,101,AquaTrash,ds/img/000026_jpg.rf.cb9edd2738736188ea9a5c1a33f2d085.jpg,1c3e26018b880aa3984aaa707d751afa6330380c49305a37b28ceb6dfbdaee6a,199046,1537,2049,1,0,0,1,0,yes
train,103,AquaTrash,ds/img/000027_jpg.rf.78100628554443378adcc62660a75524.jpg,f7d0551fb484a543d48861b0aeb1d88f69d89fea4327c443571d6152a0353606,23012,416,416,1,1,0,0,0,yes
train,104,AquaTrash,ds/img/000027_JPG.rf.8063f46827257d27073fc88c205da226.jpg,26634f2a694f6a0be90995cc8d855afcbfc67f05d1ed5198ba78f1d9ca13db8c,143098,3264,2448,3,0,0,3,0,yes
train,106,AquaTrash,ds/img/000028_jpg.rf.b86deb4fce55807f757fa2b52feba0af.jpg,e31fe817cf3064634168c539f45af51dc93b24d46f977a3f7ffa9eed9a7df791,21824,416,416,1,0,1,0,0,yes
train,108,AquaTrash,ds/img/000028_jpg.rf.dda4470887046c5c09a97fd6b6e6d3f1.jpg,ffea7b56e34787e62027c8db2b9e4fdf72382841aaf10fa1315a50d3ae2577f7,23669,416,416,1,0,1,0,0,yes
train,110,AquaTrash,ds/img/000029_jpg.rf.cf85d3fcd918116e30994de824d50752.jpg,221820649799fd2d6c09d9a71c0327ed4f53ee5f9786449a6f452ea8ac40784f,189660,1537,2049,1,0,0,1,0,yes
train,111,AquaTrash,ds/img/000029_jpg.rf.f3e792ceb992bc41415a77a69c5b93ee.jpg,389624c4fd6791a5814a9c464dc8f243c3cbf0e352775b8bc56f4b04e65f657c,24201,416,416,1,1,0,0,0,yes
train,113,AquaTrash,ds/img/000030_JPG.rf.c15e0ebc324ac9b1c9789f824124ebb8.jpg,50165ced23b90472d43f7df1b6589eb4edb8fe94f79e392db59b36b9b04ed40c,225711,2214,3264,1,0,1,0,0,yes
train,114,AquaTrash,ds/img/000030_jpg.rf.cf4fb622e9b578e660bdc9bfd12accc3.jpg,d2965c7682b40efd69d5d494fc23730b2efb0e8180ec490db4a7b507a0b80635,26611,416,416,1,1,0,0,0,yes
train,116,AquaTrash,ds/img/000030_jpg.rf.e1e9870f5ac27db278018cf38e4134d4.jpg,2c5d458148febf5a9750dd8e26c6f19083db27833356ebf0cdd5e44158cd67c5,19982,416,416,1,0,0,1,0,yes
train,117,AquaTrash,ds/img/000031_jpg.rf.29e96ddf2bdb022113e103b7a75835de.jpg,0c669af1d741c254f11c49d9371eedaa386c75fcb2a7763d1663b48a409bc676,16423,416,416,1,0,0,0,1,yes
train,119,AquaTrash,ds/img/000031_JPG.rf.5556409546e8d45b63abb898a841cbf0.jpg,94af90ee5e44f713c0b330ef9086a77cde84d3acea54698dbccdc6ea372a30b6,225862,2448,3264,1,0,1,0,0,yes
train,120,AquaTrash,ds/img/000031_jpg.rf.8c396e9a76da42438aed8a9346072d35.jpg,be7e9a982fb31e2b3dae81afb0a0ed5135dbbfb4a1a6e9fa62f73c1af7274d4f,8318,416,416,1,1,0,0,0,yes
train,121,AquaTrash,ds/img/000032_JPG.rf.2f4a0c2e65acfb0c0bd48599204a16a5.jpg,3546218dcb4d502b11311b537067189bdddf225bf15c0ddd8f3d0f7249aafe6b,157263,2448,3264,1,1,0,0,0,yes
train,123,AquaTrash,ds/img/000032_jpg.rf.8dd019d56117c6c3bfe285d764931d2f.jpg,0c689ed1a60ffdc4d80972c7f9f69b49e110ab5fe5b66c6698f5fd244ac8f000,16937,416,416,1,0,1,0,0,yes
train,125,AquaTrash,ds/img/000033_JPG.rf.1a792603df082c1ffc695159498aa4eb.jpg,128575ef863b267b68aaaaca33a3198c625edced4c0cbed3ff6809df557f8435,278385,2448,3264,1,0,0,1,0,yes
train,127,AquaTrash,ds/img/000033_jpg.rf.b651954382c3ffa0651021309555c8d9.jpg,127c2861de34dd82468f2fad5a86aaa712327281659fca9691c884eb3aeef8f0,18331,416,416,1,0,0,1,0,yes
train,128,AquaTrash,ds/img/000034_jpg.rf.82ca4f12eecc7c30bea59f141d42dfb3.jpg,cd9921f37b54006b8335abdd17e311da1c82003bae85a826bd9d78bc67bc0ad9,21316,416,416,1,1,0,0,0,yes
train,130,AquaTrash,ds/img/000034_JPG.rf.d6ff68db163a8b54ffcd3abf769bfe20.jpg,937f53a07474de92915431cccf69e867554b870e4f90ce595e6c4a0b491abfbd,375783,2448,3264,2,0,0,1,1,yes
train,132,AquaTrash,ds/img/000035_jpg.rf.1452f2f42d63e062ed907eaa79e8e892.jpg,0c27aee6af3ee771fcd2d4a76d2aacb2322bbbd6bfad2d4b19f7574e0cfc3902,19411,416,416,1,1,0,0,0,yes
train,135,AquaTrash,ds/img/000036_JPG.rf.0c1ef2f74ed2d1b89a669bf5ffd06078.jpg,fd25db3072f709b91ef472368e5dd62a4287cd66d3bb5d64792e78687ad11ede,584401,2448,3264,1,1,0,0,0,yes
train,136,AquaTrash,ds/img/000036_jpg.rf.6989ea6ca94bc9345c0d3781c5524d8f.jpg,22c449329abc3a582da7d73412a6ff321f81f5acd99b73c24080b873ba727c79,17431,416,416,2,1,1,0,0,yes
train,137,AquaTrash,ds/img/000036_jpg.rf.da61f54af653c78b4df5c3ef1c2606d1.jpg,d15a95ebebc9642b7ef9d8c381c20e01bf58e8c8dacea6cc86cf6e0d8eab6320,20066,416,416,1,0,0,1,0,yes
train,138,AquaTrash,ds/img/000037_jpg.rf.313662ef20a5ccca5fc196365095bf22.jpg,daaadb9818a8d43550c915c4992b144330fc186efc43490766881bd5a9e7eda0,17643,416,416,1,0,1,0,0,yes
train,140,AquaTrash,ds/img/000037_JPG.rf.93d931816a73f48ddc2f46341f3316c2.jpg,9ff65574942599aca637f280011a0ddf1bd9f449da6f4e2391db895759adf1cf,708962,2448,3264,1,1,0,0,0,yes
train,143,AquaTrash,ds/img/000038_JPG.rf.d949f49ef17f034a45517c7ee5d4ccd5.jpg,54eb57129a4c4196021d70f6416ae9826bcb3653eb917d0aa63937f8dd232be9,633584,2448,3264,1,1,0,0,0,yes
train,144,AquaTrash,ds/img/000038_jpg.rf.e84ad63ee9a34f619e6bd2b41ef98607.jpg,15b64f26ac3e7e6b64837db059734122d4fafb9c9f99f8638d41cb6baccb129b,19611,416,416,1,0,0,0,1,yes
train,145,AquaTrash,ds/img/000038_jpg.rf.f495ce764fef2fedcefdf9da0b96510a.jpg,31db9ef5ed7161a81e074a621b9c030fae6ba2dc10295660b7c64abf9303dbe1,116444,2049,1537,1,0,0,1,0,yes
train,146,AquaTrash,ds/img/000039_JPG.rf.18085a5d84e17aca7dbc278f39f141a0.jpg,11ae555e89ae4af019503cc7514daaedd77087fdd2d1e2f6844ac4230ec31421,681043,2448,3264,1,0,0,1,0,yes
train,148,AquaTrash,ds/img/000039_jpg.rf.abffb6d1a849a745b7323aa5402ea595.jpg,9b066c443b0961de61e25bc478184db260b594baed248f3e1d737d7eaab4aba2,16922,416,416,1,0,1,0,0,yes
train,152,AquaTrash,ds/img/000040_JPG.rf.fc1bb55b2d7de403f691406d979da825.jpg,4a18507fe3746c2f3d1a7fdcb0b8b1bdb7bcfa335f63d6bce4affe541752fdf4,719338,2448,3264,1,1,0,0,0,yes
train,153,AquaTrash,ds/img/000041_jpg.rf.92043de1d993c43f5aa9b77afd2f1d63.jpg,ef4af2820f8a2c84baed96cca792cc8e5afea3ca866e743f192569107d474272,13012,416,416,1,1,0,0,0,yes
train,155,AquaTrash,ds/img/000041_JPG.rf.b9c7187161b371d475b9cd1e1e8d1e9a.jpg,f1974e6bba994975d9d136864b7c68d7d85bd3ef8d0faebe6ef52c04ec4c7865,873104,2448,3264,1,0,0,1,0,yes
train,156,AquaTrash,ds/img/000042_jpg.rf.01523622698a610b1e98c82007f8d91f.jpg,93b65d7ffae55600b9b59430147ce3fc55c679f424faaf4b36ab6db39420a264,95032,2049,1537,2,0,0,2,0,yes
train,157,AquaTrash,ds/img/000042_jpg.rf.04f62abf4f94222669321580b8270762.jpg,b7ac70ae5c6c24cb2b4a3f11060f02eac4afac64799871e80ab59c3b31b66ce2,20568,416,416,1,1,0,0,0,yes
train,159,AquaTrash,ds/img/000042_jpg.rf.50f2d9c09c3129b84f2ef041e24b38c0.jpg,9e8d1c5de78b890cb4fdaf332f5d16759d1bab0e9e970b5148ce837708f4cd89,13642,416,416,1,0,1,0,0,yes
train,160,AquaTrash,ds/img/000043_jpg.rf.4d513b8ca4c5a243fcfb10ad7d3d3052.jpg,b0273d90f4951f32a4726fe60b7c4445148168d1d8fdca6d63ef653ee007fd55,21754,416,416,1,1,0,0,0,yes
train,163,AquaTrash,ds/img/000043_jpg.rf.dcc353439f9822c87e9addf87786a0bd.jpg,7fc7aa0992ac17f8e0c8d97673a50a9570082c48202f1aa33e174fcf0d29408e,20719,416,416,1,1,0,0,0,yes
train,164,AquaTrash,ds/img/000044_jpg.rf.215bd723ad8d987f75dd33f33fbf2c00.jpg,f85e26717e2458515493a2aeebd0c6fbfb24059350f04081e396823c4616736a,25094,416,416,1,0,0,1,0,yes
train,168,AquaTrash,ds/img/000045_jpg.rf.455034f3fb1f0f78b617ba0d877dea3c.jpg,bd1bfff63dfd9b8d33089dcc3fad57df2f801d39af142529e70322dba14e1a8c,91636,2049,1537,2,0,0,2,0,yes
train,171,AquaTrash,ds/img/000047_jpg.rf.07bed9ecc70954519a440edb39ffa37f.jpg,d670b82405d4b61426332458ce6a3d251c76755d0466038ea94ff23f0410e979,16233,416,416,2,1,0,1,0,yes
train,173,AquaTrash,ds/img/000047_jpg.rf.c04a677ec28e0c24aaeec39f894b1fe2.jpg,1ebd0c3fc698bb3cd8b5126abbf43126d8c64fbc1c8eb8466f125486821f096c,9466,416,416,2,0,0,2,0,yes
train,174,AquaTrash,ds/img/000047_jpg.rf.e449cc43414312bd60753116ff1cd5b9.jpg,87f44e13a7ccef8aae8a8b96c590fa27a8085ee7a34c424d2fe6c56b354c68f6,104399,2049,1537,2,1,0,1,0,yes
train,175,AquaTrash,ds/img/000048_JPG.rf.192e18b148d3faf4514fd896eb5e5326.jpg,a723df0ad8cfb11dd4c263dbab1c7e72c6baedd2fb9fa6d506dac85e9ca67de5,383589,2448,3264,1,0,1,0,0,yes
train,176,AquaTrash,ds/img/000048_jpg.rf.2381f52a308a97ca3ee02325e2c93824.jpg,dd0c77c3594992842fcb53734bcbe45266a00e7cf31f4ec11f5508a8651518f2,68450,2049,1537,4,2,0,0,2,yes
train,177,AquaTrash,ds/img/000048_jpg.rf.d1fe2466217a45a9b771617022ee7c18.jpg,cf82b8414c20e727f6376239ebc6df1ef069b361dff14c12407ef2d85b66223a,16025,416,416,1,1,0,0,0,yes
train,178,AquaTrash,ds/img/000048_jpg.rf.de00f8d19645a2ddeb2c60fa6cbee63f.jpg,62c20715b40a789e4385eb1b6c5afc3c080bb604968eac5b0ac27bfd72ef1dae,7525,416,416,1,1,0,0,0,yes
train,179,AquaTrash,ds/img/000049_jpg.rf.0c8e5b44339feb4cc686ebbd443732c3.jpg,b3c6b480417f786599a0ee2dd14b6e85fa07b6bdd259906627440ec504f77017,10264,416,416,1,1,0,0,0,yes
train,180,AquaTrash,ds/img/000049_jpg.rf.272258d1d7994ce7f1064abf6690dc20.jpg,42393efec5338bed62006cfbe92a251994195c161c4a7f32930058275deb7c3e,50269,1537,2049,1,0,0,1,0,yes
train,182,AquaTrash,ds/img/000049_JPG.rf.e209e826a07c82e6068790992a260120.jpg,80699a9c94fcd3a89cbfcef515ed273f59bf81959aab50d6654e5160d8210d47,621940,3163,2448,1,1,0,0,0,yes
train,184,AquaTrash,ds/img/000050_jpg.rf.2e801127ca66b17e472bca68800afb40.jpg,d7c7d4aab02f6a5d2f60eeb560b0832ac3615df02ee5612860d9dfa27d3a6af8,59113,1537,2049,1,0,0,1,0,yes
train,186,AquaTrash,ds/img/000051_JPG.rf.6539945e2a3c2ed0824526617798b26c.jpg,b8c3c915a5e7d27230e5d614712e7727170b6a4823a88395e53d43244bfeff5b,530133,2448,3264,1,1,0,0,0,yes
train,187,AquaTrash,ds/img/000051_jpg.rf.92178b1d22661dc4a10ffe6bfd5b4277.jpg,486418a849e189b88bf0c3a5140565930d3c4cd98d3f802c96fbe4a9bc20fa66,16084,416,416,2,1,1,0,0,yes
train,190,AquaTrash,ds/img/000052_JPG.rf.9d27271635175c59e9509c7f70d87801.jpg,daf75bc9083f408d73474206713241057ba9a499b44a6dd75f391d24c03a6d85,612852,2448,3264,1,1,0,0,0,yes
train,192,AquaTrash,ds/img/000053_jpg.rf.58742b4cc98ffea73836546c05bc1547.jpg,cfe1ce39e3334ceff2a5986adb54c48105ee40712162175b83d52315215cbf3d,72881,1537,2049,1,0,0,0,1,yes
train,193,AquaTrash,ds/img/000053_jpg.rf.6767a8e4466955cd84a41f391e4aef80.jpg,c2016e4b87454f7291b7a99e12e34376bd58e0044ef1fc37f20c9313fa15f8ea,12932,416,416,1,1,0,0,0,yes
train,195,AquaTrash,ds/img/000054_jpg.rf.24392ce9c7bd1720c838a311c17f958e.jpg,944032e98bbe29eebb70f1e4604273769d194dc1bf98bd67c2d07dccfa583c06,18395,416,416,1,1,0,0,0,yes
train,196,AquaTrash,ds/img/000054_jpg.rf.3fa00c0cefb8d7fac889afd3fbfff716.jpg,5883d82a1a7c7bd92ac27d6de94eba31c652e57994533a0dc6b5b9b88e903da6,77422,1537,2049,2,2,0,0,0,yes
train,198,AquaTrash,ds/img/000055_JPG.rf.0ba25c38ed10af00810dda648d2461a0.jpg,04438c6a71f0f5ff02a18bf0852a5184a344b49d7b6f4d2e36b73fc9be9ae00d,637687,2448,3264,1,0,0,1,0,yes
train,199,AquaTrash,ds/img/000055_jpg.rf.44eeba23c4e8813b50a409ad8fb34ad0.jpg,7e9d4a0ed8aac57b250a0f35b0257dfb15b9c3f3f8279eb0feabce30951b9c86,51111,1537,2049,1,0,0,1,0,yes
train,200,AquaTrash,ds/img/000055_jpg.rf.58e1c338ac4aa308d78ceb9b8e93d7ee.jpg,5370984a7b13174d507d6c120e7a45f31e91b85bd8ba255ea5fd28240e7fbf6f,19050,416,416,1,0,1,0,0,yes
train,201,AquaTrash,ds/img/000055_jpg.rf.819465c234876c06ce66ea2fc9c9b2d6.jpg,5a5093e2f1c0850a44c030e6726ed6ab3fdb6257ac0098b0652d5d43bb2b61f8,12870,416,416,1,1,0,0,0,yes
train,202,AquaTrash,ds/img/000056_jpg.rf.0d4d304fd2f03ba889305fb9ff43394b.jpg,2480fc830caa3ac3f3272ad96a626553dc43541919f69036dd42091ae240856b,22127,416,416,1,1,0,0,0,yes
train,203,AquaTrash,ds/img/000056_jpg.rf.59f517d36d5603cf93fab05fe19eaf51.jpg,6520351d2632cfc7a84833fae88917d025bb24355005dc1735f4a0517f8aa28f,64332,1537,2049,1,1,0,0,0,yes
train,204,AquaTrash,ds/img/000056_jpg.rf.95e52796966f772775c4d95c5c3d62ac.jpg,7aaaf3b0b12b375733cbdf0856136b59b2bdb3149f07e8ae9327dfab051a43cc,15933,416,416,1,1,0,0,0,yes
train,205,AquaTrash,ds/img/000056_JPG.rf.dfcd12c23a39c09df1dd428915deb8f6.jpg,06f48eaf2c1ded364342ed29bd4cd7288f3989c1721b393df179d503d61d21d2,837391,2448,3264,1,1,0,0,0,yes
train,207,AquaTrash,ds/img/000057_JPG.rf.149bf40f203756af065d76c89db81c27.jpg,8ac8f1e0cedfaafdb0ed270d3da04be73bc08de638fbc5bbe404deaf50212a01,880316,2448,3264,1,1,0,0,0,yes
train,208,AquaTrash,ds/img/000057_jpg.rf.36c41aa6a8b0706bcdabbc74693ca82b.jpg,4419e9a4fdee9262e2fab3262df62478e813356c5cf85832658d533ba0c0de13,17757,416,416,1,1,0,0,0,yes
train,209,AquaTrash,ds/img/000058_jpg.rf.04df31ce152c94461e36817d87803047.jpg,5d98afe235075cd18a7a3b523204931d067e776aca349ba4cccf7a4d2c00e2af,16527,416,416,1,0,1,0,0,yes
train,211,AquaTrash,ds/img/000059_jpg.rf.8a05b618a5d7b50ee78f9014a0f0b85f.jpg,6ab826ca58dd30c3a67adc6d047868fbcfd4b281fa9babcab955d34f65b52b57,26973,416,416,1,0,1,0,0,yes
train,213,AquaTrash,ds/img/000059_jpg.rf.acd795453e9adb3e6722da8075e66b05.jpg,2c1cc00cc3de3cfe5f9ef6ff607816efd7325b1f683552425f5800f90acf9f5e,18679,416,416,1,1,0,0,0,yes
train,214,AquaTrash,ds/img/000059_jpg.rf.e9dd8b4e994229ab3e92710b6cc8e4af.jpg,4cc69cb70fb8ab718f22024855cbb1eebdc5091f0cccb2f00d0621f9b03fb7f0,49586,1537,2049,2,1,0,1,0,yes
train,215,AquaTrash,ds/img/000060_JPG.rf.484b7b820b45a4f99f2657b9e9179be9.jpg,6ce45162d1f9e67c4006e1931f4008c4c61c6e09b4f6ca2ffd554a49237e6128,1276851,3264,2448,1,0,1,0,0,yes
train,218,AquaTrash,ds/img/000061_JPG.rf.5d8e6c70d07936c222d0513ae3ab920f.jpg,ae7b1ef9b1456df55dbda8ee292cafe03a8f095f3ce7ae57066dba953dfe030b,1160422,3264,2448,1,0,1,0,0,yes
train,219,AquaTrash,ds/img/000061_jpg.rf.c09706e87e6b429d4069e8bddb554c44.jpg,7323bfbbfa7aba27daf786d6b3e6e22bf266f637e404ea0c5bdf12956ce32954,55839,1537,2049,1,0,0,1,0,yes
train,221,AquaTrash,ds/img/000061_jpg.rf.e15cc3e3cd9bc8fb042b83bfaae11857.jpg,373ecda69dc38f9c19c1b5f97100d873ca69bd4f219e3bdcb16c9d098f626725,24807,416,416,1,1,0,0,0,yes
train,222,AquaTrash,ds/img/000062_jpg.rf.606ca7944ce7d2b7f87f8ab0d1840baf.jpg,c7b11b6131a64f467b05ac85e7dd6cdbc6604c7d68a2e5e230f7199e3ed5288c,23359,416,416,2,2,0,0,0,yes
train,223,AquaTrash,ds/img/000062_JPG.rf.6b330fe3640fd645f556b593287bd5b5.jpg,4cc2e17624e080746391325c5b96faf4769ea8ac7126ca2abccb5f8afaa89940,494572,2448,3264,2,1,0,1,0,yes
train,226,AquaTrash,ds/img/000063_jpg.rf.52308eca5e26989dbf3d5d54da6e7dc4.jpg,822ea3dceee112284b53a9a73642d0661a2e803528aeb4de3ee7e19834fd03e7,17485,416,416,1,0,1,0,0,yes
train,227,AquaTrash,ds/img/000063_JPG.rf.c34b95fa0c610f82e3cada41a46d5f95.jpg,59fa9d0185af9523bd3ae1e96b0570de67b4e62c7f8e3761a5c8d0b968242fa0,1239508,3264,2448,1,0,0,1,0,yes
train,232,AquaTrash,ds/img/000064_jpg.rf.d848c83989a9551ef394ff479572f411.jpg,36bd3ee93dc2292e82c7f944b85b6bebf71a57f492f6965e212de59c84a7d98f,13109,416,416,1,0,1,0,0,yes
train,233,AquaTrash,ds/img/000065_JPG.rf.8ffc3e122419146e7016bcefe3df02fc.jpg,5fca25fbb4ca594a778a92d370701c9e1c4ed7bbf14613fd870d8eaec4793251,1158001,2448,3264,1,1,0,0,0,yes
train,234,AquaTrash,ds/img/000065_jpg.rf.adefa5b0d326eea9e928516289993384.jpg,66b7f960a0bd225a7047faa7dd9872516e29f27cecf710fe2352e184f148dcf4,22637,416,416,1,1,0,0,0,yes
train,235,AquaTrash,ds/img/000065_jpg.rf.db526887a8a626cbec62106baf05c712.jpg,0f2048eec7c116eafc76cd35291062693577b8b555d0d97f35015a6f9a904cda,19981,416,416,1,0,0,1,0,yes
train,236,AquaTrash,ds/img/000065_JPG.rf.e06e729d4af3f1e6a87e4fa2435cc782.jpg,35be62f558a239edd464e5768b94041271e7ab0e96bfd6e51a137d4d9e48cfeb,195126,3264,2448,2,0,1,1,0,yes
train,237,AquaTrash,ds/img/000066_jpg.rf.4cd79288b17ea0efdc2d548acfaeb4cb.jpg,874a162f5af4979d9d330dda129ae17b58dec0b372ffad610fb1916bd0a38321,23711,416,416,1,1,0,0,0,yes
train,239,AquaTrash,ds/img/000066_jpg.rf.75f8981fccaeeb5214198ca1b0011e4e.jpg,6ccc41dd98a5e43c09b110eb562a261bd025d82e59f09c98cdacbb6ad2d9ceb0,25222,416,416,1,1,0,0,0,yes
train,240,AquaTrash,ds/img/000067_JPG.rf.2758d801c66557b16af99505fcadeca8.jpg,7a1c83b3446e6d2fcf5513ddd7c73d1ed69d54922e9d6c06d0f050c3a86f11b4,1002802,3264,2448,1,0,1,0,0,yes
train,241,AquaTrash,ds/img/000067_jpg.rf.8746caea06137e0d921d481470170ef3.jpg,ebe41b07b6b15415950f51b6a7eb0f1783c2b5d29d54a3d347a0fcfadf8bc634,25227,416,416,1,0,0,1,0,yes
train,242,AquaTrash,ds/img/000067_JPG.rf.88f9c6d648c46d0a3195d049c83b8b3d.jpg,e81410e1d7d800a3208c17be4bc1dcadab5326cebcb0f915dc0a5ac60f198c8d,126653,2448,3264,1,0,1,0,0,yes
train,245,AquaTrash,ds/img/000068_JPG.rf.8ad38475b9ee36d5d972e3f3105dba6e.jpg,9c1de3a8ddb8ad2ba008fa814ca42c37b62574f0c41afe5e080236a707141bf5,621574,2448,3264,3,0,3,0,0,yes
train,246,AquaTrash,ds/img/000068_JPG.rf.b6d34dfe4b896d0c753385ca4c3072a3.jpg,16b1028b4185f38125f991862ef081e2ad8df86b5ebaafe180e5d8d807e4a2ac,706386,2448,3264,1,1,0,0,0,yes
train,248,AquaTrash,ds/img/000069_jpg.rf.46d560bf60ef856322d7dfbf2d0fbbbb.jpg,5f58d935d0915b3708114736f9d95671175189cd2fcb2a2e42d2655485e8e3fc,23331,416,416,1,0,0,1,0,yes
train,249,AquaTrash,ds/img/000069_JPG.rf.4769df06d950594f211723a5fb04c972.jpg,2d5416a28e3e8dfadbefaecb2cd36e27801598ad5406cbdca44c1f579fd5cdd5,1001249,3264,2448,1,0,1,0,0,yes
train,250,AquaTrash,ds/img/000069_JPG.rf.754c7034631beace810600af537cf1d3.jpg,de800cb2b1bb00e8d60384912372fc7d800010c790b5a5c2668540e6bf17bd80,615239,2448,3264,1,0,1,0,0,yes
train,251,AquaTrash,ds/img/000069_jpg.rf.cb1b72feff05a77571afa6dcdcccc334.jpg,695ee941db7ac16f5c4789f9fddecdc3b5de3b3d7dd40e19a38197ee845cb73c,25695,416,416,1,1,0,0,0,yes
train,252,AquaTrash,ds/img/000070_JPG.rf.002423292827c0192719e23f3ee1d20a.jpg,b841bb938eb7b276098da513bda36fcbe16e6710936d3120e35c0a5f4854c160,1239990,3264,2448,1,1,0,0,0,yes
train,254,AquaTrash,ds/img/000070_jpg.rf.b047a475b7f68a21260af3a9000acf42.jpg,7326e5b8bb3fa9925e099e8d1fc4568ee13a587caeb58492bea518e8eb9ac0f3,23767,416,416,1,1,0,0,0,yes
train,255,AquaTrash,ds/img/000070_jpg.rf.b72d2081548c4410e01638f1713062dc.jpg,b2a3db2faa734b21d41a9eeeef66ab2ce0b558512ff8240eae08d07bedbaa1ab,27607,416,416,1,1,0,0,0,yes
train,256,AquaTrash,ds/img/000071_jpg.rf.03e05c930100da1c0facea5f23b89f7d.jpg,1cd1042a856168eeb37fca8285070cf71597e3846a910948aae0a7e82db4d39b,25352,416,416,1,1,0,0,0,yes
train,257,AquaTrash,ds/img/000071_jpg.rf.0f771105c36a967b8532d02db90a47df.jpg,476a411742603a6954b8181e58e9874ff002d005dd8456c06d5ffc8161cc2243,17739,416,416,1,1,0,0,0,yes
train,258,AquaTrash,ds/img/000071_JPG.rf.2b5d02a4e6c70c644358c781ec3d1faa.jpg,3b33cc91ccab98ffc3a3ba1872614678c63481c832fc2348577aa29af789f49f,436595,2448,3264,1,0,1,0,0,yes
train,259,AquaTrash,ds/img/000071_JPG.rf.71712e41ac49488b771991daa54266a9.jpg,9b19758c0688e774a78309a585c865adec466f96a8f9a1601ac2f8f9dca897b4,1034957,2448,3264,1,1,0,0,0,yes
train,262,AquaTrash,ds/img/000072_JPG.rf.694e1d668b22358432288e9027607c66.jpg,1ec246c653c7b9ed3e4a0675c96f2a3a1216e80b87a3bac465ec56ec5594605c,1079093,3264,2448,1,1,0,0,0,yes
train,264,AquaTrash,ds/img/000073_JPG.rf.145dc63ae9acd801448a99fe37a03c94.jpg,effcc2654319e0887f285bd8b4f74975c38001635541a005d7c0342cc7cb6b5e,467351,2448,3264,1,0,0,1,0,yes
train,265,AquaTrash,ds/img/000073_jpg.rf.6842cbbd47a4deaa5efba665912652c5.jpg,ce077d2dedbc45f2e901dac92b23f13c96294b2e840131fb151a9302c813d790,20721,416,416,1,0,1,0,0,yes
train,266,AquaTrash,ds/img/000073_jpg.rf.89b23fe20d196ec2e09be07f273d97f6.jpg,0d33d253be06425316240e04f32d3f9d01663ea4c719c1c347a1455386830150,22487,416,416,1,0,1,0,0,yes
train,267,AquaTrash,ds/img/000073_JPG.rf.b7b3da44f9a28163038e7d3429b67b27.jpg,5115349e9b22c1f07c96daf9d5f214c1ff42b6044e0c44a5808f985a4a437dbf,742639,2448,3264,1,0,1,0,0,yes
train,268,AquaTrash,ds/img/000074_JPG.rf.47a9151525777468c44e8691f29e6789.jpg,0b835f6f4f40d919045acc4e8d89df92a104d6b24321b65ef0933b595f5b4ec8,834235,3264,2448,2,1,0,0,1,yes
train,269,AquaTrash,ds/img/000074_JPG.rf.67fca822f9b1926b356922af64e583f4.jpg,ae4db6101d4811f7cfae2bfaf98db22a75cf498fb3a3cff5fc402992bedf9d5a,597803,2448,3264,1,0,1,0,0,yes
train,270,AquaTrash,ds/img/000074_jpg.rf.8aa73efb149a020c7c5397c454598483.jpg,ac9668a58bb96cfa665406fd31265ae1d594ad6b7304afa78cc4c0ff074ba5b4,23765,416,416,1,0,1,0,0,yes
train,271,AquaTrash,ds/img/000074_jpg.rf.ec9d0227c327aae1a43d1ece31927667.jpg,03639b39784a9dab8b37e79b3888bdb78d34b2e158f9db15140325f4b6ad2a65,23324,416,416,1,0,1,0,0,yes
train,272,AquaTrash,ds/img/000075_JPG.rf.56a161638e45d3d42c88e751bae4ff44.jpg,bb11bf46c089c3c25f7ae8c62aa5c6bf2ab2fc4de35d4b35a09bb4764cb03321,678918,3264,2448,1,0,0,1,0,yes
train,273,AquaTrash,ds/img/000075_jpg.rf.70594fffc48d625deb65ece444d3696c.jpg,b3e1037271b4645d1a655c9c3433a83579bf148d2fe0eadbcfeceb7e1f5ef1ea,17401,416,416,1,1,0,0,0,yes
train,274,AquaTrash,ds/img/000075_jpg.rf.bd32d52408fa0d543d2c48baacf7404c.jpg,ecc138ba52ef8f586fea47a64942117aa22a82ddde13d9bb5d4bf3215dacfac0,23938,416,416,1,0,0,1,0,yes
train,275,AquaTrash,ds/img/000076_jpg.rf.175c02bcb8e9c7b877f0e092de470156.jpg,3af18fd2994a0186954b6bc78d78eeab450ad90c8b170a3a3755bae8a5f88317,14305,416,416,1,0,0,1,0,yes
train,276,AquaTrash,ds/img/000076_JPG.rf.a0b9ad753a233efb6df431527a468297.jpg,b81f51a32555464b0648b7dc9e9a732536db300142c477056158da307ae62ffc,797002,2448,3264,1,1,0,0,0,yes
train,280,AquaTrash,ds/img/000077_jpg.rf.7107bcb67410ae43090bc6c4644d2e01.jpg,301b2915b6d4b3cd02ad8162e36a0bc6bee0281a0703f30b8c9f5340c410f3a2,26426,416,416,1,1,0,0,0,yes
train,282,AquaTrash,ds/img/000078_JPG.rf.11fe3fdd9daf4c106fd15d42463088c9.jpg,7d55ace2a48e87efe8729e931845852ba47cf8c7e054f02b3b16208a20e858aa,113238,2448,3264,1,0,1,0,0,yes
train,283,AquaTrash,ds/img/000078_jpg.rf.7bbd087a733dfd7a22418dab6e9d0bce.jpg,f1a3dca466a0cdf30df5fe872118029897a4f70fc52f5dcabded054e57084b49,24148,416,416,1,1,0,0,0,yes
train,284,AquaTrash,ds/img/000078_jpg.rf.f28c5c7961f5d92ad58e2cab69afbb60.jpg,f304a073fa59467d6b3ed43aeaacba6680182b4162a2d9ddc1b4226bc371ec44,11428,416,416,1,0,0,1,0,yes
train,285,AquaTrash,ds/img/000079_JPG.rf.0d7e0fb2df1f2aaa5b5c3966ccf931b1.jpg,fcc70cfedd85ae5209bd6e2baf635dde83a0d3b440b9b3ab37848be2083c7920,114951,2448,3264,1,0,1,0,0,yes
train,287,AquaTrash,ds/img/000079_jpg.rf.29fa0266416a159608cf24b4e72c0b6a.jpg,145665f5b5adac8f1affac85c6000468f1244ef9a9c4990184ab89b6811d13a6,19149,416,416,1,1,0,0,0,yes
train,288,AquaTrash,ds/img/000079_jpg.rf.b2d3b1c6905651b9cf1d939eafd87a52.jpg,9b6c0c31cdf8708911071b20c77261cb0db364a968c726a5f6959e897c8c8b0a,17902,416,416,1,1,0,0,0,yes
train,290,AquaTrash,ds/img/000080_JPG.rf.993f9dbfdbb7c771b54270554b538de5.jpg,eca6e453f48571dbe9c0f851d0eaf09025985eaa3a1d75f07d510d628ca74ad6,534085,2448,3264,1,0,0,1,0,yes
train,291,AquaTrash,ds/img/000080_jpg.rf.bfa237d8070193b4cb690ae88b747d0f.jpg,d400d4c4f50e4e25730f5cce7a7369b2f910baa2b5800f2076266c1f8003627f,28240,416,416,1,1,0,0,0,yes
train,292,AquaTrash,ds/img/000081_jpg.rf.3324339669b6639069474cead9b2d18a.jpg,13eb1d4640b695e23a5dcca20ba4b0066801c45782d181b9eac419f02c2bda4f,19512,416,416,1,0,1,0,0,yes
train,293,AquaTrash,ds/img/000081_JPG.rf.a35d5c0eaa37af2f138eb0e1e2401329.jpg,0a8f92363830388e573ecf4afde928696b3ff9747346b7005d37794f09d922a3,528541,2448,3264,1,0,0,0,1,yes
train,294,AquaTrash,ds/img/000081_jpg.rf.ddc70e72bf7f39fce3a6892c203459f3.jpg,b450e0f76483c5cd6daab3090fbe65653e59735bc331d6a0977284f29d5ebd80,18977,416,416,3,0,0,0,3,yes
train,295,AquaTrash,ds/img/000081_JPG.rf.ea3619a1163b1494d458dbd578f58523.jpg,df8b2e12ea667cdf1859346bdabfd8e1d19225f79ad8e2c1a9e418d2501cfb6e,406798,2448,3264,1,1,0,0,0,yes
train,296,AquaTrash,ds/img/000082_JPG.rf.00a21c7095239899701f24df09060248.jpg,7d0a9ea0ee65d3d3c43ce8b7ac614fe6cc2294d2791012c34b6ec8d3f54ab65c,612606,2448,3264,1,0,1,0,0,yes
train,297,AquaTrash,ds/img/000082_jpg.rf.6b6f7ad63a90f9d9d860b803e99ec49a.jpg,9d7a938c7f04939d5edd34ca129e46087a0a107c462967ba4d836fce205aad5a,18848,416,416,1,0,0,1,0,yes
train,298,AquaTrash,ds/img/000082_jpg.rf.aa55332900465a30687548c20145a4e4.jpg,5b98f34c9e752c2237c2fe93b5b5fa28111067b7ea6bdfbe5a45ae03e48bdd6d,28133,416,416,1,0,1,0,0,yes
train,301,AquaTrash,ds/img/000083_JPG.rf.9d1f623c8bef60b865c9c20abfd54386.jpg,13f60c35a740fdb20df18700fe4a628c7d1843ea018ddb94c462ee7fe4336332,749209,2448,3264,1,0,1,0,0,yes
train,302,AquaTrash,ds/img/000083_JPG.rf.9d560f08f9052b58d3e4d55b076c2cca.jpg,bbaad3a578bbcb607ce13182ccdf1e2f3f7cb793ce965b315a3ff7fe54ee65de,750023,2448,3264,1,1,0,0,0,yes
train,303,AquaTrash,ds/img/000083_jpg.rf.d2118dfada822631307421d62fc27a7d.jpg,53547dad078317e2ee082bb61ab79ffd8dde0cc80c584dfdbfd36865a370acc1,18222,416,416,1,0,1,0,0,yes
train,304,AquaTrash,ds/img/000084_jpg.rf.0b52fe6d752013618857704318aab583.jpg,db6e3216585f5f861eb7135c527c861c7cce858d7e8463e6b88ee745a812e9bf,28164,416,416,1,0,1,0,0,yes
train,305,AquaTrash,ds/img/000084_JPG.rf.92caefae2de3a94bbab6df88bdf33dc8.jpg,8eff98f603cc1f6cce5c85e1e487564ff095027c798fe62abb3d9eeab1ff8352,185519,1925,1408,1,1,0,0,0,yes
train,306,AquaTrash,ds/img/000084_JPG.rf.942837bfb405ac2730506b6f511f608e.jpg,06b4a65c768f33ab304d1fd2ff94bcf6e149faa2d7a4e529603df5a3183a18a3,591380,2448,3264,3,1,0,2,0,yes
train,307,AquaTrash,ds/img/000084_jpg.rf.f44a770ba1b45b5390f90e977e147578.jpg,a31d0fe109f97f8fb220d5a9e486fb12f219bd0d09e6105112cab53d883b08df,8728,416,416,2,0,0,0,2,yes
train,308,AquaTrash,ds/img/000085_jpg.rf.3474819b7c82c49b380fcdf478766207.jpg,40378c34b54acedf1c99f5151b64ebe7ae35d07ee9dbd8d093cee7a14237dfa6,29876,416,416,1,1,0,0,0,yes
train,309,AquaTrash,ds/img/000085_JPG.rf.3a330c761f605d89e6574aebf45e90a1.jpg,05a504f67c0cf5c44ea1f8d21aa0f07f107d62ee2b6f6cc1cb672412394023e5,411818,2448,3264,1,1,0,0,0,yes
train,310,AquaTrash,ds/img/000085_JPG.rf.6601a3f912670beac53085714278db85.jpg,a152e52ceaad1d28bc28953f95ad4deefd1d4a2f442f9523b1230e92e9415c6f,596617,2448,3264,1,1,0,0,0,yes
train,311,AquaTrash,ds/img/000086_jpg.rf.21d6c190ab94e71b2f49fb97de73d378.jpg,62b9150b8eec6e2a86c2bb8da97d13ffa640f1c700a44ff5a1972fd8c43d201e,28976,416,416,1,1,0,0,0,yes
train,312,AquaTrash,ds/img/000086_JPG.rf.2b89cfe42c327e4eea7d99d8c5fa456e.jpg,3a4e1f63ae0e131bde0ef9a9b2a722c06f7a4a729049d489430a196016489b49,398956,2448,3264,1,0,0,1,0,yes
train,313,AquaTrash,ds/img/000086_JPG.rf.a9c84c634a161dec85f5ca62fff0d0b7.jpg,856979aaecf4a19b638214da949b45c90c2aa287b7f9067c87488778b6febec4,240974,2448,3264,1,1,0,0,0,yes
train,315,AquaTrash,ds/img/000087_jpg.rf.690ec33d4afb8bd8fe24d397b278fa19.jpg,67a4e78afb32c4630c3731ce1b44873954153ae51e2e3f03211cf3431be89416,26424,416,416,1,0,0,1,0,yes
train,318,AquaTrash,ds/img/000088_JPG.rf.e947547f0688564d69784cf4b067cc05.jpg,fb6e910c009ad78e2f6ddfb7b210dafbd9e70c26aedc46ad567a15acea60fe3b,610714,2448,3264,1,1,0,0,0,yes
train,319,AquaTrash,ds/img/000089_jpg.rf.2260e83c8296b37a3532392442fe36ff.jpg,e6d54eb99c07df502c0207130501ce8bb8385135e13ac7a7f4b514f5a6dfaa56,25553,416,416,1,0,1,0,0,yes
train,321,AquaTrash,ds/img/000090_JPG.rf.bc3088c0d0847041b9a2274937af9057.jpg,069256ace89174fb3ad22cb12399ba31c76f370e7de7a13c08082be014ad6434,872196,3264,2448,1,1,0,0,0,yes
train,324,AquaTrash,ds/img/000091_jpg.rf.1c2835b63b19d5c0af7a27129abfbb2f.jpg,faf34c8247560fc65277f37979793e47f11578e6c84c5820ab6873a71575dad1,28361,416,416,1,1,0,0,0,yes
train,325,AquaTrash,ds/img/000091_JPG.rf.54bec092812303b6db4922bdb9945a4f.jpg,d1b3663cccb6108bd0d0519df34ea747033fdf67b2b00184ddc5c2a87580f3db,150375,3264,2448,1,0,0,1,0,yes
train,326,AquaTrash,ds/img/000091_JPG.rf.6ab34e036290bbab1a78573b63cfb996.jpg,dc950a15a6177288fdf1ff6ce4fc078b47d7f195bd161ab315bd5e4870bde724,703031,3264,2448,1,1,0,0,0,yes
train,327,AquaTrash,ds/img/000092_JPG.rf.41d0b245d0c489dfc1914d665a7e5e62.jpg,b464c371109200afc958f6cf7315ab5cc9763e413f1e280f4daee9b111be21d6,124539,2448,3264,2,0,2,0,0,yes
train,328,AquaTrash,ds/img/000092_JPG.rf.f79df099c5856824fcd647d2767596c7.jpg,0e96f2ea40f45f9e76d410e2b96b58765afe19f181026a48ef9996009c06e170,335472,3264,2448,1,0,1,0,0,yes
train,330,AquaTrash,ds/img/000093_JPG.rf.664f76e5289f311393e8e9388334022d.jpg,b6c3a8fa968cb5d15fb16fa5dab278ae2a1a718642ac00f76d573762c64a89ab,234997,2448,3264,1,1,0,0,0,yes
train,331,AquaTrash,ds/img/000093_JPG.rf.80736b0d6e3659f91445ad3fce4c95e4.jpg,576a9fe29df6707d2233250b43b5220b159e4ea6e91466b03fb0123700ed8346,742750,2448,3264,1,1,0,0,0,yes
train,332,AquaTrash,ds/img/000093_jpg.rf.8d536f36e117812a1ef369c7b67f0635.jpg,44c27d721b1d2d5f5279fbd9cfb420932416b5a92296ac84b62039d4130d8c8c,18499,416,416,1,0,0,0,1,yes
train,334,AquaTrash,ds/img/000094_JPG.rf.b6241bd0418850c0ca1916017d039774.jpg,1fb80461fc3f47e1f847ca0438cf794592089d7f8459ba44a60944d140001c99,725261,3264,2448,1,1,0,0,0,yes
train,335,AquaTrash,ds/img/000094_jpg.rf.ffade2ec7e41ef7d1fe564591764eb43.jpg,80856f2d49a9e57f3a9b5e9484e86d9450c1b6f0f9cba003b10774af32bb7349,14541,416,416,1,1,0,0,0,yes
train,336,AquaTrash,ds/img/000095_jpg.rf.5a1e9f2f9e387ba2f2c8155b8410656e.jpg,a56aa3baf58ea3318df68663d509212c044c9a21059b65f09983a47cedadb258,21882,416,416,1,0,1,0,0,yes
train,337,AquaTrash,ds/img/000095_JPG.rf.6a841ed816f96a34eaaba03356885682.jpg,504b654cea86c8b9f5125cf8fa8999f3f6ba7a61d8028f0c4ed65437e74a18b8,407127,3264,2448,1,1,0,0,0,yes
train,338,AquaTrash,ds/img/000095_JPG.rf.e753a5b2a9e39abe1223dd53e3e1cc3b.jpg,811ab4856379bc8476084ed34b8675e1a0e4e17ff5d25f7fb47343b8e7d5089f,171956,2448,3264,1,1,0,0,0,yes
train,339,AquaTrash,ds/img/000096_JPG.rf.81524839612961c65378b67c9944af85.jpg,d07ebadf59b06523ddea833c0c7511761a436b2b8c39b891b31b125863affc19,475450,3264,2448,1,0,1,0,0,yes
train,342,AquaTrash,ds/img/000097_jpg.rf.5ee362e58370980eb351d337f6409ef4.jpg,c7b1722936d2ce3ea0dbf8eebde21863c78c0a6c990d257d21ffd607ecfce19c,23133,416,416,2,1,0,0,1,yes
train,343,AquaTrash,ds/img/000097_JPG.rf.f5d6b5572b60dba12a4b39a6af33ac05.jpg,3fe8a5d3ddf1b83f360ade9103ea6112adc03f5d292f4a08e285a7a57e30153c,689050,2448,3264,1,0,1,0,0,yes
train,344,AquaTrash,ds/img/000098_JPG.rf.11ffd21ae91ef5ba3c82ec792c0f0b60.jpg,a1e33ddd1c0a784a438eaffe23ad3bd205516ed61ef27777231c580adf7005f8,598281,2448,3264,1,0,0,1,0,yes
train,345,AquaTrash,ds/img/000098_jpg.rf.293ef58f232e1d7f69675e47277df69f.jpg,bdb8ab716350f57c010915afabdfd3ab5e44c62533d4daf3cfb38fcbfbfd9f06,17020,416,416,1,0,1,0,0,yes
train,347,AquaTrash,ds/img/000099_JPG.rf.39fa14946e0ae5cf85c07ed1af0c3d00.jpg,5d5988b2505ea1b9078bfc47def0090503a0b674e283c4dc91df4192416765dd,918383,2448,3264,1,1,0,0,0,yes
train,348,AquaTrash,ds/img/000099_jpg.rf.553bd2f567aead09fa6ce582ee1f1fdb.jpg,836790bca18ddbb592994c1cc09ce741ffd864c9cbdea6a2b7c1ff7d1fffdf1b,23576,416,416,1,1,0,0,0,yes
train,351,AquaTrash,ds/img/000101_JPG.rf.a7c1b7e330f8e26da6f5e66603e76bf6.jpg,2f057268e389719630bc0fc8518cc744bc656de0740836cfa53c397c8215259a,192756,2448,3264,1,0,0,0,1,yes
train,352,AquaTrash,ds/img/000102_JPG.rf.3c36d45336bb9af4b54cb2ac29766390.jpg,48f3d780db39b883faf9f1828e2f9321505204464e73822321b12c9c857ac7f6,515744,2448,3264,1,0,1,0,0,yes
train,353,AquaTrash,ds/img/000104_JPG.rf.332a5aa47edc75e29cc9a26b80635198.jpg,af36bbb295b51ffecdae92fd2fcada22209ea119b32bb3525a75a5060335e7a1,133462,3264,2448,4,1,0,3,0,yes
train,355,AquaTrash,ds/img/000106_JPG.rf.dc2345e3176c7524cfdbb42983dd3db0.jpg,7c693b51518f879689b2c50567ba17ab2ed498a7da878382c86b7df16dec4ee6,125719,2448,3264,2,0,2,0,0,yes
train,358,AquaTrash,ds/img/000110_JPG.rf.1234fd1e36c337e944e129929f83d0db.jpg,c3a07ca1e195de6b21adeaa47b2b605bf71687c7f3e810916daf0739b606dc7b,421997,2448,3264,1,1,0,0,0,yes
train,359,AquaTrash,ds/img/000111_JPG.rf.927d622eef402872a82857c9023d8dc8.jpg,0306d32d4bda1dbfc3f5a9005ed99564c81c28b5ccbdc76dc115e68b465bbd5a,471280,2448,3264,3,1,0,2,0,yes
train,361,AquaTrash,ds/img/000117_JPG.rf.792aeeed8617c75c61e6ca1c5a433dae.jpg,c874c65fee074a348a91af4f7777b3b781f8e11b428ccae84dff496c30fb53c6,524289,2448,3264,1,0,1,0,0,yes
train,362,AquaTrash,ds/img/000118_JPG.rf.7210ba6eef46f0727afbc548098fee07.jpg,0c4cd52f6dc6cd5733b30cf7b11524c8f0639b249172efcbbbf1b3fd897030b9,703488,2448,3264,1,1,0,0,0,yes
train,363,AquaTrash,ds/img/000120_JPG.rf.520a1f3428c6ebd24d3fdd103082afc0.jpg,d687098accc440b8a6c16ba988422361aed92504da29fa2c099b8d679020951c,290910,2448,3264,1,1,0,0,0,yes
train,364,AquaTrash,ds/img/000121_JPG.rf.cf0d71db1bc87ad39a55c0a70bbbd0a0.jpg,265668c213777e3fb7a1d91f11332c5465d89fe5d6736aa12709760089c3d22a,992819,2448,3264,1,1,0,0,0,yes
train,365,AquaTrash,ds/img/000122_JPG.rf.257323c30f94a7c71f2db4613eb8bac5.jpg,ace42b199d52a8f8f17762eb4fe4bfe658d0d6decefec9bf4ebd7f2f8c30abe6,1019626,2448,3264,1,0,0,1,0,yes
train,366,AquaTrash,ds/img/000124_JPG.rf.11c5626f03313f2a2700d2131bbee98e.jpg,317a2e7934e706b5f07833d0d81c9b00757df705ca641aaa12a6d8029e57938c,127916,2448,3264,1,0,0,1,0,yes
train,367,AquaTrash,ds/img/000127_JPG.rf.fd5002b407acccd8ae1e918c23cf7b91.jpg,db262a4b8b57cbd791cf8b95aefb3ec69602de8f8679980bcc06475a23fb8e64,312587,2448,3264,3,1,0,2,0,yes
train,368,AquaTrash,ds/img/000128_JPG.rf.eb71904df1426bfc208c7f961ae52d22.jpg,1592067decbc7c3f2144e8ea86988b68f056fc22890b86b9c71a304401948367,341810,2448,3264,5,0,1,3,1,yes
train,369,AquaTrash,ds/img/000129_JPG.rf.eb4bb302dd9580081c49afc5465f58ce.jpg,bb09993f25eb1971eadc123bf2ebe1ef27e9b87405d7328a0e6be1fde27110a5,204161,2448,3264,4,0,3,1,0,yes
train,370,AquaSurf-Malnad-223,images_fresh_malnad/malnad_0001.jpg,81d7a9ef5f3c572ddc72f0964b20625c5a4006ad154584d92762c5a04f63b380,4501544,2448,3264,0,0,0,0,0,yes
train,372,AquaSurf-Malnad-223,images_fresh_malnad/malnad_0003.jpg,4020450e7e9ade93aa97080cc310d2a977c4a91b3a289ab3723a343ad4a093c8,6505504,3264,2448,0,0,0,0,0,yes
train,373,AquaSurf-Malnad-223,images_fresh_malnad/malnad_0004.jpg,9e09177574120dbc946cbb69ba60ac87d25c327bfa8c6771c612a4e98f7a5b58,158735,1280,720,0,0,0,0,0,yes
train,375,AquaSurf-Malnad-223,images_fresh_malnad/malnad_0006.jpg,38d695834e6a130dbc5af5691676c546fbb103148514c0031fceb696764b9f7d,4045680,2448,3264,0,0,0,0,0,yes
train,376,AquaSurf-Malnad-223,images_fresh_malnad/malnad_0007.jpg,b7175356e76a679ba41fbe1097d56700c5e9b1ce588ef315376efd015a65e5b7,3383215,3264,2448,3,3,0,0,0,yes
train,378,AquaSurf-Malnad-223,images_fresh_malnad/malnad_0009.jpg,af5ba169cff6d1aba3108c35fb59c50e4401364b3dfff81f941c95f577f15a46,647422,1280,960,0,0,0,0,0,yes
train,379,AquaSurf-Malnad-223,images_fresh_malnad/malnad_0010.jpg,81d71b41bbbbb6745a53d0dbd9fa5e36cb94cbc17e6e653c8d4984765fdb3a2a,4587167,3264,2448,0,0,0,0,0,yes
train,380,AquaSurf-Malnad-223,images_fresh_malnad/malnad_0011.jpg,0de9d69943310c60fff4bb91f2b0a6e953184f6f9f939573b90b7b7674dd8740,6555287,3264,2448,0,0,0,0,0,yes
train,381,AquaSurf-Malnad-223,images_fresh_malnad/malnad_0012.jpg,e4beb3eee7eab4dcec897ffc948593e5b11797ca1c272082a3b07c2ce34bbfb2,5251362,2448,3264,2,2,0,0,0,yes
train,382,AquaSurf-Malnad-223,images_fresh_malnad/malnad_0013.jpg,97dc670dbbcd521f20b7cf54e3a5914efc75a93c64626d5081d6c58a3ed5afc8,512379,960,1280,0,0,0,0,0,yes
train,383,AquaSurf-Malnad-223,images_fresh_malnad/malnad_0014.jpg,96833e203bdab17b87338b3b23ddfcae8e5c1ce097e778792d12096df4476257,5720492,3264,2448,0,0,0,0,0,yes
train,384,AquaSurf-Malnad-223,images_fresh_malnad/malnad_0015.jpg,4831c26815ac5d06615579998f1fa66d2ea9ced9c0488c0a83ecf6390e30388c,6562855,3264,2448,0,0,0,0,0,yes
train,385,AquaSurf-Malnad-223,images_fresh_malnad/malnad_0016.jpg,22c13199ccb2a41ca100b4e540e7511d577ca99e45244ebe4481f68a810bca41,5466770,3264,2448,0,0,0,0,0,yes
train,386,AquaSurf-Malnad-223,images_fresh_malnad/malnad_0017.jpg,9ca31919f8541c806ab02a6caa97c87fa3dd6520c2004668ff385d46259c95fd,132966,1280,960,0,0,0,0,0,yes
train,387,AquaSurf-Malnad-223,images_fresh_malnad/malnad_0018.jpg,8625d3584b662e4012cfb4e998964051bec6d1749e5b8000bc2156683c6a8031,3972510,3264,2448,0,0,0,0,0,yes
train,389,AquaSurf-Malnad-223,images_fresh_malnad/malnad_0020.jpg,740463e15024b606117cc652ac92eb21bc536f8ede39cb505b88dce54eccc761,123749,1280,720,0,0,0,0,0,yes
train,391,AquaSurf-Malnad-223,images_fresh_malnad/malnad_0022.jpg,284429ab7f00eb71552ef044ada99914ffaa2e7e1de4732d445c7aa2f6b0a4ed,4582441,2448,3264,0,0,0,0,0,yes
train,392,AquaSurf-Malnad-223,images_fresh_malnad/malnad_0023.jpg,f16ea0b757b0e28ba66bf6d629641ab27e5c52567df6c3738939c3c3af2450be,3429969,2448,3264,0,0,0,0,0,yes
train,393,AquaSurf-Malnad-223,images_fresh_malnad/malnad_0024.jpg,9da3f0beeb0cfac4262b7b78d8d655c8ee714d9a4f323f87dd23c9cd93a5028c,4721893,2448,3264,0,0,0,0,0,yes
train,395,AquaSurf-Malnad-223,images_fresh_malnad/malnad_0026.jpg,f998ab78978072131440e1b2e160c61a6c72a2dd6309f9d62efd1da3c796cf47,3917371,2448,3264,0,0,0,0,0,yes
train,396,AquaSurf-Malnad-223,images_fresh_malnad/malnad_0027.jpg,20d736c827df3304c75380027b6f0dc22b3a830800c98142fb6ce536d455b3ce,71305,720,1280,0,0,0,0,0,yes
train,397,AquaSurf-Malnad-223,images_fresh_malnad/malnad_0028.jpg,f608ee69e4b29d840f66d66a5543a0796f4d78b11822566ff5ebf69939ca5d12,405423,960,1280,0,0,0,0,0,yes
train,399,AquaSurf-Malnad-223,images_fresh_malnad/malnad_0030.jpg,aabf439ea53227dd385593afbc3294fa74545df00f761059f2497dc8fe63e352,4165038,3264,2448,0,0,0,0,0,yes
train,400,AquaSurf-Malnad-223,images_fresh_malnad/malnad_0031.jpg,4afdfbc800a630f42fab3d46f0d5d340028fc2c114993fdbdb5b2c6b9a16255c,7134765,3264,2448,0,0,0,0,0,yes
train,403,AquaSurf-Malnad-223,images_fresh_malnad/malnad_0034.jpg,8e141bbfece5dfc67c8527d5a52012763b37f8ed06a212e5418294ae6f96d127,4252755,3264,2448,0,0,0,0,0,yes
train,405,AquaSurf-Malnad-223,images_fresh_malnad/malnad_0036.jpg,50d0188d06156b5084944a7ab94b8472e9b40cd7bdad947556958c65670c5156,2687329,2448,3264,0,0,0,0,0,yes
train,406,AquaSurf-Malnad-223,images_fresh_malnad/malnad_0037.jpg,6c79e1885c77325e7c1193b6f2ebee7ebb72ee020da9632f221b1dc981cf6611,419364,960,1280,0,0,0,0,0,yes
train,407,AquaSurf-Malnad-223,images_fresh_malnad/malnad_0038.jpg,964e57f2763eb15d3a8c5bcaa050906d7109a6bac2b2c4ba1fcc695572a741f0,5381715,3264,2448,0,0,0,0,0,yes
train,408,AquaSurf-Malnad-223,images_fresh_malnad/malnad_0039.jpg,c046fbf43b109f1f300d12e93ae0c4f2afe2fc3f49a698a173fb2eda57627775,5548352,2448,3264,4,4,0,0,0,yes
train,409,AquaSurf-Malnad-223,images_fresh_malnad/malnad_0040.jpg,f2d66d01f30b25b73e8f433ef0e915db5157a372d64c07f1418dcda70af6c9e8,4447609,2448,3264,0,0,0,0,0,yes
train,410,AquaSurf-Malnad-223,images_fresh_malnad/malnad_0041.jpg,f8c4155a76acbf843b73eeaa84d5d352bb851b1cfee32f99d7778d01417854fd,4782413,3264,2448,0,0,0,0,0,yes
train,413,AquaSurf-Malnad-223,images_fresh_malnad/malnad_0044.jpg,de77904e4b90eb8b00700bc3b0d32e5fb76d813a0ca7cb740e38b3b32445c36f,5025695,2448,3264,0,0,0,0,0,yes
train,414,AquaSurf-Malnad-223,images_fresh_malnad/malnad_0045.jpg,fd67810592e2f8f94ce90abf469beee1ecb7474a8ff6694cb5b5e00a5a5254d7,3832574,3264,2448,5,4,1,0,0,yes
train,415,AquaSurf-Malnad-223,images_fresh_malnad/malnad_0046.jpg,05fa94d8d0798abe99b5fdac02e246edc5af99759088806839f319e0971ff368,4769835,3264,2448,0,0,0,0,0,yes
train,416,AquaSurf-Malnad-223,images_fresh_malnad/malnad_0047.jpg,195564a4cfaede66cf257f989487856f762bcd8eaf9ecc987971bef92ddbc963,191419,960,1280,0,0,0,0,0,yes
train,418,AquaSurf-Malnad-223,images_fresh_malnad/malnad_0049.jpg,553e2dda4636cd77fcd543bc72aad5de200c8b8101a9ec1590a1f99ae7f4b869,7130569,2448,3264,0,0,0,0,0,yes
train,419,AquaSurf-Malnad-223,images_fresh_malnad/malnad_0050.jpg,309e619b1698fee1094efb08e2ef8b6717d35959e64a0c9c91c545b8aef824fd,4434024,2448,3264,0,0,0,0,0,yes
train,420,AquaSurf-Malnad-223,images_fresh_malnad/malnad_0051.jpg,df65e44719773157443e8889343814aace72e14dd66f963c8ab32ab3e9ea6c8c,192584,960,1280,0,0,0,0,0,yes
train,421,AquaSurf-Malnad-223,images_fresh_malnad/malnad_0052.jpg,97eab434206810c411b287d36189bc35c9aeae13c0e8aa391f5b186895a6dccd,5720800,3264,2448,0,0,0,0,0,yes
train,422,AquaSurf-Malnad-223,images_fresh_malnad/malnad_0053.jpg,3524936e3d57d11d1c5d54445379183af4ea2469118bc31c902753a6f4358887,6965463,3264,2448,0,0,0,0,0,yes
train,424,AquaSurf-Malnad-223,images_fresh_malnad/malnad_0055.jpg,a70fa779997d5f65cbb5b01af37dafeb86e60d9008b8de1ba92ac1ea2e94ca3c,270624,960,1280,0,0,0,0,0,yes
train,426,AquaSurf-Malnad-223,images_fresh_malnad/malnad_0057.jpg,8360193bb36e368ffff7dc63db3ea037b91ab8563114f83132ee2a1921983793,286360,1280,720,0,0,0,0,0,yes
train,427,AquaSurf-Malnad-223,images_fresh_malnad/malnad_0058.jpg,541c71cd7d5569c9456dcf8a1ad2c6bbb58150bb537853963f35ac61fb6dfc05,114330,1280,960,0,0,0,0,0,yes
train,428,AquaSurf-Malnad-223,images_fresh_malnad/malnad_0059.jpg,7bb71851642d501704b5fb799d37a44636dd8ba0eadd0c0098c12098532a59e0,229315,960,1280,0,0,0,0,0,yes
train,429,AquaSurf-Malnad-223,images_fresh_malnad/malnad_0060.jpg,c5f14404837b91b3926bf3272f8fd07b55c75119bbd19b8308e8f616540f9ddb,322213,1280,960,0,0,0,0,0,yes
train,430,AquaSurf-Malnad-223,images_fresh_malnad/malnad_0061.jpg,b0eb40d2a783eccd65261eef8895057b21233a0d508eae04c4823fb01f203b47,88211,720,1280,0,0,0,0,0,yes
train,431,AquaSurf-Malnad-223,images_fresh_malnad/malnad_0062.jpg,e0459baaa4a906ee46d5c1da35386d819018e28763d1de6b576bd58ab5c6e29a,6843404,3264,2448,0,0,0,0,0,yes
train,433,AquaSurf-Malnad-223,images_fresh_malnad/malnad_0064.jpg,9eba9663a9292976de50026c787d8c2229f5f8fa33a30ad459ca37706347956a,5496610,3264,2448,6,6,0,0,0,yes
train,435,AquaSurf-Malnad-223,images_fresh_malnad/malnad_0066.jpg,2c4b294cde764c2b13296b07ff664450df338f58d4930158d8c1424a6d5530de,114565,1280,720,0,0,0,0,0,yes
train,436,AquaSurf-Malnad-223,images_fresh_malnad/malnad_0067.jpg,67ccce745ade090c530b9068acc4507b7f5c787cd423a7a1e27ee377236175da,3878828,2448,3264,0,0,0,0,0,yes
train,437,AquaSurf-Malnad-223,images_fresh_malnad/malnad_0068.jpg,ec559e221d408a0023a14904557ad451624c1ac7c6a1befaa380c8d26c2dca69,6114176,2448,3264,0,0,0,0,0,yes
train,439,AquaSurf-Malnad-223,images_fresh_malnad/malnad_0070.jpg,7de62e751cd9da9f3da353b550572effe57b15202ed9efcffeebe620b6fe329f,4160770,2448,3264,0,0,0,0,0,yes
train,440,AquaSurf-Malnad-223,images_fresh_malnad/malnad_0071.jpg,0667a020c8e3c485e6b699fba87e00c5a49e66ca7a11c95cfd2b390c726b25cb,103219,720,1280,0,0,0,0,0,yes
train,441,AquaSurf-Malnad-223,images_fresh_malnad/malnad_0072.jpg,4513a2b803ccbf782e334371806799cff63e2ec930657b3dfe58ca06d85ec982,216854,720,1280,0,0,0,0,0,yes
train,442,AquaSurf-Malnad-223,images_fresh_malnad/malnad_0073.jpg,e9ebbd95301c7656fdbb2ad775e6c8efbbc9e60b1488dfb9300e44f51e43effb,6099112,2448,3264,0,0,0,0,0,yes
train,444,AquaSurf-Malnad-223,images_fresh_malnad/malnad_0075.jpg,021002750ef9781d040c49cc15f76a07dc0fe93c469e909bb9c77557c820edd3,5863764,2448,3264,0,0,0,0,0,yes
train,445,AquaSurf-Malnad-223,images_fresh_malnad/malnad_0076.jpg,dd693a650c032e114c94015354346189329bf6387e00db25dffc88e2f5dbc2f4,6178838,3264,2448,0,0,0,0,0,yes
train,447,AquaSurf-Malnad-223,images_fresh_malnad/malnad_0078.jpg,b3b8abda6ce08d17324b8dbfc7dbbadedf1e87c2223265cc1c36deb2c0051309,3287362,3264,2448,2,2,0,0,0,yes
train,448,AquaSurf-Malnad-223,images_fresh_malnad/malnad_0079.jpg,7d2fe9131a89b6ef244de255533bbe86f934bbd8b1ebfc4d27431ee0162cc769,3420868,2448,3264,1,1,0,0,0,yes
train,453,AquaSurf-Malnad-223,images_fresh_malnad/malnad_0084.jpg,2b5a699d55a5b8be99174668412c68fb02b23da45de0d36159ef1a6dc40b5b3e,252592,1280,960,0,0,0,0,0,yes
train,454,AquaSurf-Malnad-223,images_fresh_malnad/malnad_0085.jpg,74c7b527acc0f4fb76d577003005ea2b2ad034590423877e661acd95947177c7,4157496,3264,2448,0,0,0,0,0,yes
train,455,AquaSurf-Malnad-223,images_fresh_malnad/malnad_0086.jpg,80fd0b5a0d8524ea355e1b4465a88bce2b4e1ea0822eb87d64e76a3cbe4bcb75,4593190,3264,2448,0,0,0,0,0,yes
train,456,AquaSurf-Malnad-223,images_fresh_malnad/malnad_0087.jpg,4d22269b35951bb4ec2f0a8c302eabbe43169ad2e8ecb6053470b65daf184dc5,5032293,2448,3264,2,2,0,0,0,yes
train,457,AquaSurf-Malnad-223,images_fresh_malnad/malnad_0088.jpg,d942dd13477e182dff65ab9fa0571f6c7fc1e3daec315de350131c69e3b7cabc,5914611,3264,2448,0,0,0,0,0,yes
train,458,AquaSurf-Malnad-223,images_fresh_malnad/malnad_0089.jpg,7dab4af6b7f44dbafbf6052d1d463ac36c5a8c2f65faa69a88be5eb8c68cae6a,215774,960,1280,0,0,0,0,0,yes
train,462,AquaSurf-Malnad-223,images_fresh_malnad/malnad_0093.jpg,b8db48f2b504860d758c5029e2bafe23db67bc53a595a7335b3e1bb312116cb3,4089666,3264,2448,6,6,0,0,0,yes
train,463,AquaSurf-Malnad-223,images_fresh_malnad/malnad_0094.jpg,387e66141b58e6234c150736bde7b3f67e65ec81835a276b0550a1262a2aaac1,193596,1280,960,0,0,0,0,0,yes
train,464,AquaSurf-Malnad-223,images_fresh_malnad/malnad_0095.jpg,f80c463b24df1ec72fcc543eadcb33abc9185e9b8b7d1c93b91ba4a3d1372eed,317003,960,1280,0,0,0,0,0,yes
train,465,AquaSurf-Malnad-223,images_fresh_malnad/malnad_0096.jpg,42f565f26299c0eaa2b60278232dcedbabdf2455b52c04a5332e6fbe33bb273f,622820,1280,960,0,0,0,0,0,yes
train,466,AquaSurf-Malnad-223,images_fresh_malnad/malnad_0097.jpg,4c37e49373fd75e1e708ee54b3b1ff1e5cfb8ad3a3299bd1645b694a2223006f,384642,960,1280,0,0,0,0,0,yes
train,467,AquaSurf-Malnad-223,images_fresh_malnad/malnad_0098.jpg,9166697540bcbdd3ba210736330846b8e0b61885ba869cc656de4571a1dfc105,4508367,3264,2448,0,0,0,0,0,yes
train,469,AquaSurf-Malnad-223,images_fresh_malnad/malnad_0100.jpg,67b5886e420c1e2a67d483bba99123217c7c7bb4f12582e1134c8b1775d51438,5853049,2448,3264,0,0,0,0,0,yes
train,470,AquaSurf-Malnad-223,images_fresh_malnad/malnad_0101.jpg,2c697825e7dc7280137d8b12b721f02b073b034a61993c812c46f972f34eee95,99654,960,1280,0,0,0,0,0,yes
train,471,AquaSurf-Malnad-223,images_fresh_malnad/malnad_0102.jpg,74a2f69af77afe5193a894f644104591f905e6bfc74123f91abdbf74802618f0,134886,720,1280,0,0,0,0,0,yes
train,473,AquaSurf-Malnad-223,images_fresh_malnad/malnad_0104.jpg,df34d29a6bb4b009fc4d53db0ab632334b3b8ecafb83b65f8c59e0fa8763cd14,3946982,3264,2448,0,0,0,0,0,yes
train,474,AquaSurf-Malnad-223,images_fresh_malnad/malnad_0105.jpg,8ba2185f443a9b878ed9d1e677d8f69b7c578571d451d1171b8e96d9ec738875,2567302,3264,2448,2,2,0,0,0,yes
train,476,AquaSurf-Malnad-223,images_fresh_malnad/malnad_0107.jpg,7ece29c06c2a6aa4e9c94a29db415767acde976269ae26a3cb6797c91a3bbfc1,547088,960,1280,0,0,0,0,0,yes
train,477,AquaSurf-Malnad-223,images_fresh_malnad/malnad_0108.jpg,904609c60fab4e341ec6342b7767e50e67b4631b053c84265e503e0e369510a0,3765377,3264,2448,0,0,0,0,0,yes
train,478,AquaSurf-Malnad-223,images_fresh_malnad/malnad_0109.jpg,52e0166ef1c0863ed4c035efe12d08908fd4c1b2e53c560be092c71ebf94ad4c,6321306,2448,3264,0,0,0,0,0,yes
train,479,AquaSurf-Malnad-223,images_fresh_malnad/malnad_0110.jpg,eaa9eae35d3b1a5c8bdce8ec9a344150c1c3ad27d5303b46cb30668f8841afd0,139673,1280,720,0,0,0,0,0,yes
train,483,AquaSurf-Malnad-223,images_fresh_malnad/malnad_0114.jpg,7786967dcedb40ac30e70bbd2fd6755344c4f90afa13c85af0671650567926ef,7158639,3264,2448,0,0,0,0,0,yes
train,485,AquaSurf-Malnad-223,images_fresh_malnad/malnad_0116.jpg,d5d59cd96fa0ed67ca01c761ec4d2be0464645daf918eb2a7dd02469f387bf39,380065,1280,960,0,0,0,0,0,yes
train,487,AquaSurf-Malnad-223,images_fresh_malnad/malnad_0118.jpg,8840afb3b20086e57283f36e528a312e51fe71f15e9f043f8ec94897d2cc3123,4025304,3264,2448,0,0,0,0,0,yes
train,488,AquaSurf-Malnad-223,images_fresh_malnad/malnad_0119.jpg,81ce2e223e934568a41a78e1de886fe8a4380edf312bc7f22b765e48c54a99fa,295861,960,1280,0,0,0,0,0,yes
train,490,AquaSurf-Malnad-223,images_fresh_malnad/malnad_0121.jpg,56fe537bba3437b82c6aed9ecd544136bc499c38046f03f7a947516a9e545c42,286516,1280,720,0,0,0,0,0,yes
train,494,AquaSurf-Malnad-223,images_fresh_malnad/malnad_0125.jpg,6e5b6edbab61a439c1b057bb24769d1cb9f90aa5ba3fa28a6ef2103ec380ae53,195768,1280,720,0,0,0,0,0,yes
train,496,AquaSurf-Malnad-223,images_fresh_malnad/malnad_0127.jpg,cb4734a6c48d4784b2feab5ab7d55bf4958a208a825951e84c24f77f49c528d0,88369,720,1280,0,0,0,0,0,yes
train,497,AquaSurf-Malnad-223,images_fresh_malnad/malnad_0128.jpg,1f3d967d2d90d34a1249d027d731491bb83de57ec3caac7786f7be9b5a499c65,3620642,3264,2448,3,3,0,0,0,yes
train,498,AquaSurf-Malnad-223,images_fresh_malnad/malnad_0129.jpg,6c9f9de91530ba681426ac06d5662ad593d260a4d95358f6de7d7944cf045c96,277414,1280,720,0,0,0,0,0,yes
train,499,AquaSurf-Malnad-223,images_fresh_malnad/malnad_0130.jpg,ed430002eef45133c05639107f2f7263a419a438fcc17e2ff3b6a449d19ea955,99143,720,1280,0,0,0,0,0,yes
train,500,AquaSurf-Malnad-223,images_fresh_malnad/malnad_0131.jpg,43504112fa4293d9d0f28d29b8ce9f85364b8ceaeba3e535ca1671006296a311,6496424,3264,2448,0,0,0,0,0,yes
train,501,AquaSurf-Malnad-223,images_fresh_malnad/malnad_0132.jpg,927342f36a85fc34f464a71a648b048f6af5568aafac8580b0ccbeb4f427d806,4441669,2448,3264,10,8,2,0,0,yes
train,503,AquaSurf-Malnad-223,images_fresh_malnad/malnad_0134.jpg,d8a37682ca5f69882aafaf65d68563dfaebfee88a4089bb4455a34633c458ea0,3166544,2448,3264,0,0,0,0,0,yes
train,504,AquaSurf-Malnad-223,images_fresh_malnad/malnad_0135.jpg,7eddc00550e2983dd7f64563b3a03c65bf964ad015207026e88b1bd7b610f355,7040877,3264,2448,0,0,0,0,0,yes
train,505,AquaSurf-Malnad-223,images_fresh_malnad/malnad_0136.jpg,ab47cf9f1f2473dd4a9f43f13bc569be5292f18262974c15bcda02c728a8f171,6682690,3264,2448,0,0,0,0,0,yes
train,506,AquaSurf-Malnad-223,images_fresh_malnad/malnad_0137.jpg,c2b1a8853684f38e2872c80155390e3e3afab9edaf65e0b1234f14d53387cd7f,344940,960,1280,0,0,0,0,0,yes
train,507,AquaSurf-Malnad-223,images_fresh_malnad/malnad_0138.jpg,49739ea8a436ac7ba2be986b5c93dda096205b85c853b2a805060e2355bf848d,5987140,3264,2448,0,0,0,0,0,yes
train,508,AquaSurf-Malnad-223,images_fresh_malnad/malnad_0139.jpg,3b5020a8cbbf36576ba1f45a0a78a713c38120ab9fd5a04cc7e7690a3c5a680f,543175,1080,1440,0,0,0,0,0,yes
train,509,AquaSurf-Malnad-223,images_fresh_malnad/malnad_0140.jpg,14cf2555a61bbfa9666311e947c66ee75469d196cf4112155dec618e8674d30d,4674879,3264,2448,0,0,0,0,0,yes
train,510,AquaSurf-Malnad-223,images_fresh_malnad/malnad_0141.jpg,d5dc91007bba3bbb44a7925aa91ba7f10523f1e6675276506fc574161adc3ded,5694504,3264,2448,0,0,0,0,0,yes
train,512,AquaSurf-Malnad-223,images_fresh_malnad/malnad_0143.jpg,9b338a1cd2063be25038695fe2a27b8150fe0ea2445a9e6042be44a68a36a010,5869839,2448,3264,0,0,0,0,0,yes
train,513,AquaSurf-Malnad-223,images_fresh_malnad/malnad_0144.jpg,d13704d2d8df57af6d71931285d196761d2ddebcc6bc00f500bc6fd9c5d66a1f,4320161,3264,2448,0,0,0,0,0,yes
train,515,AquaSurf-Malnad-223,images_fresh_malnad/malnad_0146.jpg,d17c0f77be68419351b25d82b015de313a7bebbaa488bee125d24afe8ee4852c,4459941,2448,3264,0,0,0,0,0,yes
train,516,AquaSurf-Malnad-223,images_fresh_malnad/malnad_0147.jpg,d55d6843a86f22319ed88db24335b1ce28fc247cf1372965fe86c189a1063373,4444042,2448,3264,0,0,0,0,0,yes
train,517,AquaSurf-Malnad-223,images_fresh_malnad/malnad_0148.jpg,79f75c8236a0d80fa1b3f4e6472c07c7b1673cd3a1b15d8b22315493532ead16,6915088,3264,2448,0,0,0,0,0,yes
train,518,AquaSurf-Malnad-223,images_fresh_malnad/malnad_0149.jpg,beed2c9cf9f1cebef003f318ac2892efd3aa1c2bdab24e3b8b1e1065610a7591,367296,960,1280,0,0,0,0,0,yes
train,519,AquaSurf-Malnad-223,images_fresh_malnad/malnad_0150.jpg,953449c362c9d0700d2c654e66ab0b666c96dc3c610757cd5017b94653c3c1df,3469132,3264,2448,2,2,0,0,0,yes
train,520,AquaSurf-Malnad-223,images_fresh_malnad/malnad_0151.jpg,217c42f8feab352126e84b82066baa9afd511b78ef3242e209e72f3a8c57105b,7069577,3264,2448,0,0,0,0,0,yes
train,521,AquaSurf-Malnad-223,images_fresh_malnad/malnad_0152.jpg,40ba2fbf22b7d5f27e8b7430062b16369e22b860faf1f13a1ec3319a2d471958,286844,960,1280,0,0,0,0,0,yes
train,522,AquaSurf-Malnad-223,images_fresh_malnad/malnad_0153.jpg,9f1af69862b677f8212415589d19a98658df1cf2b09286e39a9b09f997f629f0,4559274,3264,2448,0,0,0,0,0,yes
train,524,AquaSurf-Malnad-223,images_fresh_malnad/malnad_0155.jpg,dca50b8ecf396f2adb7ef14a02cc45c85dd708238def4503b22d315f63805c34,6085840,3264,2448,0,0,0,0,0,yes
train,528,AquaSurf-Malnad-223,images_fresh_malnad/malnad_0159.jpg,6f84e2e8b1f15d65a0e55bd25570263e0601055739bb2e373b194df46cb42e5b,291299,1280,960,0,0,0,0,0,yes
train,529,AquaSurf-Malnad-223,images_fresh_malnad/malnad_0160.jpg,314031be94bac32f6f943c214cbe274752950640c0d3bc703a991b88c8b48f43,3474196,3264,2448,0,0,0,0,0,yes
train,530,AquaSurf-Malnad-223,images_fresh_malnad/malnad_0161.jpg,c4d364b98ab2495d1c913d6e37e163709277a7f16594f26e7803d513314dea05,6918895,2448,3264,0,0,0,0,0,yes
train,531,AquaSurf-Malnad-223,images_fresh_malnad/malnad_0162.jpg,c4e0c63f6b9b87c5d07ae5c24da03d838c4c8cbb8c30068e2c880d4fd3d16cc9,544686,1280,960,0,0,0,0,0,yes
train,532,AquaSurf-Malnad-223,images_fresh_malnad/malnad_0163.jpg,cd3443dc187988ae5870f92382914ef1218f8c24be232d58644baf7f028da427,99719,960,1280,0,0,0,0,0,yes
train,533,AquaSurf-Malnad-223,images_fresh_malnad/malnad_0164.jpg,743405d7077156a63df0476ece2fae5f8edfd142d1ae7930107c83a91ec6c3c7,4101020,3264,2448,6,5,1,0,0,yes
train,534,AquaSurf-Malnad-223,images_fresh_malnad/malnad_0165.jpg,4314f4e714b1a13e813e0bb47998266d4742a96bdc988ce938151ce7db8cd3a7,4922941,2448,3264,2,2,0,0,0,yes
train,535,AquaSurf-Malnad-223,images_fresh_malnad/malnad_0166.jpg,4b97b77eb920d261853d0e14cf4f102a42fefa5e27d313ba24fe92308a87b96d,119216,1280,960,0,0,0,0,0,yes
train,537,AquaSurf-Malnad-223,images_fresh_malnad/malnad_0168.jpg,ca2ce8f163fe5b05b9e248d3c8e60029932450979954068629095b15b43293a9,5259609,3264,2448,0,0,0,0,0,yes
train,538,AquaSurf-Malnad-223,images_fresh_malnad/malnad_0169.jpg,c1c2d545f0ce52971ae25c93ae9f0d43cadd342fcc5eb45982d06ab4140f3b9c,3514871,3264,2448,0,0,0,0,0,yes
train,539,AquaSurf-Malnad-223,images_fresh_malnad/malnad_0170.jpg,49a4de76424a515864dceec1f926fba0e79f4acd3fd24dd9066e93585a51b45a,217395,1280,720,0,0,0,0,0,yes
train,540,AquaSurf-Malnad-223,images_fresh_malnad/malnad_0171.jpg,607b32ec0a85fb3a6b648db377e57fee665191c508473bf6b7a6022d47a97000,6562746,3264,2448,0,0,0,0,0,yes
train,541,AquaSurf-Malnad-223,images_fresh_malnad/malnad_0172.jpg,c07af1ff9d8a64b1b5c3e7abff6086df561258ef1b7cbd4a6e625f077b3da9f7,1433389,1080,1440,0,0,0,0,0,yes
train,542,AquaSurf-Malnad-223,images_fresh_malnad/malnad_0173.jpg,0f22594d646fcf70a2916540f3e0c017a4b6dd2c9ccad392af9121c092f4688a,204022,960,1280,0,0,0,0,0,yes
train,543,AquaSurf-Malnad-223,images_fresh_malnad/malnad_0174.jpg,846b396a0527605c34beb5031a243b6d37ac93ee0dde9ed97d341f1e8c839d44,137434,720,1280,0,0,0,0,0,yes
train,546,AquaSurf-Malnad-223,images_fresh_malnad/malnad_0177.jpg,4e209c8636f26f20c7329591d5833ac75b24eec0fb28e3b2bdc428525a099810,5217368,2448,3264,1,1,0,0,0,yes
train,547,AquaSurf-Malnad-223,images_fresh_malnad/malnad_0178.jpg,d1ce6b1e2cb968a8fe8a985508bad5568672d54d45e38b55355bbc99e9d977be,295733,960,1280,0,0,0,0,0,yes
train,549,AquaSurf-Malnad-223,images_fresh_malnad/malnad_0180.jpg,4ac55f4775a8af4f8b71029d932b9842e79252efe6b9e6cac99c28b45c249c4a,383424,960,1280,0,0,0,0,0,yes
train,550,AquaSurf-Malnad-223,images_fresh_malnad/malnad_0181.jpg,625d86a448c01019eb767aee533dfd526acba444cd958a0030173299b5bf2fec,6772294,3264,2448,0,0,0,0,0,yes
train,552,AquaSurf-Malnad-223,images_fresh_malnad/malnad_0183.jpg,8dc184a307018bebf2930c7102e22d23743e69ae8587805eb23f3be1b5ff61e0,4747702,3264,2448,0,0,0,0,0,yes
train,553,AquaSurf-Malnad-223,images_fresh_malnad/malnad_0184.jpg,bd8fcc6165d7324a6201945cd0ed9c31f8cf5e758e8bd01c6a90b3446db504c3,212252,1280,960,0,0,0,0,0,yes
train,554,AquaSurf-Malnad-223,images_fresh_malnad/malnad_0185.jpg,17c4dd87e06a8102609f0c4537355d4e05527b186ffd5b6c37117bbbb6b5c8b9,364679,960,1280,0,0,0,0,0,yes
train,555,AquaSurf-Malnad-223,images_fresh_malnad/malnad_0186.jpg,440eace20b0f510dc90a12a534c7e0ebac1ddd3c9aa903dc71c8436ca4114b3a,4242297,3264,2448,0,0,0,0,0,yes
train,556,AquaSurf-Malnad-223,images_fresh_malnad/malnad_0187.jpg,a956fb23badb07d2892e257a12948018bcdd8c4c2cc5f1d935e99c41d7b16afe,408980,960,1280,0,0,0,0,0,yes
train,557,AquaSurf-Malnad-223,images_fresh_malnad/malnad_0188.jpg,7589480cd682525816efa67d8682c4e4b53ad5808ea721a4221e295f125e17c0,3566777,3264,2448,0,0,0,0,0,yes
train,559,AquaSurf-Malnad-223,images_fresh_malnad/malnad_0190.jpg,de7404d75bd32f78cd8c3be7e651760d1e4e65871f63eb16e3e8356c0be00c5b,3889040,2448,3264,0,0,0,0,0,yes
train,561,AquaSurf-Malnad-223,images_fresh_malnad/malnad_0192.jpg,d2d87d80755ef4803b8e9a67f587b4c7db8c1150876b8ea795baa13e00f7ba76,7274103,3264,2448,0,0,0,0,0,yes
train,562,AquaSurf-Malnad-223,images_fresh_malnad/malnad_0193.jpg,5a43a1d2c546ddf3459cbd27f954502a9dcdfbb5c2b61616778fa53e72cc70fb,7161130,3264,2448,0,0,0,0,0,yes
train,563,AquaSurf-Malnad-223,images_fresh_malnad/malnad_0194.jpg,686a996f38b74e72ea27a8261d054727db17842317734995736c32aab0a41774,3902330,2448,3264,0,0,0,0,0,yes
train,564,AquaSurf-Malnad-223,images_fresh_malnad/malnad_0195.jpg,0ff358dcf085f2523bc8f315f46c33fc3823423deaec49ca93dcd80e34a9731a,6329868,3264,2448,0,0,0,0,0,yes
train,567,AquaSurf-Malnad-223,images_fresh_malnad/malnad_0198.jpg,dce75f19e9d6edcaad10f029af364ecb3f1239cf7e5707ef323909a573f8f4cb,3982061,2448,3264,4,2,2,0,0,yes
train,568,AquaSurf-Malnad-223,images_fresh_malnad/malnad_0199.jpg,c2bec7eca55c7420f36ad8fa9d937ede62bccb33e8da1680bc6b97dd4c5d162f,224605,1280,720,0,0,0,0,0,yes
train,569,AquaSurf-Malnad-223,images_fresh_malnad/malnad_0200.jpg,906e045af9634dc801a1c25f145c20191de59f67fa6ee4f9eb413db9c664956d,5273128,3264,2448,0,0,0,0,0,yes
train,570,AquaSurf-Malnad-223,images_fresh_malnad/malnad_0201.jpg,043277c2606ca36912b79c87b226e2466652358cbd092ec58552a24f2513ecff,4627211,3264,2448,0,0,0,0,0,yes
train,571,AquaSurf-Malnad-223,images_fresh_malnad/malnad_0202.jpg,1d42c8d3e92114cecd72ec3110c7fd863cd65418a8d45c60470b58e4471068c7,6703653,2448,3264,0,0,0,0,0,yes
train,572,AquaSurf-Malnad-223,images_fresh_malnad/malnad_0203.jpg,67e796e88ea9fee8818b0f9eab9d9fa09cc35c5d26e6622115596ae960bba661,4548580,2448,3264,0,0,0,0,0,yes
train,573,AquaSurf-Malnad-223,images_fresh_malnad/malnad_0204.jpg,cfafb70d3bf7f92de0ad35c4a16f4f0099526f7f3f72d35b8f38b233e8b48f08,4530120,2448,3264,0,0,0,0,0,yes
train,574,AquaSurf-Malnad-223,images_fresh_malnad/malnad_0205.jpg,85d6c5eef7cebbc61ed4431e359ac6455a852336736afbb1b109b44d3ebaa76a,336088,1280,960,0,0,0,0,0,yes
train,575,AquaSurf-Malnad-223,images_fresh_malnad/malnad_0206.jpg,aaceb503b7a22bb8a3caaa86533a463363e63027c1748007d16b8236b02c1bb6,6386219,3264,2448,0,0,0,0,0,yes
train,577,AquaSurf-Malnad-223,images_fresh_malnad/malnad_0208.jpg,d13f078f680255b36d72b1033d69b6b9613be7ac8b4e647aaac3c24a90489b49,6133407,3264,2448,0,0,0,0,0,yes
train,579,AquaSurf-Malnad-223,images_fresh_malnad/malnad_0210.jpg,cc367d21eb9446140331926b9fef72662cdae82dc2103f7c942e36e299a6db35,717543,1280,960,0,0,0,0,0,yes
train,582,AquaSurf-Malnad-223,images_fresh_malnad/malnad_0213.jpg,089cea18f4ecb72ab18df35ba42ea095b795271b5b3ea070c98739df4d65d375,4560152,2448,3264,0,0,0,0,0,yes
train,583,AquaSurf-Malnad-223,images_fresh_malnad/malnad_0214.jpg,bb02661c5849caffe137d9aa65f0a165ee3042cada84c2033b901852e214d6a1,4482092,3264,2448,6,5,0,0,1,yes
train,589,AquaSurf-Malnad-223,images_fresh_malnad/malnad_0220.jpg,f5dcc260c67368a5779b4d2b4ead027b64409b716424a0016b4e45e5f2439da7,140792,960,1280,0,0,0,0,0,yes
train,592,AquaSurf-Malnad-223,images_fresh_malnad/malnad_0223.jpg,528be9e5ddc5a3c338853ad02e367487cc61be353c72d80b97cc707ff101ef94,408851,1280,960,0,0,0,0,0,yes
train,594,FloW-Img,training/images/000002.jpg,eb6faaaaaf51948da595b50ea27d14184586f543c5ba887659f1c90ef4cd1452,307899,1280,640,1,1,0,0,0,yes
train,596,FloW-Img,training/images/000004.jpg,d2099a5bfbf6ba7a3bd55ccd95cecbd619061b7cc532110e45cbf669fcb8d6ce,386352,1280,720,4,4,0,0,0,yes
train,597,FloW-Img,training/images/000005.jpg,dd6cb180d35350e3568149a7af30c3f3753ab1bd2a608fb442a48e5e5b280bc4,396738,1280,720,3,3,0,0,0,yes
train,599,FloW-Img,training/images/000007.jpg,79e8ec98a832ed38675231314ff72c8743565b28e6290e72ce253e6c31c4c245,325223,1280,720,9,9,0,0,0,yes
train,600,FloW-Img,training/images/000008.jpg,5ef82870a0e0273b5cf64e50957c64b7c87b96db5caaf2f1cf93505ac5c84f5d,475296,1280,720,3,3,0,0,0,yes
train,601,FloW-Img,training/images/000009.jpg,467e4161ea2f1bc2abcf7290a421798718c400ac798ed78a90314f6de6763b49,284667,1280,640,2,2,0,0,0,yes
train,602,FloW-Img,training/images/000010.jpg,b20f57b21cc8c7e4b5f4f6acf47196031c88b8897308e25707cdf30c379f5bbf,264291,1280,640,2,2,0,0,0,yes
train,603,FloW-Img,training/images/000011.jpg,752e875eb7f869f7928e0307ae0e0a6eb28b3191cbbfd22b15f9e030890af2ec,357765,1280,640,5,5,0,0,0,yes
train,605,FloW-Img,training/images/000013.jpg,8c50fab9f0d741772a6c8943ec1ef077b2c1c1c210dc67e6d05fb9d44f9f4775,322516,1280,640,3,3,0,0,0,yes
train,606,FloW-Img,training/images/000014.jpg,8b0892dab2df5c5b802ceaadbd121e34bea637bc28234b2e357fe0a719a0d58d,325356,1280,720,7,7,0,0,0,yes
train,607,FloW-Img,training/images/000015.jpg,86a331a1382b62233204721034e4a2a1240cae14a4ccd2747330588ef15ec86f,443966,1280,720,3,3,0,0,0,yes
train,609,FloW-Img,training/images/000017.jpg,1f7e7147a42706423fad712c47ff3622c5a89428e39f83414f82bfca879e128a,346701,1280,640,6,6,0,0,0,yes
train,611,FloW-Img,training/images/000019.jpg,79dc16b986980a2e6e21ce4af2396ef28c99c75f3901cac9d5faf903cd9e3387,239162,1280,720,1,1,0,0,0,yes
train,612,FloW-Img,training/images/000020.jpg,1dea16f88f09fb4776efc0f277b1fe2bfbd1a8dc959f9a3e9cd15da38dd41922,361297,1280,720,3,3,0,0,0,yes
train,614,FloW-Img,training/images/000022.jpg,88b5e4d783df8e5a7edd0134cbc9ed61228eb6517abf7d8d008d2e71d7a5be3b,386303,1280,720,2,2,0,0,0,yes
train,616,FloW-Img,training/images/000024.jpg,991de7cfe5cc7c010a724e6a747f279f26f27b0c79e224826b684a455806685a,212125,1280,720,3,3,0,0,0,yes
train,617,FloW-Img,training/images/000025.jpg,0616b60ecf7b265ca07fde752f2ce4afc7de6c23b107a7cc2d7f05bc9e99c5c3,299238,1280,720,1,1,0,0,0,yes
train,618,FloW-Img,training/images/000026.jpg,e5dfcb423c96cd8300c2dbfe76ffae8aab22ba675e8165554625931dfaf93761,330745,1280,720,2,2,0,0,0,yes
train,622,FloW-Img,training/images/000030.jpg,46e4600a4330d3c794712f8c9751c8ae9ccf52c9f92c5d5b408153a9e06632fb,365810,1280,720,2,2,0,0,0,yes
train,623,FloW-Img,training/images/000031.jpg,2bd4d18581bc8327193b2966443b57a1e031a9b8675b0c3ec11571e64c990628,235979,1280,720,3,3,0,0,0,yes
train,628,FloW-Img,training/images/000036.jpg,d11c0bcfc108db43beaeb681e11c9a39735f7639db1315f7421189cd3a6207df,317482,1280,720,2,2,0,0,0,yes
train,630,FloW-Img,training/images/000038.jpg,19acbc06470bcf12163f13ef4ba8c942930a0af4f17f8975ddc70f6fefabb444,219432,1280,720,3,3,0,0,0,yes
train,631,FloW-Img,training/images/000039.jpg,5ebcc3471a3e964e91074d3eea1a467a0c43c651bc3c5f166b2f8b68b95b056a,405861,1280,640,2,2,0,0,0,yes
train,632,FloW-Img,training/images/000040.jpg,e0db1bd7bac75b088a4e78472eea4b8554da293607d39b715e2fcbeff414ed55,346688,1280,720,9,9,0,0,0,yes
train,634,FloW-Img,training/images/000042.jpg,efe5a0edcd14ee7fc3458d19f81c10f31e197fa189405504250fb7a773376ad1,315335,1280,720,5,5,0,0,0,yes
train,635,FloW-Img,training/images/000043.jpg,eb53d5567011af0d181b45791b094e81c3f17053e3d79e37d55cb49ebeadc9bd,270683,1280,640,1,1,0,0,0,yes
train,637,FloW-Img,training/images/000045.jpg,d7b120478ae9c8b75fa1c62a65ba7e9f4c406954a3340477246e41e8fc71fc82,192777,1280,640,2,2,0,0,0,yes
train,639,FloW-Img,training/images/000047.jpg,714a50db938f31462110fd03e5d509aa346a8a02c6787d4ca472bc716e7c9a08,334105,1280,720,1,1,0,0,0,yes
train,640,FloW-Img,training/images/000048.jpg,cbfbb5195e45184a88146f58f2b90ec876b34ce53bab038adc90199e4456dc24,319456,1280,720,2,2,0,0,0,yes
train,642,FloW-Img,training/images/000050.jpg,0d60ded958383fdcd236481ed29c35d053d7b97251012da69d530837b3436aa7,185575,1280,720,5,5,0,0,0,yes
train,643,FloW-Img,training/images/000051.jpg,784fdf639a3b60ccefd7b3574445518ee1bbbc50f1d734e437c7298c710d6b1e,392367,1280,720,2,2,0,0,0,yes
train,644,FloW-Img,training/images/000052.jpg,9b51d21296b99b92ac650ed987d25b2cb6f92379463b0d2d405a7e6d7bae3dea,299155,1280,640,1,1,0,0,0,yes
train,647,FloW-Img,training/images/000055.jpg,145c4a55a011734e1f7ba4f0ddd1289ecb17ca419b701364ed4eac4f23d21ef7,400102,1280,640,1,1,0,0,0,yes
train,649,FloW-Img,training/images/000057.jpg,c29e21b780ee79303daaa3404207aad1604678221365d40edd0edceb9de3ba08,305770,1280,720,1,1,0,0,0,yes
train,650,FloW-Img,training/images/000058.jpg,92c6276d2aed99a6e8016031dabcc7d65c8fd5f22ea3de8a198bc254a85ba8c0,256169,1280,640,1,1,0,0,0,yes
train,651,FloW-Img,training/images/000059.jpg,ff84f9b38dda168e98c5ea929d4a7829cca614fe184a7b0a278fffce51ddedbc,300099,1280,640,2,2,0,0,0,yes
train,652,FloW-Img,training/images/000060.jpg,d21d25dfd1aa261a5cfb7ecb1e0526c73c20f62f8de34c4c12b09361888b4f87,320884,1280,720,6,6,0,0,0,yes
train,653,FloW-Img,training/images/000061.jpg,b998adbd1871abe9d189f40883e5e991aa1424d6a2e00411cdb6247fab7ea6b5,483802,1280,720,1,1,0,0,0,yes
train,656,FloW-Img,training/images/000064.jpg,90802a868ab8e511b1b4a0c396d0c823c67e300bf842afde60280de2e1e50e2c,294041,1280,720,1,1,0,0,0,yes
train,657,FloW-Img,training/images/000065.jpg,34b063c99bdf1204e860d2cd33d0e656331f5fa834c390967a38e047c8f75f04,479978,1280,720,11,11,0,0,0,yes
train,658,FloW-Img,training/images/000066.jpg,15ee4e8f14b58e76e50a78b093484bd8818691ff7ec497e8289902ffa4a43259,342888,1280,640,3,3,0,0,0,yes
train,660,FloW-Img,training/images/000068.jpg,7fe5f97662b04b8fc0e862332afcfc8a62d318b3ed3e4cf3a580d18245752199,342107,1280,640,1,1,0,0,0,yes
train,663,FloW-Img,training/images/000071.jpg,86e101a82bc112eba8e52f5d2619d8bacdadafc0972032297f7c3edeb2bcb273,327126,1280,720,3,3,0,0,0,yes
train,665,FloW-Img,training/images/000073.jpg,9f989130dcdb4c8422c04681957394171a3821dbd8ff4a8a9c1d7140019932ae,389029,1280,640,4,4,0,0,0,yes
train,666,FloW-Img,training/images/000074.jpg,a837643d307fe70f7e527c8d6c6a660f72fa1c5666e110f0bfa1b7904d6f1c15,298480,1280,720,7,7,0,0,0,yes
train,669,FloW-Img,training/images/000077.jpg,48722bff15db10c3f4157b271a389e7a2ba53d383f9ad939b09e15c49b8c5f1e,386347,1280,720,1,1,0,0,0,yes
train,671,FloW-Img,training/images/000079.jpg,f9af7fc3c7aa010e41269d6f84bcf10cb97078213467963c577dd6ab1e6ac8c3,308772,1280,640,2,2,0,0,0,yes
train,673,FloW-Img,training/images/000081.jpg,bfe4b8f6af82f8b5e6f011854b0e7599cfe6c18205777bc1fc6dc1c0c1b7b716,322202,1280,720,3,3,0,0,0,yes
train,674,FloW-Img,training/images/000082.jpg,abc8015702ee0e6343aa16cc64766687e2491bff53cdb6b7c05a64156f465bfa,305432,1280,640,2,2,0,0,0,yes
train,676,FloW-Img,training/images/000084.jpg,63ba0e9a6ead60e8466b3684599fb29ce707244d5df4b0d5f0b93714bcb96455,305640,1280,720,4,4,0,0,0,yes
train,678,FloW-Img,training/images/000086.jpg,208a409a8d9bb86e323a9534348a795483f7b2de47f3ab9f686240c4ab958f99,194066,1280,720,1,1,0,0,0,yes
train,679,FloW-Img,training/images/000087.jpg,85456dedc9163dbeae15779c23a8cfd103cbbc0d355f4cea2c8e3b5071e4dc91,339111,1280,720,8,8,0,0,0,yes
train,680,FloW-Img,training/images/000088.jpg,0865674fcd23401194a8854e844a71e3b6087ec94568d10becce44950f550450,312177,1280,720,2,2,0,0,0,yes
train,681,FloW-Img,training/images/000089.jpg,58f07a956906dee485b3d08d94b8a918959c3c23d9eb44ea17d5ec4930afbc00,337657,1280,720,6,6,0,0,0,yes
train,682,FloW-Img,training/images/000090.jpg,0bd04dfd069b187246187bf67be4e36ff1732370d2d30dc460274cfef64bda09,514803,1280,720,2,2,0,0,0,yes
train,683,FloW-Img,training/images/000091.jpg,dac6b50dcf8c9ed987d657309751065c4ffe1c71b18cfce278e764320cdc74bb,434223,1280,720,1,1,0,0,0,yes
train,685,FloW-Img,training/images/000093.jpg,a0ca2ccd8a01a47c345fcf950725721e499bee0c79bf2cca94cf25df57173e40,217089,1280,720,2,2,0,0,0,yes
train,686,FloW-Img,training/images/000094.jpg,bd6fc9865682af3a8a0d54367c7fe66acddb573288e70721059de1dcb78cd964,337672,1280,720,8,8,0,0,0,yes
train,687,FloW-Img,training/images/000095.jpg,5bff0639dd437b989d7fe2fc72bc2b68b91712d236ff07da54e9d9263aba3d30,287834,1280,720,4,4,0,0,0,yes
train,688,FloW-Img,training/images/000096.jpg,5af9485d9751cd664f3e905365d2704e9059098869c970c5d2dfd3ff253df304,280638,1280,720,2,2,0,0,0,yes
train,689,FloW-Img,training/images/000097.jpg,c53dd08a031809ef5f4834a9d1e63102e997fc43aebb15e4543ab0cf9451dc04,364850,1280,720,2,2,0,0,0,yes
train,693,FloW-Img,training/images/000101.jpg,f9bc7f0c95f285bdad86a8e052abdca140dea6906b2d238bfa18fa771397712d,315513,1280,720,6,6,0,0,0,yes
train,695,FloW-Img,training/images/000103.jpg,d6d67139d4b07f1c302fcf2ea83adc4ab5a17dbcb2097722eb251f7743045f05,485402,1280,720,1,1,0,0,0,yes
train,697,FloW-Img,training/images/000105.jpg,dbcb437a271a0f7f9f1c686161993d62f5ae265af9f65b56c9175a0f948b98bd,485587,1280,720,1,1,0,0,0,yes
train,698,FloW-Img,training/images/000106.jpg,0d37cdd930e1d55677368d06c54bcb598af72eea3d327393dae0ccd23419d5c2,340455,1280,720,1,1,0,0,0,yes
train,699,FloW-Img,training/images/000107.jpg,dcf87136c76c8c917491eb5204910e840e0db8dcb1a97010b5077536ce46c770,360260,1280,720,4,4,0,0,0,yes
train,700,FloW-Img,training/images/000108.jpg,3e8e928126ee957f84f43f5dba2d8a5356a14ad8b0076b03c7e3cbbe390c2ad9,370665,1280,720,2,2,0,0,0,yes
train,703,FloW-Img,training/images/000111.jpg,0c18501a915fd55d006e21fc280c780dd8c80e0da09b57812c5901f00a0eb8ae,414800,1280,720,1,1,0,0,0,yes
train,704,FloW-Img,training/images/000112.jpg,bd2358ada1f9a75af0f0e5d325c057bf4fb91d141736cd9723e634f0e29ebc0a,362517,1280,720,2,2,0,0,0,yes
train,706,FloW-Img,training/images/000114.jpg,0c24316b9c15cb4ae53df712dfcc8d1744016f80b25c7c9dd34dab7449648593,486301,1280,720,1,1,0,0,0,yes
train,707,FloW-Img,training/images/000115.jpg,2a71b32b5701e99ddd54597d17558f4b2ca8e68daa76689065be23aa68f88ed1,379547,1280,720,2,2,0,0,0,yes
train,708,FloW-Img,training/images/000116.jpg,950980e1d0ee21e37137b751a5e2d5447a1d0ad2d36ca087a2bfa106749c47e7,386351,1280,720,5,5,0,0,0,yes
train,709,FloW-Img,training/images/000117.jpg,77d72f70b7ffe6011419ca6cc0ff46986ddfc069a19e6f13114dc1883369dd76,370837,1280,640,1,1,0,0,0,yes
train,710,FloW-Img,training/images/000118.jpg,c10077f3eefa8be59cec96ebcfae16059897b32905bb504fdc03bd651ce08952,489657,1280,640,1,1,0,0,0,yes
train,711,FloW-Img,training/images/000119.jpg,a4d89168cb7589063e018ef8a066b84ba4f833d5933b79954b5602d8f4365c9d,255033,1280,640,1,1,0,0,0,yes
train,712,FloW-Img,training/images/000120.jpg,a8e194bade8562ed93790c7be3c961cdca6386b34d360150cf836a45ec102abc,309811,1280,640,2,2,0,0,0,yes
train,713,FloW-Img,training/images/000121.jpg,4604270a4e25b642c4b358b236b78a177aaedba08c3ab7e2cea0a08672407177,398767,1280,720,5,5,0,0,0,yes
train,714,FloW-Img,training/images/000122.jpg,51cbf271b9390e623e1602218f3165602fa6cbddaa633b8bc0e0cfa1463cc370,467892,1280,720,3,3,0,0,0,yes
train,717,FloW-Img,training/images/000125.jpg,351732cc4ef1c002a7669674955c3f5f167bdc55f577d10ba523a439628a2f0a,191610,1280,720,5,5,0,0,0,yes
train,720,FloW-Img,training/images/000128.jpg,cc3bd53fede81dad5179dc2b206c2a1f4e11b859c7df63ef31e72873d9be3699,398608,1280,640,2,2,0,0,0,yes
train,721,FloW-Img,training/images/000129.jpg,1711f053e4ca816d5de55d2c022e23b341dff1d9ea8ff85591cf8d747fe075f9,398478,1280,720,1,1,0,0,0,yes
train,723,FloW-Img,training/images/000131.jpg,490058f13dae3f34edca04a453a14d01a2d778af83cd6a8b0e1019b0a1577659,379760,1280,720,9,9,0,0,0,yes
train,724,FloW-Img,training/images/000132.jpg,349446de0427d9a589464fa674eaacbb957a3366eeee1c5c15761c076a22d3f5,372280,1280,720,2,2,0,0,0,yes
train,727,FloW-Img,training/images/000135.jpg,dddd80620f1e86fb4c23d1c7911da4499a514485c6fac3fca18a0d43c0cef7bf,330906,1280,720,1,1,0,0,0,yes
train,728,FloW-Img,training/images/000136.jpg,2fdc928563935b28dd6f660886c09b17167f3a9051f865a6abb856e82be8fbca,341762,1280,720,1,1,0,0,0,yes
train,729,FloW-Img,training/images/000137.jpg,8c9c71d57702c3df235e27818f21c629c40b9097b55d2955b285e714bedd3784,218459,1280,720,2,2,0,0,0,yes
train,730,FloW-Img,training/images/000138.jpg,c6cc0ffe0e1fe2be14dc06614d31b8b16b936ea731e2364ff610bcf954bb6ce9,256462,1280,720,1,1,0,0,0,yes
train,731,FloW-Img,training/images/000139.jpg,ba373b50e7010f762cb431c46e83d5cdeaaf9fede07ffad01ee7a60f153c087d,304847,1280,720,2,2,0,0,0,yes
train,732,FloW-Img,training/images/000140.jpg,d30ae93f776732496a3007f4a214ec70b0266aaf54fb2911127ff248b0027a03,224383,1280,640,6,6,0,0,0,yes
train,733,FloW-Img,training/images/000141.jpg,fe25cb504dc2e45ed6c3dd31f8eefcf6a4a25dc5293c1a7af185d870d76fb9c1,379185,1280,640,4,4,0,0,0,yes
train,734,FloW-Img,training/images/000142.jpg,e3924337057546a120d89ef6e6af31fc9e6570c1b5d487c605782191f033c6b0,192531,1280,640,3,3,0,0,0,yes
train,737,FloW-Img,training/images/000145.jpg,050181ee79aeca99757501bf8d5d1d5b67f0da7f8752598b299f374ea4d8f44d,222681,1280,720,2,2,0,0,0,yes
train,738,FloW-Img,training/images/000146.jpg,8dcb4a153ce798d13751c19ea66e2c22267b0c98a89d11851f2018e64a1556b6,313769,1280,720,1,1,0,0,0,yes
train,739,FloW-Img,training/images/000147.jpg,acc1e499b46283d6a258f87948d0486a9474e561435bae359c170ded81b715c0,403180,1280,640,1,1,0,0,0,yes
train,741,FloW-Img,training/images/000149.jpg,e75283a24ba00eb307ba1667ccb742fbea5b4b931d47851a97429f965537cf30,390981,1280,720,3,3,0,0,0,yes
train,743,FloW-Img,training/images/000151.jpg,07ff545389801c88f9584ffbee498ccdb0ce4a05e883bd58bf686de8dcb709ba,320608,1280,720,2,2,0,0,0,yes
train,744,FloW-Img,training/images/000152.jpg,1923e25216fb1962493d0182f4d060a74e1eb29d8af106d1f4c1bcb1ef988b8c,346658,1280,640,2,2,0,0,0,yes
train,746,FloW-Img,training/images/000154.jpg,c11a194c6caccc65eeab567bcc86fc57221aaf2ae70f70cb439b8b6e01fe8144,277413,1280,640,1,1,0,0,0,yes
train,747,FloW-Img,training/images/000155.jpg,8023f22a33d15b790982bc1674a959d1773914e361271960d52aeb9975fb3f8f,336329,1280,720,4,4,0,0,0,yes
train,748,FloW-Img,training/images/000156.jpg,a1cd9e4ad08e08c138ba0d4cdcb5656cd47d18a9a1d8eec34d2909dcbd56d172,543175,1280,720,1,1,0,0,0,yes
train,749,FloW-Img,training/images/000157.jpg,ab4a23cf6a62eb25fd908fa93a034dbc21858da7fcc7e268fde47dc13806aef4,356123,1280,720,2,2,0,0,0,yes
train,750,FloW-Img,training/images/000158.jpg,bb388dbd77a608620c8aa0ffb79b9ccb0a90237a92144941be983d1574cddf9b,327074,1280,720,7,7,0,0,0,yes
train,751,FloW-Img,training/images/000159.jpg,12553fec721d8c3d108a57635b04cb06c6df253d672ed3bfcdcc1c54635d7e1f,450435,1280,720,2,2,0,0,0,yes
train,752,FloW-Img,training/images/000160.jpg,09a2b0ad53d549b5665cd7019c4f0526733ebbbe3c2d58a05ec040df6287d8e3,303423,1280,640,3,3,0,0,0,yes
train,754,FloW-Img,training/images/000162.jpg,b134d0253e083724f23733de061c260fc3f6ba939730ce4fd62bee047fed1a8b,234695,1280,720,3,3,0,0,0,yes
train,755,FloW-Img,training/images/000163.jpg,a21674be69c7e2ea1fb5a229e5e996836c2f45d51260f37338dcada56e279453,388743,1280,720,5,5,0,0,0,yes
train,756,FloW-Img,training/images/000164.jpg,9d5ff702bd64244479988bce6951354fa1f3f90872117b4200fbc839ac2f023d,336804,1280,720,1,1,0,0,0,yes
train,757,FloW-Img,training/images/000165.jpg,552845cb35770d968610be607aad7f83cf2224e4b7b7aeb6961d045481dfe902,331422,1280,640,2,2,0,0,0,yes
train,758,FloW-Img,training/images/000166.jpg,5a44508e70d6897adaf532f90d5378a33a2e9c7f42714e494754a22d9e9c9838,491105,1280,640,2,2,0,0,0,yes
train,759,FloW-Img,training/images/000167.jpg,f1f6e5d917d9abae77f46d07046e9c064828020a0796b2c2814bdec246146578,444468,1280,640,2,2,0,0,0,yes
train,760,FloW-Img,training/images/000168.jpg,c6dac599659b961c4552e27ab4f3a97a781ef2bd0c9e88a4cd2bcdfecae05e23,376350,1280,720,2,2,0,0,0,yes
train,761,FloW-Img,training/images/000169.jpg,28fae434850085b33ee556a3321a0f86094fe15914cf03f50f615791ba0b2ff7,240901,1280,640,3,3,0,0,0,yes
train,763,FloW-Img,training/images/000171.jpg,70f5e5be129c1d2d071ee29dc247618643f181b75837bcc81d24717721192996,300421,1280,640,3,3,0,0,0,yes
train,764,FloW-Img,training/images/000172.jpg,d3545ed30b77e80850a7b961b2ae8c164c008b09b7ca2ef9eb91b98761135f9e,376313,1280,720,5,5,0,0,0,yes
train,765,FloW-Img,training/images/000173.jpg,396b14034b835b4687b870db77c365aa15c580eb6306611a99a8848c316b78a0,341852,1280,640,1,1,0,0,0,yes
train,768,FloW-Img,training/images/000176.jpg,2fd25a2f9960e644787ab9e7c3e529f6f7e1f3d2ce02b3cf3e81e706f5fee193,377269,1280,720,2,2,0,0,0,yes
train,769,FloW-Img,training/images/000177.jpg,a32696999ca82e4c759a7b1cc67c693e2dc492646ff0499305933ebd48306c29,333928,1280,720,1,1,0,0,0,yes
train,770,FloW-Img,training/images/000178.jpg,8784b3e9164cb614ef594af1c08cb3da9e978d6779cc53f90e1508af81ad505a,190315,1280,720,5,5,0,0,0,yes
train,772,FloW-Img,training/images/000180.jpg,19f027b8a4c71e7aec8d69f8976d8513b18012671e60267bc638e38be39e93b8,459739,1280,720,1,1,0,0,0,yes
train,773,FloW-Img,training/images/000181.jpg,22bf6ed234d369c32ad56f99833be1a04843f905e0e1c576ecee7a0fc216fa86,327939,1280,720,4,4,0,0,0,yes
train,774,FloW-Img,training/images/000182.jpg,fccc5822ffcb26b9b57b632ae460740a008fe4bb79030d249a72e1b95c309349,404343,1280,720,5,5,0,0,0,yes
train,776,FloW-Img,training/images/000184.jpg,c448dcedbfe99d4d4737d46c20e8c57f31adf2e27cccb5ec5aeef55cd5815af9,242724,1280,640,1,1,0,0,0,yes
train,778,FloW-Img,training/images/000186.jpg,3a80b4b2daa6fb92e527912b3adf997c52c90fc44392a0dcff287c9293db67a1,255901,1280,720,1,1,0,0,0,yes
train,781,FloW-Img,training/images/000189.jpg,55b72ee7557cc855b0e20d153652bfce916559d2c275cd8ff002178a6f8025a0,389743,1280,720,2,2,0,0,0,yes
train,782,FloW-Img,training/images/000190.jpg,9a83accf0362f866e1db5d3cfdd084c6996318acafb79fca2ca10e7a6a6027a6,216691,1280,720,3,3,0,0,0,yes
train,783,FloW-Img,training/images/000191.jpg,ae2e95b8d747791a630cbecf4d56a4ccca9300ffcd7d6dc5aa40c040777ce9fa,458074,1280,640,1,1,0,0,0,yes
train,784,FloW-Img,training/images/000192.jpg,9346b72cf15d4c39829da4d1967da5a1218f757c53ce951297bf5bb95a1da308,327617,1280,640,2,2,0,0,0,yes
train,785,FloW-Img,training/images/000193.jpg,e39bcb3ddef2e67bd65c910c29648d7c470def6d03948aaf9fe623ca81c68a8f,276830,1280,720,3,3,0,0,0,yes
train,786,FloW-Img,training/images/000194.jpg,d304095795e1a9a6db6f3a0504989a56bdb960dc14cd4c8a680ed7ded19cf3cd,398816,1280,640,3,3,0,0,0,yes
train,787,FloW-Img,training/images/000195.jpg,b2cb4ebb7756fc1e049c56662332a331db5c28d5d029486cb0d8a63b1d9d7255,305318,1280,640,3,3,0,0,0,yes
train,790,FloW-Img,training/images/000198.jpg,a058e3ed21f4c3ab95c0f228ee3f8b2084e8cdc7409363a5375658579e49412f,294362,1280,720,6,6,0,0,0,yes
train,791,FloW-Img,training/images/000199.jpg,d2dea7857e4ec2cc2b8f4cef96e595936e056c29400d20fe6b3ad470ee59cc1e,476362,1280,720,3,3,0,0,0,yes
train,792,FloW-Img,training/images/000200.jpg,6571b35b1bcb38740ec225e0fb7ce0815b456fd009e4a1a584db87cd53a31d1b,334672,1280,720,16,16,0,0,0,yes
train,793,FloW-Img,training/images/000201.jpg,e5e345e393a91b7d3e3ad23182f62a0ef7dc366f4d029fbcb2bedd0fa3435283,362287,1280,640,4,4,0,0,0,yes
train,794,FloW-Img,training/images/000202.jpg,5ca4939d3e261e14bcbc37fe4f2f7bbcb88a012ee14c76e6822e814543dee890,275187,1280,720,2,2,0,0,0,yes
train,796,FloW-Img,training/images/000204.jpg,d383637e60f2ae1db100c8c1bfbd3d6fa5acadb8dda1793bcd92c37c5ce8834d,340940,1280,720,7,7,0,0,0,yes
train,797,FloW-Img,training/images/000205.jpg,18facc8e5c49fbf04505ce13cdcb6d311cba9705e3093645c1feae33fe7e0743,170962,1280,640,3,3,0,0,0,yes
train,798,FloW-Img,training/images/000206.jpg,bea104d3441eb6168ebd64151168a865f96548c4fe2604667e2f4729a49b438d,250104,1280,640,11,11,0,0,0,yes
train,800,FloW-Img,training/images/000208.jpg,ab7c15dc5080fdf9f1aab4c5354216993fd742b69751c0f32bf025ab73003b41,218544,1280,720,3,3,0,0,0,yes
train,802,FloW-Img,training/images/000210.jpg,99d917db7e98ec8cba2fd7bbe84715fb1f6551d25ce59a51ccc826dc83d165c5,332277,1280,720,4,4,0,0,0,yes
train,803,FloW-Img,training/images/000211.jpg,1c8893c5cfd88295b1fb8a3a4d89d955a985d61cdf075102c8c2cf5010cf17ca,336841,1280,720,5,5,0,0,0,yes
train,804,FloW-Img,training/images/000212.jpg,de0c50c55ab69d973d1e8c57ddde299f5d8c2a54b4bb59181252391dabf189ef,355245,1280,720,3,3,0,0,0,yes
train,805,FloW-Img,training/images/000213.jpg,0c3bb34bde952c81ddad0d8a133af610cc3bc846f18955f21c588535dc735ab0,312143,1280,640,2,2,0,0,0,yes
train,806,FloW-Img,training/images/000214.jpg,76a1b4f4940bfa87043bbba28f70fb7ae439e76db4ab3de144971ad2365a3887,379849,1280,720,2,2,0,0,0,yes
train,807,FloW-Img,training/images/000215.jpg,1d6da421e0bf459eed5d0cdb6044cb6480ca0e0a7a02e1725761c35af8696d66,290228,1280,640,2,2,0,0,0,yes
train,808,FloW-Img,training/images/000216.jpg,7ca5bdead63ce29234cfd164b02937eed354cc5cfdbb867b248c711089402b86,270959,1280,640,2,2,0,0,0,yes
train,810,FloW-Img,training/images/000218.jpg,581c348659352112020353b3e1369d7e722dd141e597279035f2d5fc6b6072a6,214914,1280,720,2,2,0,0,0,yes
train,811,FloW-Img,training/images/000219.jpg,4d62f0f14ad9c938acca0a12b8a057c30098023fb2c67e50bcfa3ebf8a6a790e,301344,1280,720,2,2,0,0,0,yes
train,812,FloW-Img,training/images/000220.jpg,4d7d72905444f4f843e21004a916e7b1b1a2b52c6ba0ee5198e2c97c683fabcb,312798,1280,720,1,1,0,0,0,yes
train,813,FloW-Img,training/images/000221.jpg,1fbb43a49e69991267645c8cb0ff8ebee940454e6572bb6ce25050c99492469f,301209,1280,720,3,3,0,0,0,yes
train,817,FloW-Img,training/images/000225.jpg,7a68c61a348406f6382b2b910952a351a24febeaad199eb933ff39bb28814828,294182,1280,640,2,2,0,0,0,yes
train,818,FloW-Img,training/images/000226.jpg,d5fe215123cda85db6157222602a0c7967d82cbbe3964f839bf975c1dd8adf43,381323,1280,720,1,1,0,0,0,yes
train,820,FloW-Img,training/images/000228.jpg,1e261e0b96a8cee7796208b90ff3cc1d71b85570084acb1de8e4f5d452ef6284,226078,1280,640,5,5,0,0,0,yes
train,821,FloW-Img,training/images/000229.jpg,676a3dfc481659022d9fb7cdb5f109265fc85925169eddce502cad897ff105cb,265674,1280,720,2,2,0,0,0,yes
train,824,FloW-Img,training/images/000232.jpg,a2211fcd8b803fb1d41ebb3ddeef2a7d322da07a91a943992e9c92e555480bf8,433809,1280,720,1,1,0,0,0,yes
train,825,FloW-Img,training/images/000233.jpg,e3a2d2cefde2a70b7c538567550c3a0831d46ff88bfc93fcb0732198a3985b4d,292003,1280,720,7,7,0,0,0,yes
train,826,FloW-Img,training/images/000234.jpg,48668467bdf6d0c4102dcbd41e92a8a66517f1d8f4c521870008297cd0927cba,395516,1280,720,3,3,0,0,0,yes
train,829,FloW-Img,training/images/000237.jpg,a1e472d920414807c241a5221c3c63c78dacb66ec09e35bdce554b41086052d4,319577,1280,720,2,2,0,0,0,yes
train,830,FloW-Img,training/images/000238.jpg,7020bfe3cf5facaff1430ad5b2ec6cd603535d1437a729e6304f19748998b667,383070,1280,720,14,14,0,0,0,yes
train,832,FloW-Img,training/images/000240.jpg,bfee96453403e722993225f7328d6a09b4cd077496ad32c9802e7d690bf3bcdc,370380,1280,720,8,8,0,0,0,yes
train,833,FloW-Img,training/images/000241.jpg,a2e2545ab531e290bbd1f0a7f008dfc6a73b207968b0f20a3b723afb528c9e25,423185,1280,720,1,1,0,0,0,yes
train,834,FloW-Img,training/images/000242.jpg,fcf38af900a0381fc63826715ff63a36926fa00fac48b91a84bf4a061a36eee0,464450,1280,720,1,1,0,0,0,yes
train,835,FloW-Img,training/images/000243.jpg,49879295d57194db77988a92c59a1aecfa6d8cad880fdaaad97da19efaa2d63e,314642,1280,720,5,5,0,0,0,yes
train,836,FloW-Img,training/images/000244.jpg,65e207fd19a88c04f52b02652ef9800d3890cb61c21f072c24c26b8286df910a,307339,1280,720,4,4,0,0,0,yes
train,840,FloW-Img,training/images/000248.jpg,dc698edbb71f48903f1bdd946dbc6a26b014f923840a2874f4ce33fd27d7e362,332371,1280,640,5,5,0,0,0,yes
train,841,FloW-Img,training/images/000249.jpg,5d42f4e9b9554c523ef0d1ff9a2ebb2aa08313582b7b29f1f217590223240ec6,414157,1280,720,2,2,0,0,0,yes
train,842,FloW-Img,training/images/000250.jpg,7ccea55c2a54cd861ada391c8bc9841f8e56f0ce77844ec63be750a92e194b6e,334079,1280,720,1,1,0,0,0,yes
train,843,FloW-Img,training/images/000251.jpg,211f27217e53329b1da13b64ff3470df6bbda3820ab1501005917e5b9d075f91,218111,1280,720,2,2,0,0,0,yes
train,845,FloW-Img,training/images/000253.jpg,5d5683367370062c8ddd4d022de5bb6414c32ad0c2dca680780989a1c83e8ca4,444352,1280,720,2,2,0,0,0,yes
train,846,FloW-Img,training/images/000254.jpg,2b1d2af384aa3d2ae511a103555f97106476ea6d22e403c1e27e6cc51674eb83,277778,1280,640,1,1,0,0,0,yes
train,847,FloW-Img,training/images/000255.jpg,85ff72cc106406efa7823579f9bc19d2bb84c1cb6ec1fc366733dc766c6d4386,364916,1280,720,3,3,0,0,0,yes
train,851,FloW-Img,training/images/000259.jpg,621fe6a10f9e4c2e29edf25047ce2793f372a27ee12ec174ed98f233ee663220,256832,1280,720,1,1,0,0,0,yes
train,852,FloW-Img,training/images/000260.jpg,425144e739dcbe5c81f5b52595015f0b95bcb29474361c04fb85e387b6d14a65,299795,1280,720,2,2,0,0,0,yes
train,853,FloW-Img,training/images/000261.jpg,b2204896652bcecfd88e17a559d92d9d2e7f2a20b47e77990c47e74d828b0523,244863,1280,720,1,1,0,0,0,yes
train,856,FloW-Img,training/images/000264.jpg,ea10b646d8b782c919f41d0bf3dbf57db5bebe116bb97a0017b7bb2fb1a540c2,417194,1280,720,1,1,0,0,0,yes
train,857,FloW-Img,training/images/000265.jpg,0e7f00165d07d0e113de486c878a887d18f114fd467f60675f8d2018e3e847f2,221956,1280,720,2,2,0,0,0,yes
train,858,FloW-Img,training/images/000266.jpg,94bfc7c6575d954e189ae5cc17825f13a83a4941487322db4103f5f010534c81,208673,1280,720,2,2,0,0,0,yes
train,859,FloW-Img,training/images/000267.jpg,5863057c28eca362e64403f3a988984faba4fc0fec183057cbec0335de24fa8b,355938,1280,720,1,1,0,0,0,yes
train,860,FloW-Img,training/images/000268.jpg,a203998bae1e8eb79244970871ac57f2ec1fe7785f391d562c8e81cde4c0d80f,398575,1280,720,3,3,0,0,0,yes
train,861,FloW-Img,training/images/000269.jpg,eccd219e83d73ba1af752467a52c1129547930a09d789f474b7445df71df8ef5,194008,1280,720,4,4,0,0,0,yes
train,862,FloW-Img,training/images/000270.jpg,0cb04186fe326c8668a2d02cf5035622162f28483cbbeaa260859bdd37a5253a,204914,1280,720,1,1,0,0,0,yes
train,863,FloW-Img,training/images/000271.jpg,b6594796eea1ebac7d096b580f60a047fce223a2ea35074deb24a4b9749125dc,303146,1280,720,2,2,0,0,0,yes
train,864,FloW-Img,training/images/000272.jpg,4cd38df2e2bd663635fa4ba7a6dcc9154017db0a48bd69df75c7f57a206e23db,465613,1280,640,1,1,0,0,0,yes
train,865,FloW-Img,training/images/000273.jpg,001ff27163fea50a77a9180fd366c03743c3419c9155f9aaa6f7d4cc923d0aa5,338973,1280,640,1,1,0,0,0,yes
train,866,FloW-Img,training/images/000274.jpg,dac4eeb5d4833bb891a898639c2674315b24f2ad0cc50d75660e2e7a89170827,363843,1280,720,6,6,0,0,0,yes
train,867,FloW-Img,training/images/000275.jpg,5c77adfc9169b0b1631ac5fdcebb7aff3dd59b988cbe954debd785076a20b274,357474,1280,720,3,3,0,0,0,yes
train,870,FloW-Img,training/images/000278.jpg,6c9e545c6f02c1c05985970327a1c11222a60225b4b6fa800555bcf1d5481944,289137,1280,720,3,3,0,0,0,yes
train,871,FloW-Img,training/images/000279.jpg,8bd9de8d275259cc7501a7442644233ffa9e7f7b2d3ae8000cc8e838a7d93036,316682,1280,720,5,5,0,0,0,yes
train,872,FloW-Img,training/images/000280.jpg,c354211bca2408b84e511c38d7085d87c2fc7e9f35e2fddc8c8e3a5d47a97b84,383020,1280,720,6,6,0,0,0,yes
train,873,FloW-Img,training/images/000281.jpg,90db727dd4021e83ae13fde7d8e067463a925101ce6a417503c9dbd272be83c6,367643,1280,640,2,2,0,0,0,yes
train,874,FloW-Img,training/images/000282.jpg,5e3ae85e8bfeebaed57bf540a0c720ee0a1baf02d49bd7da98c31332cd9ad43e,362212,1280,640,1,1,0,0,0,yes
train,876,FloW-Img,training/images/000284.jpg,9f9141b9bdd3a8914752c8aa79b5394c4c0fffdde5b1d07906449ede9fe5a9ac,233105,1280,640,1,1,0,0,0,yes
train,879,FloW-Img,training/images/000287.jpg,43a77a7bd2dd68083f9bcee53b1a06adbc453ca1a53aa109449e42e9826821b2,431679,1280,720,7,7,0,0,0,yes
train,880,FloW-Img,training/images/000288.jpg,28bd50bb54951db905f8dd5a3a429f5631d12bc154bc6241ec0398ebc5046c5e,271905,1280,720,2,2,0,0,0,yes
train,882,FloW-Img,training/images/000290.jpg,3e3700e8825164bd8b3075b16a5e61887a6cd5cace989acd170b6c57ee3d1307,186178,1280,720,5,5,0,0,0,yes
train,883,FloW-Img,training/images/000291.jpg,6518c221a5fbfaf1c64065be817ddb60b6075481d77ecda5989d38394a6dc914,181425,1280,640,3,3,0,0,0,yes
train,885,FloW-Img,training/images/000293.jpg,2a2a8cfbd1fd20e74ad54e7e0282ec06cb7088bb88a366545a412e9da2aace97,499170,1280,640,2,2,0,0,0,yes
train,886,FloW-Img,training/images/000294.jpg,033e2e9635b058b1f9f61974d3e9012821037a8fd43cc6ed04e6416cab1154e9,329552,1280,640,2,2,0,0,0,yes
train,887,FloW-Img,training/images/000295.jpg,aae945ebbd529f38d37b3dd2baa0497900da4525d5af32809766ce9ea359452e,279180,1280,720,1,1,0,0,0,yes
train,888,FloW-Img,training/images/000296.jpg,a105b462116729c6c18aa4dcbd0ac008411cf5ce5c8e83b8af6db7d744d41e74,324357,1280,720,10,10,0,0,0,yes
train,889,FloW-Img,training/images/000297.jpg,4de3f9aedc93e34d0382881b5abebf3d6d8782881158da3c0db80f279c2f8414,386446,1280,720,1,1,0,0,0,yes
train,890,FloW-Img,training/images/000298.jpg,d3b5dd5b9dfc2d5184e99cb2be7a5c429149a5946e8e26793d51e87690837eeb,306439,1280,640,5,5,0,0,0,yes
train,891,FloW-Img,training/images/000299.jpg,841ebf7b64580a311dae88285a7b8f7250c52efae045ee3a7ba8b7b7af68f514,331997,1280,720,3,3,0,0,0,yes
train,892,FloW-Img,training/images/000300.jpg,77235718e345ac8e6259c207ca823f57c01cac862b1b6de9ea71ed9103949f30,324749,1280,720,7,7,0,0,0,yes
train,893,FloW-Img,training/images/000301.jpg,c5face7c2ac19743199a5a3ac90e141abf638884951fc67978b08570444b4df6,477514,1280,640,1,1,0,0,0,yes
train,894,FloW-Img,training/images/000302.jpg,41053afc92ebfe8839e43da081fb5658854f82bf1f7954bbbd0c2d4517aa187e,328719,1280,640,1,1,0,0,0,yes
train,895,FloW-Img,training/images/000303.jpg,282d08554bf74ed8281bc5f21987fdedbf8bd880d788764ebf9acfb88303ed69,199377,1280,720,5,5,0,0,0,yes
train,896,FloW-Img,training/images/000304.jpg,fa4091594be73b7b633f5ea79ef6dacf62d0c8cc5f30cfc01ba8fea152d58139,308450,1280,720,1,1,0,0,0,yes
train,898,FloW-Img,training/images/000306.jpg,7f986fe8deb6f4c211f1f72b2375a75d344c7605ddcc401b183990cd3a6eb933,333292,1280,720,4,4,0,0,0,yes
train,899,FloW-Img,training/images/000307.jpg,e6acb8b30029f425abef2c07c7639b49b80f8bf3dce59dd118271e64064c1dc6,190423,1280,640,1,1,0,0,0,yes
train,902,FloW-Img,training/images/000310.jpg,bb60090f1ab6b9601bee42959d33688ad4d84f193a87a668b3d00df2610db0e5,551982,1280,720,3,3,0,0,0,yes
train,904,FloW-Img,training/images/000312.jpg,5b143bdb0dfa2ec3a904a9b3cb8ab1d21ccf087bf1c0b66660e7a4076d4f22f4,290171,1280,720,3,3,0,0,0,yes
train,905,FloW-Img,training/images/000313.jpg,63854697a34cf9e643478e1f2a7bc5c523b39706c5e96f3bf9c57077930ea322,277361,1280,720,1,1,0,0,0,yes
train,906,FloW-Img,training/images/000314.jpg,55cfa7f5de08ca51be9d4f7ce91e2ef27733de3b1041f80107693251af218fde,226055,1280,720,1,1,0,0,0,yes
train,907,FloW-Img,training/images/000315.jpg,4bb268aa598069ff42280c0c5beaadea9d24dcfbcb78cd72f2f8d50e2d20ff5d,199810,1280,720,2,2,0,0,0,yes
train,908,FloW-Img,training/images/000316.jpg,ca3a55d86f303529f4b884282521d3cf13d0c3a296297e9bf8117b6de9e79271,459647,1280,720,5,5,0,0,0,yes
train,909,FloW-Img,training/images/000317.jpg,26dfa6205dd27aa2bb569dcfc17fd854dd7f63b986d828d0b8ac3a12dee5838e,261944,1280,720,1,1,0,0,0,yes
train,910,FloW-Img,training/images/000318.jpg,268134d5ccb4b8ce29754223d99e725a70a582689df6de0e0c1b254afe7b6d99,375794,1280,720,3,3,0,0,0,yes
train,911,FloW-Img,training/images/000319.jpg,96c89f34f5fa22b576e711df26ff04e138b533ec5c9561b0038f76b0156bf7ee,362678,1280,640,1,1,0,0,0,yes
train,914,FloW-Img,training/images/000322.jpg,79f09526683f7c46b639c36ca2f804d16f21490d4a769eb2f9888c762f228ab5,315220,1280,720,6,6,0,0,0,yes
train,915,FloW-Img,training/images/000323.jpg,c792cfad6dc9a3f4044e40b40ee590f97a21d9e7d263fe0405877abafab89cce,282724,1280,640,2,2,0,0,0,yes
train,917,FloW-Img,training/images/000325.jpg,0b3d976121b36fbf433bcd0793b4f3728fa4abddea12c5960b1a3d3f2ef9fff5,359720,1280,720,2,2,0,0,0,yes
train,918,FloW-Img,training/images/000326.jpg,b00ac454b06441402c264759d01b53f9c1a5815ddb711b9269dc280a813c6051,323558,1280,640,3,3,0,0,0,yes
train,922,FloW-Img,training/images/000330.jpg,b4441f7e12979d9335b1e6f14c1f63462a5cd139c8fc452a53428f846de5a30d,243185,1280,720,1,1,0,0,0,yes
train,923,FloW-Img,training/images/000331.jpg,60a950d2e09ba7aae477bb16f3fdd74c50301d4059122aeca8d01a050933edb5,484065,1280,640,1,1,0,0,0,yes
train,925,FloW-Img,training/images/000333.jpg,764149e0024e1a198ab4d4fe12dfb7f59b419ad126c77d9f8d1e0ca0721c1e81,300971,1280,720,5,5,0,0,0,yes
train,927,FloW-Img,training/images/000335.jpg,5904cb135cd56e2a599f61a3fdbd54916ea53733d69fe30e7e60fe4be06ee418,266902,1280,640,1,1,0,0,0,yes
train,928,FloW-Img,training/images/000336.jpg,45f43316440d67dff95e3506eaaac9c8e758214ac1a97f75b0ea625ca91dd3d0,330772,1280,640,3,3,0,0,0,yes
train,929,FloW-Img,training/images/000337.jpg,d9ec2ddf34292366bbba8a60cfea48756398305df89fb70d53e0595fe456ddde,190963,1280,720,2,2,0,0,0,yes
train,930,FloW-Img,training/images/000338.jpg,9d2ae2f6abfcc92b47ddfd026d51f41a3e5d0fc63e14ee6ced4a2c63917c4582,316314,1280,720,5,5,0,0,0,yes
train,931,FloW-Img,training/images/000339.jpg,a129f0d5240178b9464b5330e459482659e7edde5b3948c665fa8ee62540eb00,412915,1280,720,9,9,0,0,0,yes
train,933,FloW-Img,training/images/000341.jpg,24fb07d5c4a03c9cabdc5870dc0989c403ce87c76e7eebe160660378de15c920,259985,1280,720,2,2,0,0,0,yes
train,935,FloW-Img,training/images/000343.jpg,f0405bdd70c3a2b67309435b6991ddea124ddc93f3d7fd4df40bc94694c75c2f,316425,1280,720,5,5,0,0,0,yes
train,936,FloW-Img,training/images/000344.jpg,f74a883581218f619e486b03064d392d005e58cf4490e87fd0e062fdef17de82,356161,1280,640,1,1,0,0,0,yes
train,938,FloW-Img,training/images/000346.jpg,e81db09b0ba0dee16e94c9d7ad9e3d45b5da95d6f2ed4f5643d68e15757c22b5,265434,1280,720,2,2,0,0,0,yes
train,941,FloW-Img,training/images/000349.jpg,c3bed7d664bfcabca5c4e7f2570c9b20f5adf03a2e33dc1ff5a70fd820902548,188402,1280,720,2,2,0,0,0,yes
train,942,FloW-Img,training/images/000350.jpg,3d1219d0982abc09b483fb768f8802235beeb69d37a2a4e5c5184a52a831de51,386941,1280,720,5,5,0,0,0,yes
train,943,FloW-Img,training/images/000351.jpg,b1638e9d287a29f24ff6b4ebff89d9d91b46ae47a9a3d7a6bf3ed25691bba00a,319593,1280,720,6,6,0,0,0,yes
train,944,FloW-Img,training/images/000352.jpg,51ba502787a930d89f50a4f1d12ff7bd3e59f4f8543ffd75e32c3768206d6566,200956,1280,720,2,2,0,0,0,yes
train,946,FloW-Img,training/images/000354.jpg,d045c9d23b0b8503ef7cb5868e0bdf083949f264863a3d30e8c1e5f76d1a7a6a,334496,1280,720,1,1,0,0,0,yes
train,948,FloW-Img,training/images/000356.jpg,0a306d0704c045f58aa62f057ef635b005f7fecf48cc279f7b45452018321e6f,478383,1280,720,3,3,0,0,0,yes
train,949,FloW-Img,training/images/000357.jpg,6a98e17768b79e4f4ff17925892f18ab94a4ee98532cec1cf9d2cc592a77f606,310597,1280,720,2,2,0,0,0,yes
train,951,FloW-Img,training/images/000359.jpg,df7cdcb6be467f2bd5b94939bc3abc517c222aa3ef2597db1a63a5e5849e0b87,377091,1280,640,1,1,0,0,0,yes
train,953,FloW-Img,training/images/000361.jpg,a7e26ba4ac31b36845cc0737a2dd2bde8ad000adf23c0238ee850229a9e1cd42,223135,1280,640,1,1,0,0,0,yes
train,954,FloW-Img,training/images/000362.jpg,36c646625b50582e7eda0d7ff46a4d28043b951a8df05fc6402196e2c61bb61b,204846,1280,720,2,2,0,0,0,yes
train,955,FloW-Img,training/images/000363.jpg,d173f4f39dd1ca0c49583d8ffc7db3530a6a8cbcb3f7ddd57e3f7928a01d1509,241856,1280,640,2,2,0,0,0,yes
train,956,FloW-Img,training/images/000364.jpg,b71a5d3d55298541a369c12736a634d96ef250962ee18818c4affdf85a98fe2c,232689,1280,640,1,1,0,0,0,yes
train,957,FloW-Img,training/images/000365.jpg,e4c1bbb5fffa49353f07958053c766fa737abf4f8c01e359f1d84cc81fa8d8b9,427068,1280,720,2,2,0,0,0,yes
train,958,FloW-Img,training/images/000366.jpg,1c0a18f267f8896bc4cb1f57162c4e10eb3eadafed600a0e2a9579923cfc5ca2,306605,1280,720,4,4,0,0,0,yes
train,960,FloW-Img,training/images/000368.jpg,856ca10cdc5efb841ea6c58861493d9f0f56229a661dffaa09f153204f74cbce,356675,1280,640,2,2,0,0,0,yes
train,962,FloW-Img,training/images/000370.jpg,b3eea58f6ae2847c0d48e75245f41496c6da45b060d6c9fedb312c7c49d1826d,412103,1280,720,1,1,0,0,0,yes
train,963,FloW-Img,training/images/000371.jpg,58c2ad56935edebb44644dc2dc831dd1f5a77c561d5f6f498f0013ca795de34e,268756,1280,720,1,1,0,0,0,yes
train,964,FloW-Img,training/images/000372.jpg,a81e07f935dded9cb94f40df9b93f582d041630f97d6f58267aa5a92571e795e,223259,1280,640,3,3,0,0,0,yes
train,966,FloW-Img,training/images/000374.jpg,d47b54f5b01e38677d64f8980d5729147c67fd5afae7e13121f7e810a2dc30ed,320388,1280,720,1,1,0,0,0,yes
train,967,FloW-Img,training/images/000375.jpg,cc353a90222cdc9e01e5a50d70910bad7b149470aea111ff210016f7370ca153,394675,1280,720,3,3,0,0,0,yes
train,968,FloW-Img,training/images/000376.jpg,0e133961546b8b0dac77cbc8c5fc1785f0bce26f7e2a7e061a2cf62737afdd22,233805,1280,720,3,3,0,0,0,yes
train,969,FloW-Img,training/images/000377.jpg,703699453cff04ec7dad3475da5322f10f59bfdece8129362e6eebdd9365f5a5,443988,1280,720,5,5,0,0,0,yes
train,970,FloW-Img,training/images/000378.jpg,8359ee809bdb1c4fe6412960deca38ff599f46f700abd037def1c3cba17c842e,354939,1280,640,3,3,0,0,0,yes
train,973,FloW-Img,training/images/000381.jpg,2dcadc67f266bd7771d23febf47ed985566d675bb36da765b96f150f60318aa2,189032,1280,720,4,4,0,0,0,yes
train,974,FloW-Img,training/images/000382.jpg,3897bac5ab198b42ce6f59ef52f02b295cf36b9268c74739dd4cd54e8e7b9102,292168,1280,720,4,4,0,0,0,yes
train,975,FloW-Img,training/images/000383.jpg,46934fc68c50bdddcd4250059496dfd268f60776038870393503333f8962306b,259478,1280,640,2,2,0,0,0,yes
train,976,FloW-Img,training/images/000384.jpg,5debecb68d49d500d0a4472e21643918b22dce63fb56b3b49234c6a77add6ff5,405801,1280,720,4,4,0,0,0,yes
train,977,FloW-Img,training/images/000385.jpg,46233d9d00155fabbe346f841f11a65e4019cb9d8eea0746b5475454da739721,226725,1280,720,2,2,0,0,0,yes
train,978,FloW-Img,training/images/000386.jpg,dc177a0756151978af920d73ce6f093958c6b8d9c219f8f19d2a0a442ee4d43e,341475,1280,720,1,1,0,0,0,yes
train,979,FloW-Img,training/images/000387.jpg,3160bfbb58b73775248381b87741bca3a5613e58c719c7f0dc96f808c57c8e74,188155,1280,720,5,5,0,0,0,yes
train,980,FloW-Img,training/images/000388.jpg,e146a861f610fc049525e7beeb26e786fdc847c36577c3ae75d913187dd96959,360742,1280,720,7,7,0,0,0,yes
train,981,FloW-Img,training/images/000389.jpg,e0e33567fb3fa7767a647393a49dd6b4ca2aebae2130d44312e3755d4bf68de3,207764,1280,640,3,3,0,0,0,yes
train,982,FloW-Img,training/images/000390.jpg,2b7385004f0b374130d75f50b75c332ed3ada96faefdd81bfd657ed43be1a5eb,491428,1280,640,2,2,0,0,0,yes
train,983,FloW-Img,training/images/000391.jpg,3379fbfa57ea2b6346842f126d089e16e4eed96a4845af334aa767b9842afe2a,288860,1280,640,2,2,0,0,0,yes
train,984,FloW-Img,training/images/000392.jpg,307edf49fd49d463ae8a016548d476577ad2e56a6504409c2896e78ef5200245,382654,1280,720,2,2,0,0,0,yes
train,987,FloW-Img,training/images/000395.jpg,4aabbe7c6ba2c9b42d1823e019069eb7b78b2a516b7dfe3f111edfaf2a6e8296,432293,1280,720,8,8,0,0,0,yes
train,988,FloW-Img,training/images/000396.jpg,c45682194fe686b42dc08abc0da68815c4bdbd0daa8a1a385ad15e1fdb0839b2,412328,1280,720,1,1,0,0,0,yes
train,989,FloW-Img,training/images/000397.jpg,dae3a7d689ec6d33d4a4e938a019c9455a52f50f80811c97ae9bdf5c51707505,344682,1280,720,4,4,0,0,0,yes
train,990,FloW-Img,training/images/000398.jpg,00eb7568898391bfb4d976068374462de0c09e9b250860094989fbcb13037225,362273,1280,720,2,2,0,0,0,yes
train,991,FloW-Img,training/images/000399.jpg,a98c71da1ced0eda89aa12e79f7a9c4b763f948d9eed0847b7bdd5a9592b8573,329211,1280,640,1,1,0,0,0,yes
train,993,FloW-Img,training/images/000401.jpg,3cc9b4479e985cb3368b67f7eddf1d2b6e63a318bc0ee09bb6ed58ab3c61a447,195644,1280,640,2,2,0,0,0,yes
train,994,FloW-Img,training/images/000402.jpg,5c87610427caa90c6a08e1241c2e0a794f3786132c2a1c26111add60efa29b6f,352856,1280,720,1,1,0,0,0,yes
train,995,FloW-Img,training/images/000403.jpg,a7339692c25791ad30789c1b604ffcf0444fe9dddccb6c24daa1700c6b56562e,411767,1280,720,5,5,0,0,0,yes
train,996,FloW-Img,training/images/000404.jpg,b7340b8457a3ed86caadce209b0b60450bf191e8b6c04fcf7840c0b246830e7c,330565,1280,640,2,2,0,0,0,yes
train,999,FloW-Img,training/images/000407.jpg,3995c9e2d7b13edc87a659e6a7deb2daed6795c6797294e957451ae6c3de3056,387753,1280,640,3,3,0,0,0,yes
train,1000,FloW-Img,training/images/000408.jpg,555aca8a60ecb2a3b1fc4dabd71bfd112b383f064a24248dd12170d0c46e2a0b,337551,1280,720,3,3,0,0,0,yes
train,1001,FloW-Img,training/images/000409.jpg,f47d3bb3c87044ec98bbd12466eb3281bfa03f9d9febaef8ed22b34b07fd0748,274629,1280,640,2,2,0,0,0,yes
train,1002,FloW-Img,training/images/000410.jpg,c4f649d82a0a08cc34249236e32fb819eec27ba65ec87de89b957efe76a9af43,254158,1280,640,1,1,0,0,0,yes
train,1005,FloW-Img,training/images/000413.jpg,4ad495071c6fd5f358c0c020bd774f5913f5e3a310e7aabb00aa8c4f37df44b3,264666,1280,720,1,1,0,0,0,yes
train,1006,FloW-Img,training/images/000414.jpg,75227d989b115e1dea5c517e2cdd06111a5385da52c59eadae6db8e6f24d759a,476321,1280,720,3,3,0,0,0,yes
train,1007,FloW-Img,training/images/000415.jpg,f666a42a312a4d986ecd783a50ee88363c083bf26d5b1e0609a1675e1f889dbe,421947,1280,720,2,2,0,0,0,yes
train,1008,FloW-Img,training/images/000416.jpg,6dcee94a70183e8fad376e0d36ff31ac919b55861b6cbc63d7dcfbfc1d672e7d,510770,1280,640,2,2,0,0,0,yes
train,1009,FloW-Img,training/images/000417.jpg,430e9d512a883822223ae7179512d4a3b6c4b9b237d6e1200e9078b64e2e2a54,267852,1280,640,1,1,0,0,0,yes
train,1011,FloW-Img,training/images/000419.jpg,8a0fd245cc0e3a6433d272b003faf8d0b797c7bd439df426c66ab551fb20e961,219121,1280,720,2,2,0,0,0,yes
train,1013,FloW-Img,training/images/000421.jpg,c4ceb048eb3579ca71a51a3183954b1577737dc257ba06241577c8e6f7c8b99f,309120,1280,720,6,6,0,0,0,yes
train,1014,FloW-Img,training/images/000422.jpg,52d444a09bf4cd3825d0dab3631e273e7d6dac0307f6b7be95af1e1dc9e50d65,233667,1280,640,1,1,0,0,0,yes
train,1015,FloW-Img,training/images/000423.jpg,d19c5155912d9e9c5071c1fe05c228fb1179705483b8b494e6181c173d285e31,378092,1280,640,1,1,0,0,0,yes
train,1016,FloW-Img,training/images/000424.jpg,882cc00594989863d63937a2c9c7cb5adea963061d565f8c37b0a8da118bb142,291350,1280,720,1,1,0,0,0,yes
train,1017,FloW-Img,training/images/000425.jpg,5eff13ec83b4b7ff0eee3d88a4d6fd9407cae370d26d750f2aecd00bd3ab5c5c,395969,1280,720,3,3,0,0,0,yes
train,1019,FloW-Img,training/images/000427.jpg,1b83c263b40b39d9a189671c143543a593c2fffa5b397aa28846d15c84351943,295008,1280,640,1,1,0,0,0,yes
train,1020,FloW-Img,training/images/000428.jpg,732222b37a62481df0548048192ec655d8a6a2dfb3496c36a6410f9ae7ca49be,347535,1280,640,6,6,0,0,0,yes
train,1021,FloW-Img,training/images/000429.jpg,383cd3ae85105943e0aa47e852822b8bef8ce87f23c9fec3f18475dd83cea8d4,291135,1280,640,3,3,0,0,0,yes
train,1022,FloW-Img,training/images/000430.jpg,f5e54f4a654c5cb6b118f18f95c54eea02ff75e1916366d49efd755dbe640870,321971,1280,640,1,1,0,0,0,yes
train,1023,FloW-Img,training/images/000431.jpg,4c178105a4559a28cd82c27fc5828dba2d67c80d4689a8f9e0e5be35ab4499cc,494651,1280,640,2,2,0,0,0,yes
train,1026,FloW-Img,training/images/000434.jpg,1b046cc60bf1112e245000568dd205999a90be3b46faf5e9d4a88ece6fa5d755,506848,1280,640,1,1,0,0,0,yes
train,1028,FloW-Img,training/images/000436.jpg,37def96375f2d73a272ced692c790623a10519aa8f061ddea69a6e01fcc2e493,290455,1280,720,3,3,0,0,0,yes
train,1029,FloW-Img,training/images/000437.jpg,2865bb24f25929495568edc2ba10c91ca9fcf784316874377750acca4db7cfde,277631,1280,640,1,1,0,0,0,yes
train,1031,FloW-Img,training/images/000439.jpg,87c2e2e80e0b4f5ee91f84dd2cf28c6fbfd4b22ea20c8c4a6fc0d59014da2baa,330018,1280,640,2,2,0,0,0,yes
train,1032,FloW-Img,training/images/000440.jpg,ec0328915630a85e911a2a4af9866cbbb5f15e6419266963e62726528f554e1a,297236,1280,640,2,2,0,0,0,yes
train,1033,FloW-Img,training/images/000441.jpg,61ba711c09768c06ae5a31c795540736247087cfa6c35e2614fa9c7edf0452d5,266423,1280,640,2,2,0,0,0,yes
train,1034,FloW-Img,training/images/000442.jpg,b5c97c503632b7e7c9e71cc581833a28e167ae57ec22f3aeb4004be28876cd44,324326,1280,640,2,2,0,0,0,yes
train,1038,FloW-Img,training/images/000446.jpg,2936b76f8a364efa59b65bfd6dc2be94b10a21d67137c0aaa67f01c5a113bd43,384750,1280,720,5,5,0,0,0,yes
train,1039,FloW-Img,training/images/000447.jpg,c3b2cb245112fef151faba2c76df86ec9a534c3e618a67b02f34b384b7546cc1,282775,1280,640,1,1,0,0,0,yes
train,1040,FloW-Img,training/images/000448.jpg,b23f597a2fd5e8ecc317c42c8901542a987acc709ab2c279465c6769b4cbeec9,301331,1280,720,1,1,0,0,0,yes
train,1041,FloW-Img,training/images/000449.jpg,b0486bf5a79ede244efb3dd3e0798622c96f739aeb081c3bab528ae247144a52,307653,1280,640,1,1,0,0,0,yes
train,1044,FloW-Img,training/images/000452.jpg,1451fef33e080339fccc7653bb57c75f18437fe649111dc838f7d2b886723893,357344,1280,720,5,5,0,0,0,yes
train,1045,FloW-Img,training/images/000453.jpg,9925e7e5014794bff1578c77e37b74218912313a01fb048ef91d72fda57aad2d,267963,1280,720,1,1,0,0,0,yes
train,1048,FloW-Img,training/images/000456.jpg,a4168368472e2af13c75285a25f8f84fa6458dd773c203af6e889acefec67f48,468703,1280,640,1,1,0,0,0,yes
train,1050,FloW-Img,training/images/000458.jpg,2ecc887ca4bcff21f0db0823ebcf282279a24bf9dc914b3f435b5f46436f6910,482080,1280,720,1,1,0,0,0,yes
train,1051,FloW-Img,training/images/000459.jpg,95b0a9a3b154e02beae078618133f706f5990ea574453a292425e30a974c2ce0,394366,1280,720,6,6,0,0,0,yes
train,1052,FloW-Img,training/images/000460.jpg,ec57224f13ef23570a56cba4c9cb1b558ccc8d49e63ba4cef0bf19efea98f8b5,236264,1280,640,2,2,0,0,0,yes
train,1053,FloW-Img,training/images/000461.jpg,58f5ef5c45696b3428f5bc42c7b8e48f0b576ee30a3c11e9919826435652a477,394234,1280,720,5,5,0,0,0,yes
train,1057,FloW-Img,training/images/000465.jpg,7c75b1a8fed97cdeddbc095d9089436d492671c3c22ab9fe98d9500fd2489972,296106,1280,720,3,3,0,0,0,yes
train,1058,FloW-Img,training/images/000466.jpg,c7a40e10d9f89e542fcab5ec47ce5a8c193e92e590fe2a1278d47700e5bc4693,452805,1280,720,1,1,0,0,0,yes
train,1060,FloW-Img,training/images/000468.jpg,9886e316828d52b32ac25ae6c23b38db885bbd2c0b3fbf6b90e8b6de43f2bcea,339990,1280,720,2,2,0,0,0,yes
train,1061,FloW-Img,training/images/000469.jpg,8deb7149428296bccc3e51fca11f011ed932cb69d2c179f030bae580c7a923f2,314396,1280,720,1,1,0,0,0,yes
train,1063,FloW-Img,training/images/000471.jpg,2db48e7356bb5192d5840f5af76835f9157e134294a14d660a5e5efb8b4d5350,340096,1280,720,1,1,0,0,0,yes
train,1064,FloW-Img,training/images/000472.jpg,7541fba898229f9ac99403e67117b695f09ac8c89f73e7e2e8224b3a79f92a25,324641,1280,720,1,1,0,0,0,yes
train,1065,FloW-Img,training/images/000473.jpg,bf5ea0aad36e2d3ce1ecff74c4ad35b77468916b5e88210e16a9387119d78fc2,277079,1280,720,4,4,0,0,0,yes
train,1067,FloW-Img,training/images/000475.jpg,d2e26fbcc7c5eae3312e176c2397dac86e01fa251dc4175a45bf7de52d8025eb,275774,1280,640,2,2,0,0,0,yes
train,1068,FloW-Img,training/images/000476.jpg,1844ae9a30dd135a7c2081d8e80fc25194ecc217ca91c32c67f5e8ce70391759,342546,1280,720,1,1,0,0,0,yes
train,1069,FloW-Img,training/images/000477.jpg,e5a0d6700942ae56abfd052c786771cc26884bd24d6e54d8a30230da6944dbb7,413854,1280,720,1,1,0,0,0,yes
train,1070,FloW-Img,training/images/000478.jpg,533c4243994689bb55f6886c8637b214632b9645de7696a50fba746c253aa8c2,188347,1280,720,3,3,0,0,0,yes
train,1072,FloW-Img,training/images/000480.jpg,c0a4bd2e0bf474636f53fa9989e64dc91a818caeaed6801ed420aae33e90ead3,294403,1280,640,2,2,0,0,0,yes
train,1073,FloW-Img,training/images/000481.jpg,9d7e713905ebd754f182f72091dfb0ffb94b56315c5b4e87220b0cd5cb1e69c0,334090,1280,640,1,1,0,0,0,yes
train,1074,FloW-Img,training/images/000482.jpg,dd65678ccafeada4008fded718d5078ad4dfbc8fd3449c713190f6e7926dfc53,216823,1280,640,4,4,0,0,0,yes
train,1075,FloW-Img,training/images/000483.jpg,35e74a2e038783ebef964536b0ebba6d8540ea6ef6aeae8477d0f99862d829e9,335225,1280,720,2,2,0,0,0,yes
train,1076,FloW-Img,training/images/000484.jpg,a5e4261e34e87c564161a7a34b083eed672b6b8eb2b5d018baf5fc9d3decca14,290549,1280,640,4,4,0,0,0,yes
train,1077,FloW-Img,training/images/000485.jpg,0563dbafc87d2d957cc70c38ffa1a70e7553840abb1bff14d52bda15731b91d8,420318,1280,720,2,2,0,0,0,yes
train,1078,FloW-Img,training/images/000486.jpg,7afd4f8af7bf22074d76276ec10dc612244e1e0134d0af2da2f70341649ec204,250673,1280,640,1,1,0,0,0,yes
train,1080,FloW-Img,training/images/000488.jpg,c1607abcbc066d62d6f36372a777d90dd74a25c20e6d68927180106456fe1bc1,361767,1280,720,5,5,0,0,0,yes
train,1082,FloW-Img,training/images/000490.jpg,8be731d7780b25405640dae82a2321ebb197f0e9e91035027d97d6d66d566510,201854,1280,720,5,5,0,0,0,yes
train,1083,FloW-Img,training/images/000491.jpg,3ac332b41b164584cd03ad2cb48fae29ca5be78085f8d6716e0d2b09e685d699,270614,1280,640,3,3,0,0,0,yes
train,1085,FloW-Img,training/images/000493.jpg,e7b55fec7cf7024106593cf149d30ac4fa66d599698c9a5e298d9cbdc9c553ff,255596,1280,720,1,1,0,0,0,yes
train,1091,FloW-Img,training/images/000499.jpg,b5e92fce19ab3aea3a130cbe9e7bfed6ef93ecd482c5d097ae1f6bad4197a838,372369,1280,720,1,1,0,0,0,yes
train,1093,FloW-Img,training/images/000501.jpg,901240678f6fd00538950ecc3ed8b53be044d0bd60dd35130531ff309b389916,306492,1280,720,3,3,0,0,0,yes
train,1094,FloW-Img,training/images/000502.jpg,16132702fe86fe86bc068b50007ba1ab0d50a3bfb667b45d677acadc8a2a6107,311864,1280,720,6,6,0,0,0,yes
train,1095,FloW-Img,training/images/000503.jpg,239356574f4b5a20cf43c11a831d632b076b7a1bd0ea584897d17e0336ba1c1c,198425,1280,720,3,3,0,0,0,yes
train,1096,FloW-Img,training/images/000504.jpg,b2ae238fdd25b8472f1437093e4f315f76ac8a5ec3aeae4a00ac5656cab6c866,347564,1280,720,4,4,0,0,0,yes
train,1097,FloW-Img,training/images/000505.jpg,1cb09fa4c55c1d04412a38eadbc860528513e01894a81c06fe8f51278dabc128,305707,1280,720,2,2,0,0,0,yes
train,1099,FloW-Img,training/images/000507.jpg,3946d70dbba4b643ce23155c21fe6930b38fd3de2c6331bc09194ac86b0bb4ef,375319,1280,640,2,2,0,0,0,yes
train,1100,FloW-Img,training/images/000508.jpg,c0acec79c38aa6c68679244de691dbcbcb7e175b2fe8323a6575fcd6951d35c0,300206,1280,720,5,5,0,0,0,yes
train,1101,FloW-Img,training/images/000509.jpg,77736228cd6fcb3578a21f30cd38486f064edf24aae87b57eb4d7708693b16e4,389570,1280,720,1,1,0,0,0,yes
train,1102,FloW-Img,training/images/000510.jpg,c7b5ea2f20e54f7f71ceddadaec7aba35759e4f7003ca3fb91844282c089d2fe,195134,1280,720,3,3,0,0,0,yes
train,1104,FloW-Img,training/images/000512.jpg,e077408820cfda24e55911378e3303d1ed18f46a57e3cd9133235f054478b9d2,303918,1280,640,2,2,0,0,0,yes
train,1106,FloW-Img,training/images/000514.jpg,e157ea03323bdb9dc6345e4bb40952ca457b93dbd341376f4b3a114a755d5f98,332659,1280,720,1,1,0,0,0,yes
train,1108,FloW-Img,training/images/000516.jpg,c86c42138d0512613fa1e58ae8e4521da85c6ef94e483f782aee98ffd42725cd,391760,1280,720,2,2,0,0,0,yes
train,1109,FloW-Img,training/images/000517.jpg,2fa74faf27609a8757c08723c8e74935c38cb5f9ecf6f12ead2928b51ca2b456,236869,1280,640,2,2,0,0,0,yes
train,1110,FloW-Img,training/images/000518.jpg,95eb2e53a64f1b7f25d8dfb0eac3af4ce10ea0263dfab50e309714c7b9692216,381533,1280,720,2,2,0,0,0,yes
train,1112,FloW-Img,training/images/000520.jpg,4cd5aefa16381219ddabc0f5b9838d73c4b13601a00d05df2b7042fcd3b2226b,327871,1280,640,1,1,0,0,0,yes
train,1113,FloW-Img,training/images/000521.jpg,6e9cb87f736abf6647ee177eeea213498b79b637ab2d64799b7680614a1d1863,219650,1280,640,3,3,0,0,0,yes
train,1114,FloW-Img,training/images/000522.jpg,1b63efd52d5ab8f9237b14ed34b636e8e40db7ebbbc1a8cc17445a325b26db1b,285287,1280,640,2,2,0,0,0,yes
train,1116,FloW-Img,training/images/000524.jpg,143a9c45c1a21769cb123114acfb19877bf6ed4c781d28d4c284be758cdf0265,510231,1280,720,1,1,0,0,0,yes
train,1117,FloW-Img,training/images/000525.jpg,552e0a36b38237cb3712d8dca8eca426445eb1e9628d7db9b710f35b32ff0397,287455,1280,720,2,2,0,0,0,yes
train,1119,FloW-Img,training/images/000527.jpg,d97085977bda8898743d5be831787854ed57e3256bee573bab8f02ce53eced93,256722,1280,640,1,1,0,0,0,yes
train,1120,FloW-Img,training/images/000528.jpg,91a886c897424279e0bfdbffa25c01b1a19cb269eb72f2959772050a073090db,270437,1280,640,11,11,0,0,0,yes
train,1122,FloW-Img,training/images/000530.jpg,9bd4a56d64b1fca4e41955e70aa6418544240f7b7abeef63e91971e48d119ccc,249267,1280,720,1,1,0,0,0,yes
train,1123,FloW-Img,training/images/000531.jpg,2fcbfd2e98e96761baa3f19fb17259690dd93ce3f1a65c21f648ea188a204c63,388181,1280,720,6,6,0,0,0,yes
train,1125,FloW-Img,training/images/000533.jpg,d3aa15c6cb4a62a6e61da6eea05370a6eeff2420f276033c01356c790222c6b0,460667,1280,720,2,2,0,0,0,yes
train,1126,FloW-Img,training/images/000534.jpg,2894668e6ea1fec52b0e3bac153a326c44c423a9926d46ec12784c759ec03863,448340,1280,720,3,3,0,0,0,yes
train,1127,FloW-Img,training/images/000535.jpg,f9d17410fd076ac958030ec99010e49e915e529788ce6e0b3fb02fd06cfb3215,339907,1280,640,1,1,0,0,0,yes
train,1128,FloW-Img,training/images/000536.jpg,f5fc1068f41b740652279df3cf5ca995fbc51f44496762e9d365e4e27947abe6,334044,1280,720,8,8,0,0,0,yes
train,1129,FloW-Img,training/images/000537.jpg,33798fa7a0d9ad60230e501830c7a71c1e9cec6c78f5b50e4c2c0ef266a93995,360867,1280,720,4,4,0,0,0,yes
train,1131,FloW-Img,training/images/000539.jpg,fb36a19378362ae13192821b96de010dc60b5107aa77649b0e365391cc81debd,350816,1280,720,9,9,0,0,0,yes
train,1132,FloW-Img,training/images/000540.jpg,2bd46d91a0c44feccb7f5ac2147b8ac2b9ad89e19e3bd41bcf3230de9838b5ae,366149,1280,720,3,3,0,0,0,yes
train,1133,FloW-Img,training/images/000541.jpg,32436cab5cb4874b3aac7f2cfc8f8145a388a5c21bc0cf4c47237edff8bbb04e,479369,1280,720,1,1,0,0,0,yes
train,1135,FloW-Img,training/images/000543.jpg,94fc72cc1c8df9074bcbe36fc9b2ee9aea65d64f909bf55d325f2aa2324c7c21,269211,1280,720,1,1,0,0,0,yes
train,1136,FloW-Img,training/images/000544.jpg,a87fd8a614c5ada34bda88028f10395b6d3edf7806a2762f0fdfcb96bdb2cc91,265332,1280,640,2,2,0,0,0,yes
train,1138,FloW-Img,training/images/000546.jpg,a486f3db98f3e21ab53a3a0960b12f2be5866886eeba2f81d0d2f33de2666279,270241,1280,640,2,2,0,0,0,yes
train,1139,FloW-Img,training/images/000547.jpg,327cb038028c45637fb6e2f54bdb4bd3eefb9bacd240eaf35d5cb1650914926f,379830,1280,640,1,1,0,0,0,yes
train,1141,FloW-Img,training/images/000549.jpg,ae31e67c55909a497278c751569f9f7add8223680071aea2f4570ad8fcbfdd37,368945,1280,640,1,1,0,0,0,yes
train,1142,FloW-Img,training/images/000550.jpg,43d7ffdae3a010f3db43a4e021d77974db20074973d23864f4546ae2ab6cfe15,383095,1280,720,1,1,0,0,0,yes
train,1144,FloW-Img,training/images/000552.jpg,58bac30e120802c14b0fac20976f45dfb021c0081d1be218b69ef28e8a004ea7,429499,1280,720,4,4,0,0,0,yes
train,1145,FloW-Img,training/images/000553.jpg,d878d02d1f96d369181f126f99920f8bdbbcd2b8fb497256c07f0e31fa01668b,294586,1280,640,1,1,0,0,0,yes
train,1146,FloW-Img,training/images/000554.jpg,a2e3b3854bd8bb55bcca0a2564d3ab08fc68ac35167acc651057a5aceab647f2,241655,1280,720,2,2,0,0,0,yes
train,1148,FloW-Img,training/images/000556.jpg,e1ec356c0ef05df4b9e952b2ac8c9e14830b53c1d9899a9d1136935956f2ae11,418845,1280,720,4,4,0,0,0,yes
train,1149,FloW-Img,training/images/000557.jpg,f1d95eff5ad0f26db1e050ea1ad8604e2ecd86d1614c560e2785c8cac458319a,336270,1280,640,1,1,0,0,0,yes
train,1151,FloW-Img,training/images/000559.jpg,b4b421cfb0dfadce54e4d660b910b4dd9ac73856b310d6b908773116e8f34e8a,389751,1280,720,5,5,0,0,0,yes
train,1152,FloW-Img,training/images/000560.jpg,3b096b2a39e54db9d712d5fe4ddc904cfeda5cc5e7d3dda9ae61f90a062665be,495558,1280,720,2,2,0,0,0,yes
train,1154,FloW-Img,training/images/000562.jpg,be2587adaaa6cbe7254436ccff175e078617d5b3d7b932dce97afdd6fde18d5d,343493,1280,640,3,3,0,0,0,yes
train,1155,FloW-Img,training/images/000563.jpg,c2dbfe330b154a04c63e677352ba21ea02e2baa512e1d5febe6da396b5b90a73,194562,1280,720,2,2,0,0,0,yes
train,1156,FloW-Img,training/images/000564.jpg,78a0c10ce00f7acfda8ef69b0d8b50d1e9dfc902b6263301814552869430b475,376022,1280,720,2,2,0,0,0,yes
train,1157,FloW-Img,training/images/000565.jpg,d70841502eb14f0e6617b290b65ea1cc86a9d1332ff9a6b36d3260632d953f3b,374985,1280,640,2,2,0,0,0,yes
train,1159,FloW-Img,training/images/000567.jpg,c683daf7a413d87dbe00db9b97c13b8137e00cdba29c98fe08a7bce6caae897b,380786,1280,640,2,2,0,0,0,yes
train,1160,FloW-Img,training/images/000568.jpg,befc3204ce4abb91c4bf6f061a7c21f4d9eaf2acde9cd10655d2810940e002ac,409714,1280,720,2,2,0,0,0,yes
train,1161,FloW-Img,training/images/000569.jpg,cbf4b249b24617f6884aa924c42ce52f10865ea68c520c3df7c8ef5b326f29da,367401,1280,640,1,1,0,0,0,yes
train,1162,FloW-Img,training/images/000570.jpg,b7f1861e45661af4ec12ba44702c5e6fd40a83a113e54fdfaeb4b9a43564e7a4,361926,1280,720,1,1,0,0,0,yes
train,1163,FloW-Img,training/images/000571.jpg,4ff87943f48d8ff8ff3db6d67db81677d315092bb96098993d263bac560c0e4f,276819,1280,640,10,10,0,0,0,yes
train,1164,FloW-Img,training/images/000572.jpg,c21312661f2a3d077325ea59dec488514ec03233edcdca7bac120108ce611acd,316322,1280,640,2,2,0,0,0,yes
train,1165,FloW-Img,training/images/000573.jpg,bf5e7c025ca9348c58bcdf2a4b2ba7bf84251eccfccfcd8983f79c1c13a96c90,228650,1280,640,2,2,0,0,0,yes
train,1167,FloW-Img,training/images/000575.jpg,aeb66324241077fa66beb825230f3cc48d2fb1cd57fa93c4f4261bf5e2d22d5c,350717,1280,720,4,4,0,0,0,yes
train,1168,FloW-Img,training/images/000576.jpg,7c6118edff2242556b9ecb56987f75d114211fbc82455677de71f2db812f70aa,270469,1280,640,2,2,0,0,0,yes
train,1171,FloW-Img,training/images/000579.jpg,740c3d80887b4bff076552bc6a5104dcd7c91190a0e75b6a5830260880e3399c,390680,1280,720,4,4,0,0,0,yes
train,1173,FloW-Img,training/images/000581.jpg,ad7250dcf449610212b161a7e629a6637686321263772bfcb008b6561c8f4d79,387542,1280,640,4,4,0,0,0,yes
train,1175,FloW-Img,training/images/000583.jpg,df88189d5c525da1f189a6d30c8638ed3292621e081df015b22e29214ec496fe,313795,1280,640,2,2,0,0,0,yes
train,1176,FloW-Img,training/images/000584.jpg,640d365ef8dcffbfe999f70bc143016f91ad1c572a4748e75ca0930568e86cbf,364614,1280,640,5,5,0,0,0,yes
train,1178,FloW-Img,training/images/000586.jpg,6067d6535cffbb39b861248382f6ebeaba43e9e748ca07f160cd8e559a0c7dda,334131,1280,640,1,1,0,0,0,yes
train,1179,FloW-Img,training/images/000587.jpg,f0f47c05355444ad3170b92f8f9f85a19d1f28975dea9c1a7b59da3f28759fe0,292264,1280,640,5,5,0,0,0,yes
train,1180,FloW-Img,training/images/000588.jpg,6f2abf16f73cd9fd1eba0d112ac7d80cbbd452f417482bc6d6e4a4475bb049b6,269910,1280,720,3,3,0,0,0,yes
train,1181,FloW-Img,training/images/000589.jpg,a3290d357fd97f205e13c9a74e1e05591fa7b6d30c4661c3faf4c12dbc45e342,493532,1280,640,2,2,0,0,0,yes
train,1182,FloW-Img,training/images/000590.jpg,92f9ac25a426816aeacb560f91271cbc9b98b7afa34795d9398468624e118b27,218643,1280,720,2,2,0,0,0,yes
train,1183,FloW-Img,training/images/000591.jpg,a03b58e543f2d0a1739ba87f6b0a1dce2865ecdbe3d43a7df177799bd3d2ee20,256616,1280,640,1,1,0,0,0,yes
train,1184,FloW-Img,training/images/000592.jpg,a7f7bf86a755b4c4d6c7b405f654889317866015b039299f089fe28a4521838b,474742,1280,720,3,3,0,0,0,yes
train,1186,FloW-Img,training/images/000594.jpg,6776c5fb0f2e246fcded5e4df7dd1147b1a92e6b43f09194471741ef6e2c601b,360259,1280,720,6,6,0,0,0,yes
train,1187,FloW-Img,training/images/000595.jpg,94d95abdd8915c373d0307190693bcf11461a37214449742640247b54e5d76cd,410518,1280,720,1,1,0,0,0,yes
train,1189,FloW-Img,training/images/000597.jpg,01fb850ae3fba93626612d52be93a7006edccdeb893c3eeac788859f826aaaae,367479,1280,640,1,1,0,0,0,yes
train,1190,FloW-Img,training/images/000598.jpg,055e9cc965be9b2f1aa0490fae59ce085661464e0320f26da07371a1fef3df23,319805,1280,720,14,14,0,0,0,yes
train,1192,FloW-Img,training/images/000600.jpg,d9fc238da0f03d8ddcd597d8e28bb3adf93795de1989724c9a7bffb87c3b481d,318282,1280,720,2,2,0,0,0,yes
train,1193,FloW-Img,training/images/000601.jpg,3543e2998c89b470d2f1cb2356023e349d5f94ee63546c4d99b65ca9e661c904,302958,1280,720,1,1,0,0,0,yes
train,1194,FloW-Img,training/images/000602.jpg,83ce353d4df61a6a4e21367614773fecd1f4bf47bcb4b84dc193d8f3691cc924,291131,1280,640,4,4,0,0,0,yes
train,1198,FloW-Img,training/images/000606.jpg,ccde0ab2746a16708f4926f2ae228dd554d9824a99b583697a1ca3001215c629,315955,1280,640,3,3,0,0,0,yes
train,1200,FloW-Img,training/images/000608.jpg,eee58251ef317ec729289683a7fa11360902cf8621ca85ede41a18cf2c4e4bc7,253197,1280,720,3,3,0,0,0,yes
train,1201,FloW-Img,training/images/000609.jpg,47e8d8ad90b09c7d7c88b81c519d886a60d204e85293222ed0b383e35146c2f0,475150,1280,720,4,4,0,0,0,yes
train,1202,FloW-Img,training/images/000610.jpg,178d5e0bafa4620e284d1d49a6e39051f3f8ca58fee426b68faddc716b11ca4b,203548,1280,720,2,2,0,0,0,yes
train,1203,FloW-Img,training/images/000611.jpg,2780d5deb76b61440d3b8a34e07589cd1ff0ac2d214e926aff7355378754e774,303358,1280,720,3,3,0,0,0,yes
train,1205,FloW-Img,training/images/000613.jpg,26426c0ce384a50113f9a224d965f70ebbdb69bcb202dd2b2d6b5c5c293e51c1,255151,1280,640,3,3,0,0,0,yes
train,1207,FloW-Img,training/images/000615.jpg,3e52c36a20d06cdf37cd73d602abb412cfba34a97e56cd1c78fe4b432e62758f,311374,1280,720,2,2,0,0,0,yes
train,1208,FloW-Img,training/images/000616.jpg,d35c557e740475f7657423487ac9c191235a9fca24d188c89970cf3a65b5886a,282034,1280,720,1,1,0,0,0,yes
train,1209,FloW-Img,training/images/000617.jpg,0fcaade0d86f07b893e602b8d378bf8a6b44e280140da4c72588cb8fe13d804d,240074,1280,720,3,3,0,0,0,yes
train,1212,FloW-Img,training/images/000620.jpg,680196690672f0ca3234ea4e2a6f5e42c0c86a1141a54ec6986d89665ce13466,509743,1280,720,1,1,0,0,0,yes
train,1213,FloW-Img,training/images/000621.jpg,a537cc04ef190b73a59d313e828a00ede466b7f37568883ff67e2131af39561c,505955,1280,720,1,1,0,0,0,yes
train,1214,FloW-Img,training/images/000622.jpg,d4386e7449caad442c52979ffe31d1d00ec3bf6a1566385e3e2ff88954f6c01d,242898,1280,720,1,1,0,0,0,yes
train,1218,FloW-Img,training/images/000626.jpg,ee6b7869d32d19f3fc60eda58273b1febf876a63e0f3a580b80ea1b706dc609b,374195,1280,720,1,1,0,0,0,yes
train,1220,FloW-Img,training/images/000628.jpg,b3bde451977931cdb3a3aca0d59ddb9be1079582f136a3c277447bd966649331,254972,1280,640,2,2,0,0,0,yes
train,1221,FloW-Img,training/images/000629.jpg,145ad9ba9b7d3d381daef5d86a99e4f9022a6d4d9f9d5f7aabb1243e2ba121af,301955,1280,720,9,9,0,0,0,yes
train,1222,FloW-Img,training/images/000630.jpg,fbcb83a21cde7c2151b13f51f29e1ef8fdf7c99755269dbe91309d23968275cd,322361,1280,720,6,6,0,0,0,yes
train,1223,FloW-Img,training/images/000631.jpg,5ea130194b18d03f620520154f2fd4a42ac61a40a8666384b7a7c6c9a453c99e,239714,1280,720,1,1,0,0,0,yes
train,1225,FloW-Img,training/images/000633.jpg,ee5401a538da63f960f2a28c94460f790427a9010fa69174daf9910f6ea671da,345812,1280,720,4,4,0,0,0,yes
train,1226,FloW-Img,training/images/000634.jpg,5a21ab8ffff88b57ee7af683f0c15035ffb5184326f065ef4e46055b78339c85,336904,1280,720,1,1,0,0,0,yes
train,1227,FloW-Img,training/images/000635.jpg,b7c63ab239e60e50b86c9b0af1ac9e35ac65fbc2ef892b123d7e70e81335b7ed,246492,1280,640,2,2,0,0,0,yes
train,1229,FloW-Img,training/images/000637.jpg,57fcdd3de940794dd36f39320abf85c20422abb0e82bf20ac08a3a97500b1eef,379790,1280,720,1,1,0,0,0,yes
train,1230,FloW-Img,training/images/000638.jpg,81bf6fa03c9a3b25fed7a707927bfaf3f51ac37969b8abff5eeee97b59c6c7dd,279691,1280,720,2,2,0,0,0,yes
train,1232,FloW-Img,training/images/000640.jpg,d72be8078e21d4d4ebfe8d419748cff8253cd11cf8d69f87a020858741175314,393365,1280,720,3,3,0,0,0,yes
train,1234,FloW-Img,training/images/000642.jpg,be40ab7352e61b8f0fee41fee4830053b8d65b087da7fdef6103026cf0e95ae9,213271,1280,640,1,1,0,0,0,yes
train,1235,FloW-Img,training/images/000643.jpg,8f7d330320956c29edf15fbc9b78e90f161aced82fb1841ccca7a7563af710d5,231562,1280,640,1,1,0,0,0,yes
train,1236,FloW-Img,training/images/000644.jpg,0a40c1aa3c3d4bd6a65843b6bd10c2802c9d20216c9c5985a82fcd6015819f91,265010,1280,720,8,8,0,0,0,yes
train,1237,FloW-Img,training/images/000645.jpg,da4c82238300b914ba754ad90fd10f8b6504a9b211b560a9144bf32273235dd9,388305,1280,720,4,4,0,0,0,yes
train,1239,FloW-Img,training/images/000647.jpg,0c25f003edaadd5625d1739753d4b2b6e00e0b6af95cb0977d4717cef418b5d8,258651,1280,720,1,1,0,0,0,yes
train,1240,FloW-Img,training/images/000648.jpg,448d8e86aa536000c53ebf983816b6aa33506499b3bcfd9e2a2a4daaf84674f0,352527,1280,720,1,1,0,0,0,yes
train,1241,FloW-Img,training/images/000649.jpg,605a920de0821e30d3564fb3d68f2435fd6466a42f6a7f4b9241f7ce410c4e9a,321331,1280,720,1,1,0,0,0,yes
train,1242,FloW-Img,training/images/000650.jpg,d7eb0e1a3aca8d8719ca77dada53457da639c7f013edee6725550579796af901,284891,1280,640,1,1,0,0,0,yes
train,1243,FloW-Img,training/images/000651.jpg,e44b5446094e7417b182c13666418d427818706c85b3a55742af5085e62ec196,424472,1280,720,1,1,0,0,0,yes
train,1245,FloW-Img,training/images/000653.jpg,f93be32ffbb67643937d1d5061ab5c53a6c74828f411050dde24a9c4841163ce,265865,1280,640,3,3,0,0,0,yes
train,1246,FloW-Img,training/images/000654.jpg,656219e353e4927b54c734ae95723406561874cc4c4280a0662663087e9b7589,340670,1280,720,2,2,0,0,0,yes
train,1247,FloW-Img,training/images/000655.jpg,d879e1330f374209e93947c13a0f703eb4dcf858474471e15bfa356a5947c13f,339841,1280,640,1,1,0,0,0,yes
train,1248,FloW-Img,training/images/000656.jpg,aa167cfec434b07ee85703466a05ee0d0a1f879956788729f4fc7193cc696dc7,383479,1280,640,3,3,0,0,0,yes
train,1249,FloW-Img,training/images/000657.jpg,2ae958722e2dc41b67fed8776e6dae654a088fbfb7f4771a58a5c590d7450d0e,212552,1280,720,2,2,0,0,0,yes
train,1250,FloW-Img,training/images/000658.jpg,b69197257987fb0787b2e5f9fb4b5ee92e3115970f858d330d3e2611c7eda74c,293473,1280,720,1,1,0,0,0,yes
train,1252,FloW-Img,training/images/000660.jpg,b37f4946d22303014321d1e1a05ed3a123e3255264ae33e71e06783f26ccbd3a,224571,1280,720,3,3,0,0,0,yes
train,1253,FloW-Img,training/images/000661.jpg,29821c4fecdc033048c366ff5a71be8c8d1c9127937d72c6a435c70f125f7217,281783,1280,720,1,1,0,0,0,yes
train,1255,FloW-Img,training/images/000663.jpg,b7a9a6bc060a300804b04d721bb0508515fea872bc1b8567bc3f38749e6376f0,338396,1280,640,1,1,0,0,0,yes
train,1256,FloW-Img,training/images/000664.jpg,05465a3e5fa8cd6970c8e3b4554ba99224feb7410a49ecbb032a7f11701cddae,228268,1280,720,1,1,0,0,0,yes
train,1257,FloW-Img,training/images/000665.jpg,4a40037099dd3f426be6d638302078e26e9857c34116bcac57d86564d0afcfc0,277545,1280,720,3,3,0,0,0,yes
train,1259,FloW-Img,training/images/000667.jpg,023b9f110bb90d9b495a921ae60d453b7d766bf2359cdb2d4294930af3c36abc,311915,1280,720,3,3,0,0,0,yes
train,1260,FloW-Img,training/images/000668.jpg,4b8e27b90e52ad48b73e078a72d3974bd583a4bc9a61d7ed0e0e1338691482f9,347831,1280,720,3,3,0,0,0,yes
train,1261,FloW-Img,training/images/000669.jpg,39fea6a2e487f479b9f931a2708eae8fe34933b30f7ff2bafe320e0661238bee,267839,1280,640,3,3,0,0,0,yes
train,1262,FloW-Img,training/images/000670.jpg,38284eb30becbc7ed15765ce7c96a7ff445607740d4b27bc5628eee9a1f73b17,332923,1280,720,13,13,0,0,0,yes
train,1264,FloW-Img,training/images/000672.jpg,d8e70d91742405da4152bcc538a659864f715d3c6b460b91708b46d347ce0809,350270,1280,720,2,2,0,0,0,yes
train,1265,FloW-Img,training/images/000673.jpg,1a15a230760e0d56477f2adb1f95d941961facf64dbe9e07d60b458bef6d6982,346745,1280,640,1,1,0,0,0,yes
train,1266,FloW-Img,training/images/000674.jpg,4de465b9ec5f3c9eff1de3b9577af1d918eed0750f903f6cb1780b963652fddf,380678,1280,640,4,4,0,0,0,yes
train,1267,FloW-Img,training/images/000675.jpg,36d788126279fd773c1d34d5d8b0f08396438a0c16fc386c535903a8664e4776,464320,1280,640,3,3,0,0,0,yes
train,1268,FloW-Img,training/images/000676.jpg,1a79bc1937cb2d47fa1bc2278c60305e768f837e58fc13eaaca4b7dab4d65da8,281276,1280,640,2,2,0,0,0,yes
train,1272,FloW-Img,training/images/000680.jpg,7ca4e410a4ca18322ba038ac4e510ceb94e47325c9e50bc7e11d933178e0e7eb,300801,1280,720,1,1,0,0,0,yes
train,1274,FloW-Img,training/images/000682.jpg,c4e22bc1c8d107bdb2aebe4d1196cee0cc3da0bfae23752a46b66ea6d7ea68ea,368054,1280,640,1,1,0,0,0,yes
train,1275,FloW-Img,training/images/000683.jpg,e0190cf268f3b008f1ce82de035910dca6c7fe958e2192fd015877febbe93404,184894,1280,720,5,5,0,0,0,yes
train,1276,FloW-Img,training/images/000684.jpg,6efb6d1c5e1a3104f4b777103832ac848275eb5c99d8bb9aa392116499d12eec,350234,1280,720,3,3,0,0,0,yes
train,1277,FloW-Img,training/images/000685.jpg,82ed612693262cbc46c0b1d1952045b7c1cb22bf183328c05c8753ae553544c4,375351,1280,640,1,1,0,0,0,yes
train,1279,FloW-Img,training/images/000687.jpg,75b1f0c31d61648e88380af6cbba0296f4451e18b143169222d796ac4beba81e,297880,1280,640,2,2,0,0,0,yes
train,1282,FloW-Img,training/images/000690.jpg,93a0073b226ddec0afb6fd7dd6fd0eb5e7c194d07f56a824d742a3b92f7d81da,268620,1280,720,2,2,0,0,0,yes
train,1284,FloW-Img,training/images/000692.jpg,846f7090211dc1f4ed801307c6f47dfc3620e4892c51a24ba3f2cb26eeb59f92,403475,1280,640,1,1,0,0,0,yes
train,1286,FloW-Img,training/images/000694.jpg,d3571d7ad281a3f6808d5f0f80d211d509bf4501fe3b8e1ace7cc908a225a8ec,273111,1280,720,1,1,0,0,0,yes
train,1288,FloW-Img,training/images/000696.jpg,2df8f31fc4c780c218cf98767135979a42fe7c071cc41c46d5eb61af052eee4e,316771,1280,720,1,1,0,0,0,yes
train,1289,FloW-Img,training/images/000697.jpg,a332986e1a34c19714cd54f8f9b16239bf1aab3ab7402426019508da51033a22,207841,1280,720,1,1,0,0,0,yes
train,1291,FloW-Img,training/images/000699.jpg,9c5df2e7b5a6092d667ace0edd33820953c4739b591702ddd6a3715d1976c3af,300276,1280,640,3,3,0,0,0,yes
train,1292,FloW-Img,training/images/000700.jpg,264b5befdd3fb522bdbf79f9518d0cbc8bfa9bfef8f81030d29e4efaad65f846,220834,1280,720,2,2,0,0,0,yes
train,1293,FloW-Img,training/images/000701.jpg,8a8eb718fb6a1d1dae7ad35e406d8a606b0712937b4ce7b9eed19ad3199b7228,392776,1280,720,1,1,0,0,0,yes
train,1295,FloW-Img,training/images/000703.jpg,9f71ec8f65c66a30f251acd2b00f839630d75737e7657663754ccc60b1bcb619,388108,1280,720,4,4,0,0,0,yes
train,1297,FloW-Img,training/images/000705.jpg,e877530933ca1537e9b9d5bab06bf70842ab092bf126520f75ac47060e913978,468809,1280,720,2,2,0,0,0,yes
train,1298,FloW-Img,training/images/000706.jpg,0d6043a375c65d06a15e891bed9cf3f191819c2af6852d171d168b8307f6b538,452980,1280,720,2,2,0,0,0,yes
train,1299,FloW-Img,training/images/000707.jpg,d160bf2da2fec6824c272ebc0fe8f77d2cf3284c9f9c6aeb27fc6df8a07f48fb,198031,1280,720,2,2,0,0,0,yes
train,1300,FloW-Img,training/images/000708.jpg,17b48b737061ea7276f81d14fe2162fe6ac95e781c932323dc7bafc1e9cca9ce,298988,1280,720,6,6,0,0,0,yes
train,1301,FloW-Img,training/images/000709.jpg,055ea8b9b14e9dd5fba9879d7e10ef341d8d6fffe026e02a000c2083d1076985,214628,1280,720,2,2,0,0,0,yes
train,1302,FloW-Img,training/images/000710.jpg,c7e6be60c0ca80101850d2925178c7b87eb4120a32bb22b80fef8ac3dc166bc7,291897,1280,640,4,4,0,0,0,yes
train,1304,FloW-Img,training/images/000712.jpg,40abc831d004593564650442a5695fd8d1b7452a6fcea3f1672fc38fc4f0d8a2,469547,1280,720,5,5,0,0,0,yes
train,1305,FloW-Img,training/images/000713.jpg,b7491a9963a7b042f772b6736e1a3fd17ca2abb5d42dbf13ecbc507be2c3b56a,433125,1280,720,5,5,0,0,0,yes
train,1306,FloW-Img,training/images/000714.jpg,a4b170db53d4f978ed457796f3fbe1ad7cf9a9456968ac6a77804d6f455d03be,393463,1280,720,1,1,0,0,0,yes
train,1307,FloW-Img,training/images/000715.jpg,3bb0f19e4dae7971914509b59a96b50e68085daf3c601e2ca6dda8c24e80aca0,216523,1280,720,3,3,0,0,0,yes
train,1308,FloW-Img,training/images/000716.jpg,5c1d11102b2861a023f34b8b3321d9e44e8a8096c01e33d643143e4b6adcbb77,335117,1280,720,2,2,0,0,0,yes
train,1309,FloW-Img,training/images/000717.jpg,f3105336a877764f766d07a73c0c87d792d3f51b23fe60aef4d511487c82d53c,296010,1280,720,4,4,0,0,0,yes
train,1312,FloW-Img,training/images/000720.jpg,633c57f8cc4806d6e07fe334b883da56d935719e7c6b474d0f56c2c15e890596,336062,1280,720,11,11,0,0,0,yes
train,1313,FloW-Img,training/images/000721.jpg,3a18e325b5bf0c27f10a05c2a05531356cec0ed09fe290d1b363526f2ecdbd31,502475,1280,640,2,2,0,0,0,yes
train,1314,FloW-Img,training/images/000722.jpg,949b2cce68561e39150cf20331c48478e5ee83cbf82313545190aa38fc0124d7,314269,1280,720,1,1,0,0,0,yes
train,1315,FloW-Img,training/images/000723.jpg,22225b725cfc11a4b8da2b1a2f21173d114ce30f278f111aa5b9e6281c75a602,534574,1280,640,1,1,0,0,0,yes
train,1317,FloW-Img,training/images/000725.jpg,081eea317d8c0b5b85e1a2bb5afa1606c47d4d3817093441060a49ce0e9224ef,232986,1280,640,3,3,0,0,0,yes
train,1318,FloW-Img,training/images/000726.jpg,86a009c15fb15100c20023242b24e5e9a12227530ca35c163f270eb01d25b7f3,345260,1280,720,3,3,0,0,0,yes
train,1319,FloW-Img,training/images/000727.jpg,7900684158120fef809d774aebdff7def54aca4801dad64a4cff0a7038d046f5,328732,1280,720,3,3,0,0,0,yes
train,1320,FloW-Img,training/images/000728.jpg,3ac01d7d63c6f18c6c4c4590c76f42888764648bb4bc168fbaadaf886f06c20b,297634,1280,720,1,1,0,0,0,yes
train,1321,FloW-Img,training/images/000729.jpg,c8718b4eeb110035fb0357b70e93c13e70b8d4cbd88d819483c0d95c11f42dca,205687,1280,720,3,3,0,0,0,yes
train,1322,FloW-Img,training/images/000730.jpg,af6329412b686c0a511e931518bfe0f7227ce5b07c4c9f356fed813f3aac121f,396614,1280,720,3,3,0,0,0,yes
train,1323,FloW-Img,training/images/000731.jpg,449af75d60d28c73af5d9110f5a728905a3def77274fe0d8796ff7ed4146f297,294910,1280,640,3,3,0,0,0,yes
train,1324,FloW-Img,training/images/000732.jpg,d9ed554cef0c588bcf2465a30adec5d5321ddb8c603b75b334137ab81cac56dd,298425,1280,640,3,3,0,0,0,yes
train,1326,FloW-Img,training/images/000734.jpg,8a8818a63e713c55cda3b09127e19f3d5deec3276d80083b1ec421b3ca99e68e,293024,1280,720,1,1,0,0,0,yes
train,1328,FloW-Img,training/images/000736.jpg,4db6fb87f2c16097369d2442c79a23e052857f2dc009f86e26716d1eeecd8fc2,317602,1280,640,1,1,0,0,0,yes
train,1330,FloW-Img,training/images/000738.jpg,ff58c3f5d4521744bbd051c0fd95918b43690dc5559582771c85d0c95275af9f,337500,1280,720,1,1,0,0,0,yes
train,1331,FloW-Img,training/images/000739.jpg,a0bab56b0b1dc54289e72c4e7bd30bfe586e087b9bcd9febb5220dc6154e1f74,499257,1280,720,5,5,0,0,0,yes
train,1332,FloW-Img,training/images/000740.jpg,9fd77013d2e993b6a59394382daa6b8e2ca7c33cf6e7008f7d2e54e3007947f2,287613,1280,640,2,2,0,0,0,yes
train,1333,FloW-Img,training/images/000741.jpg,d0b6420784d2571f6ccef91a45d95c62dce8c93490907722463a37f07acdd0be,475100,1280,720,3,3,0,0,0,yes
train,1335,FloW-Img,training/images/000743.jpg,27f02c65ffc4ac507740acd26cb58c2c9914c08ec3b274ce1d3a64d1c3b72322,434964,1280,720,2,2,0,0,0,yes
train,1336,FloW-Img,training/images/000744.jpg,c3f130ad186e46fbf4bb42e93498604ee5d0d6aaefc11a1dbb3ec64d1eb2af10,280105,1280,720,1,1,0,0,0,yes
train,1337,FloW-Img,training/images/000745.jpg,419387a7aa8f91c7710b5d35051ed074124e826e25131e4c23492fd7de80363b,400800,1280,720,5,5,0,0,0,yes
train,1338,FloW-Img,training/images/000746.jpg,5c8eb53cb3190a8eed2926bcd40d2702afc26f562b164c22c14a240b7036510c,238008,1280,640,10,10,0,0,0,yes
train,1340,FloW-Img,training/images/000748.jpg,70047d80a4197a2a2425d47d7b445a782decd7f104138078a443872ffec0c2e4,314305,1280,720,1,1,0,0,0,yes
train,1344,FloW-Img,training/images/000752.jpg,ed84b3efb875f14ebf167e093df0ee9fcefe780f41657f62307bc5e81ed1bb50,248390,1280,720,1,1,0,0,0,yes
train,1347,FloW-Img,training/images/000755.jpg,500e996a7aead8378eb4eaa1d4e63f5a0eb89804979a10caf0defe0d23e155cb,276143,1280,720,4,4,0,0,0,yes
train,1348,FloW-Img,training/images/000756.jpg,97c40aa9d22eb731a75cd08717a5efa93cb1dfdaf2e1a01efb1bf2c03b8ad704,366798,1280,720,4,4,0,0,0,yes
train,1349,FloW-Img,training/images/000757.jpg,2da2bfd36ff584016ebcd351ef1bc9591607b2227199664315570ed19ec6c358,233629,1280,720,1,1,0,0,0,yes
train,1352,FloW-Img,training/images/000760.jpg,f8a3c5af80372d88c1899c88d5d635575678ae9007fe641b9bc4e0c0148921c6,264346,1280,640,2,2,0,0,0,yes
train,1354,FloW-Img,training/images/000762.jpg,c0a4e89ead5c915d6fcf7b0085dde602906b8ce99182513ee5291c41d550e3ac,362573,1280,720,1,1,0,0,0,yes
train,1355,FloW-Img,training/images/000763.jpg,3d95e7627c9ce96883553d1d2e69a683769b6132b3e49fd8538edafea7886325,358201,1280,720,2,2,0,0,0,yes
train,1357,FloW-Img,training/images/000765.jpg,3a0e4963f7d75847c48faf5835173bb2cf3638bbda81e9d8b8f0c3c090120b2b,299684,1280,640,2,2,0,0,0,yes
train,1359,FloW-Img,training/images/000767.jpg,3f2e569e1664fe2536f55cbb578fdf31d666f08401d21783e4718a469e441245,312404,1280,720,2,2,0,0,0,yes
train,1361,FloW-Img,training/images/000769.jpg,450180b5caeec027ec1188fd67e22dd570d50a22f02056942107db6ee14b81f8,255836,1280,640,1,1,0,0,0,yes
train,1362,FloW-Img,training/images/000770.jpg,033decf60baa1530f7e9ff1ce756b4c183668fa744711d14de97d6080d25f5b9,201494,1280,640,1,1,0,0,0,yes
train,1363,FloW-Img,training/images/000771.jpg,85e7884ba52a421f427b88844793261028c46c2707a588f97252e28955a4a97e,327899,1280,720,4,4,0,0,0,yes
train,1365,FloW-Img,training/images/000773.jpg,5e6f6fb7b29276d4af55b7892a0724bf626f0c954eb28daeff9d3aabe93567f1,325613,1280,640,1,1,0,0,0,yes
train,1366,FloW-Img,training/images/000774.jpg,dc7ce4116d7f4559819266e3678c5e521c465404302d7857fd25318a319b3d9b,387982,1280,720,3,3,0,0,0,yes
train,1367,FloW-Img,training/images/000775.jpg,178c235f39b2c9b71d822b8dd788270aa35f21cd79d43d3036a20610f2edc475,293917,1280,720,2,2,0,0,0,yes
train,1368,FloW-Img,training/images/000776.jpg,ff7ae5f37540988c45854f01e194cf225328499438012f532ab9aec83475f62d,270217,1280,720,2,2,0,0,0,yes
train,1369,FloW-Img,training/images/000777.jpg,2003beac32e4442b4bc4f22feb1f6370e3db9ce0cfaaf57b7c1321d139fdf854,432498,1280,640,1,1,0,0,0,yes
train,1370,FloW-Img,training/images/000778.jpg,99274cbc93057f85a62bb96eb5b8c386df565fa3c8c7ec8883d0705d0bb59349,309055,1280,720,1,1,0,0,0,yes
train,1371,FloW-Img,training/images/000779.jpg,c08570b63ba240a0f7f1bc3192865a781786cfa440a2acf2d6623d8c35ef1fab,339559,1280,720,1,1,0,0,0,yes
train,1373,FloW-Img,training/images/000781.jpg,3e3d91e59086f900df5fabad09546189bd8eaac3b4893cc6f63805ecdac993aa,212892,1280,640,1,1,0,0,0,yes
train,1375,FloW-Img,training/images/000783.jpg,c6e69a95c1a48d9b513f17ac2726f57f29850834d01b7a880c3f5561488db9da,390716,1280,720,2,2,0,0,0,yes
train,1377,FloW-Img,training/images/000785.jpg,252d3f88ab02c8ea8f721e3d91f98a84fc860f06f9877cf8775ef1efe590f099,370995,1280,720,2,2,0,0,0,yes
train,1378,FloW-Img,training/images/000786.jpg,f8e583ede98b53e124b768a54c6945cd7c6a594248df0a87bf88a0695b40b361,330942,1280,640,1,1,0,0,0,yes
train,1379,FloW-Img,training/images/000787.jpg,15c09597bca3e5c7841f269a43144caf0a00b4c0fce449a616927f232964e9e0,315986,1280,640,2,2,0,0,0,yes
train,1380,FloW-Img,training/images/000788.jpg,93f5ce386067037b4d2c300456478b0c38992ee3fdf9feac158ac3bac87e6bba,289379,1280,640,2,2,0,0,0,yes
train,1381,FloW-Img,training/images/000789.jpg,d867718390129138b0d76e14908e7e73aa04acb6c6b20a625240917f9b536c3a,400167,1280,720,2,2,0,0,0,yes
train,1382,FloW-Img,training/images/000790.jpg,70822843aa6f4f3ac16f8f60264786f8f2b2557e9833c7ca84c93788908a7a4b,392817,1280,640,2,2,0,0,0,yes
train,1383,FloW-Img,training/images/000791.jpg,5b3d45d7ffb9f7e76dffe7fcc6ff65cbd8c93d9f9509db0f7ac7444bffa9383c,263559,1280,640,2,2,0,0,0,yes
train,1385,FloW-Img,training/images/000793.jpg,e9fcc36bdbd096907563fd9a184bb35b43c2c460bfbc11500d39159cb21c2c29,390596,1280,720,2,2,0,0,0,yes
train,1387,FloW-Img,training/images/000795.jpg,2dab655d00ef0d164b505211a771d2bc8a305eb143bb0dd7e32ff0e0dc0727b3,375541,1280,720,2,2,0,0,0,yes
train,1389,FloW-Img,training/images/000797.jpg,38cffc9a43dad28aa8dfd186f0a24e50cc3fddb3429b2592f1aa9405e5c3ffa2,273255,1280,720,3,3,0,0,0,yes
train,1393,FloW-Img,training/images/000801.jpg,50553a694a051d8daa3a567277d55e242e9766dd30d6578a1bc089b215713dad,318557,1280,640,2,2,0,0,0,yes
train,1394,FloW-Img,training/images/000802.jpg,ab2e5e70c1d46aed596a64ecc4dfbd833dbfec560557baa9454ed4f8bf5e4c3c,304980,1280,640,2,2,0,0,0,yes
train,1396,FloW-Img,training/images/000804.jpg,0da6b60d0eac14900e94a2e5e292ae36e4b834675802c4824166c5bab21c576b,370224,1280,720,1,1,0,0,0,yes
train,1397,FloW-Img,training/images/000805.jpg,76a7d490df0106e68a487cac11d4b6dbc6f07ccccb2b00bf4ba08dfc8440dc4d,291070,1280,640,2,2,0,0,0,yes
train,1398,FloW-Img,training/images/000806.jpg,e2ed53127cee151cd478ac66fd63a0b068773768659d11ba5ffd01ee5dab5380,308486,1280,720,11,11,0,0,0,yes
train,1400,FloW-Img,training/images/000808.jpg,729cc784922bb667847cb4dc53ec67f26da7ee663562f886f14438b8e0348841,274296,1280,720,1,1,0,0,0,yes
train,1402,FloW-Img,training/images/000810.jpg,dea596dfe2cc76ee26426590af2da18876f1266dcf91b8ab02b707dd979f3ee5,379939,1280,720,2,2,0,0,0,yes
train,1403,FloW-Img,training/images/000811.jpg,60495895195b8027f52da818144823ad49fb72daaeef5d0c78ed633024ff68ff,400308,1280,720,1,1,0,0,0,yes
train,1404,FloW-Img,training/images/000812.jpg,86f4e139a476186312a55a8044d323852edd68a0e10cb8bd5bfbe8f9f42d9ca3,311181,1280,640,3,3,0,0,0,yes
train,1406,FloW-Img,training/images/000814.jpg,aed8bb8c2b8d7b27a811bca7120c77ebad8e4fff0b52b7dacf013dfdbf39a9de,269149,1280,640,2,2,0,0,0,yes
train,1408,FloW-Img,training/images/000816.jpg,2065023a9cb143c945314b4f07911d046ae772bd9acd38bf317597a87a8346ec,419260,1280,720,1,1,0,0,0,yes
train,1410,FloW-Img,training/images/000818.jpg,463a87cd7668c3e03557b74f29cfb2ac07b3b1de7037dab68183f93fbf645257,300529,1280,720,7,7,0,0,0,yes
train,1412,FloW-Img,training/images/000820.jpg,df8f7198b27097895e543d6d2ea9fdd7b3f7822c9596382e946c59954b37b083,403386,1280,720,1,1,0,0,0,yes
train,1413,FloW-Img,training/images/000821.jpg,f2e730f54fc8bdc767e96151aa498f74921fd46c8d427d42e6185f1c58124fbf,302829,1280,640,7,7,0,0,0,yes
train,1415,FloW-Img,training/images/000823.jpg,9bbe1f4a36786b05d5fa85e5c316a9f9591c3e666da4bc3ff0f7ab5c6dc10502,240908,1280,720,8,8,0,0,0,yes
train,1417,FloW-Img,training/images/000825.jpg,06675e665cc4e9913c928e08dce21ea5b0721f9882a87a1cbe64e1a26790cceb,329794,1280,720,7,7,0,0,0,yes
train,1418,FloW-Img,training/images/000826.jpg,31418b26a7e404d2611aaacc8159e8a250ca96d30e3025e6ab2f2756034e923b,320059,1280,720,7,7,0,0,0,yes
train,1420,FloW-Img,training/images/000828.jpg,19d134a6f9326529a58aa84293879d5e8cb82c2dac0d0c8d94423aef5baf18d2,332116,1280,720,2,2,0,0,0,yes
train,1421,FloW-Img,training/images/000829.jpg,aa8cee13f5dab9d22d7ce901582862ae8c441bbb3ab6daa6e05c49ed76791b62,380390,1280,720,2,2,0,0,0,yes
train,1423,FloW-Img,training/images/000831.jpg,18f22d568e167384f4eeaebccb5a971925a33deb548cf26951637c8402d6c7d5,309863,1280,720,6,6,0,0,0,yes
train,1424,FloW-Img,training/images/000832.jpg,acfca27e54fbdb1b8afbb3be2d025c7bf7a713f55169e41c00c40d7dfd576f47,376335,1280,720,1,1,0,0,0,yes
train,1425,FloW-Img,training/images/000833.jpg,4f44a4f01dbb854c2b1a636752d0896c8b43ead6ac6ff3d119b7c9507a9a1dfb,312863,1280,720,7,7,0,0,0,yes
train,1426,FloW-Img,training/images/000834.jpg,31ad55e304848f258608789e59ff250dead615315797d1d113df50d770872a4c,317147,1280,640,2,2,0,0,0,yes
train,1427,FloW-Img,training/images/000835.jpg,ada4bc3333b798a698dca45b5a2cdfa86b31c91ff8cd9bbf3687c0b69aa1f885,325726,1280,640,5,5,0,0,0,yes
train,1428,FloW-Img,training/images/000836.jpg,df7cc677855cfb655f2ba6cd77b9497182208e6039683f00e748a92d012a8d3b,396364,1280,720,3,3,0,0,0,yes
train,1429,FloW-Img,training/images/000837.jpg,eb7c24c88fda07030df3d226c82f3a709840f7df888a6ba06836943a0fe63272,354170,1280,640,2,2,0,0,0,yes
train,1430,FloW-Img,training/images/000838.jpg,691fdaf3a1afd05990db4f040c5ed6545aa70ee874315cc98f5b2f7721907b74,276785,1280,720,1,1,0,0,0,yes
train,1433,FloW-Img,training/images/000841.jpg,e2a558fd70755dc0e2f47febab335b362aea6be5470980b4ac4daaec74fa0d9b,311377,1280,720,3,3,0,0,0,yes
train,1434,FloW-Img,training/images/000842.jpg,33baa8f87adb5c5d34b14e264051b2b962bfc39f178ea32af75ce2982ead486c,284002,1280,720,1,1,0,0,0,yes
train,1435,FloW-Img,training/images/000843.jpg,1a2507d8fcadb87188f13ef6109e1b812665c8890c57af14652755f4b9907d03,248817,1280,640,3,3,0,0,0,yes
train,1437,FloW-Img,training/images/000845.jpg,cf1cfa9c8228a7d0428e45eb37806b82de9f5f410097c67bc0f52872598d18ca,354949,1280,720,5,5,0,0,0,yes
train,1438,FloW-Img,training/images/000846.jpg,5987552864dca9a1955d2396f571ed5782fd461b1605face6abac34e06c9e0d5,471185,1280,720,2,2,0,0,0,yes
train,1439,FloW-Img,training/images/000847.jpg,bd2c044d5a112aa325a7ced5c96451332552bba4add5d2bfe7720e6decfb84f3,383698,1280,720,5,5,0,0,0,yes
train,1440,FloW-Img,training/images/000848.jpg,7136b78dd6386cec71d7c9648975b6fad44e51beb850920365d527c8e4b08a7b,321789,1280,720,4,4,0,0,0,yes
train,1441,FloW-Img,training/images/000849.jpg,be8929d0449dd40479f2779c128bc043bc2a6a3234dd30bbe2485c5e2f9162e0,340620,1280,720,1,1,0,0,0,yes
train,1442,FloW-Img,training/images/000850.jpg,b670d1eb9d6683d1d8684e4cb72d00e87b46e664ca1f65ca9f309e82362aaca8,227684,1280,640,3,3,0,0,0,yes
train,1443,FloW-Img,training/images/000851.jpg,85c6ded98515c70de4b314474ca7846b31ec50cd18fe148f920f39799c04bc0a,325829,1280,720,8,8,0,0,0,yes
train,1444,FloW-Img,training/images/000852.jpg,7a45aee5ebd01b024213dde832af0afd62a17bd58e9c87f2767e8865437f67fa,359199,1280,720,1,1,0,0,0,yes
train,1445,FloW-Img,training/images/000853.jpg,02b51150714ab67bbee23097e9fe3a4722c07ff6e70b76babeb97c5d0fb98e24,483412,1280,640,2,2,0,0,0,yes
train,1446,FloW-Img,training/images/000854.jpg,e133a6d6dbe03ebeaa396db2e31f4c922824747e2a7af1702ec0274a4b1df474,370167,1280,720,4,4,0,0,0,yes
train,1447,FloW-Img,training/images/000855.jpg,ee09f333043ec752d1b6917510cc0c13a62701e4b416ae31d8db50d00bc79916,195226,1280,720,6,6,0,0,0,yes
train,1449,FloW-Img,training/images/000857.jpg,e23b11ad275ea617ea832d83a516e5f2b5a87ea6b8be470ec50a87487e466166,270953,1280,640,1,1,0,0,0,yes
train,1450,FloW-Img,training/images/000858.jpg,ab7fd4ab5fae0fc159d9acee2f71f738c34e4ad0178f7eecc16472b4a42ab5a1,323701,1280,720,6,6,0,0,0,yes
train,1451,FloW-Img,training/images/000859.jpg,bdfeca63ef4e1cbfcedf87d95f4c0b28170d3dc5ce4aca1f3b147e052990bdee,293878,1280,640,3,3,0,0,0,yes
train,1452,FloW-Img,training/images/000860.jpg,a0c32527e36a1da89e79f28fe20c2ee56d3388760f607efa494321a10a3b2f2c,286584,1280,720,1,1,0,0,0,yes
train,1454,FloW-Img,training/images/000862.jpg,fe22c09a10e674f29a1650c44c4f73307ab75fba471524fe38ede28595dd933f,308653,1280,640,1,1,0,0,0,yes
train,1456,FloW-Img,training/images/000864.jpg,936354a8f314b5d49db3a0e5668d5b2fc74ad7fc066f6297616b2cad1474ee70,308529,1280,720,4,4,0,0,0,yes
train,1459,FloW-Img,training/images/000867.jpg,f119082a83219697a1f0410056ce368aeb54ea019182a2a25c401f86c6e83148,451933,1280,640,3,3,0,0,0,yes
train,1460,FloW-Img,training/images/000868.jpg,4391e2c93146528e29d8b58e74bd7e2f61b02fd0f62f770d3a3609f73ca36624,463324,1280,720,4,4,0,0,0,yes
train,1461,FloW-Img,training/images/000869.jpg,3c7a56a484a53ee23c5d43e7b4849c462c80f3f8db3c7c3f619a3521abf2540e,191626,1280,720,4,4,0,0,0,yes
train,1462,FloW-Img,training/images/000870.jpg,5e3ae60ae23c5de09ec7ae08e15b09d3530f02c8dd020a177d6f14364f115e6f,304713,1280,720,1,1,0,0,0,yes
train,1463,FloW-Img,training/images/000871.jpg,4a4fb0a8f67c2ed45fdbfac59b2b630b7afef294fcf8736814f958c49e83196c,194675,1280,720,2,2,0,0,0,yes
train,1465,FloW-Img,training/images/000873.jpg,f418e2a4f2eaaa13c2410cebb3e8d066aa2f8199e7808b302d43b02508d95b82,439554,1280,640,3,3,0,0,0,yes
train,1466,FloW-Img,training/images/000874.jpg,e025c1e8f8490ecd35224bc45d8da5868b74f5d67acd444db4e75054ac04f8ed,288724,1280,640,3,3,0,0,0,yes
train,1468,FloW-Img,training/images/000876.jpg,138eab31389c2080ed1c67fe29a97c93fee909a9e471b496ce237128162e33a4,306726,1280,640,1,1,0,0,0,yes
train,1469,FloW-Img,training/images/000877.jpg,a2aec2afe8fa5111dfa462b657dc6b320b6fc21169d62824f0be6d974b6739e6,283549,1280,720,1,1,0,0,0,yes
train,1470,FloW-Img,training/images/000878.jpg,c135110c6e33d1dc5262cacb99311e9a817651590bc3f0653289e200322e0725,325208,1280,720,2,2,0,0,0,yes
train,1471,FloW-Img,training/images/000879.jpg,ce919b3bbe93eceee6dbccb652638ada4f470af2877db126e94d03dd26d219a2,284953,1280,720,2,2,0,0,0,yes
train,1472,FloW-Img,training/images/000880.jpg,709ffa0ac10fd50af05431c2f5fd927e30b0601ec19deaad681002542b54805a,278825,1280,720,1,1,0,0,0,yes
train,1473,FloW-Img,training/images/000881.jpg,d498a20c6958ab1bc1cef950368b9bed46fc6da8a642339ff834679a4b7c8dac,408121,1280,720,5,5,0,0,0,yes
train,1477,FloW-Img,training/images/000885.jpg,780511f8d914a89850fde624ee2d9399b04913baba3b1fae9e638ea5f66ff31e,350562,1280,640,1,1,0,0,0,yes
train,1478,FloW-Img,training/images/000886.jpg,0188e68c7401c405110b82f675d94ff1687d52098306d741bb6a512e97f892c2,335202,1280,720,1,1,0,0,0,yes
train,1479,FloW-Img,training/images/000887.jpg,f05ee859a379c94b51a5fcb4e1836526df676746dd56f56674aa5439a7b90b2f,383310,1280,640,2,2,0,0,0,yes
train,1480,FloW-Img,training/images/000888.jpg,0ab34d94e9db0ffc2a2547406d230e07c7b2a5546198e8e2c27dcfad61b1bbaa,249943,1280,720,1,1,0,0,0,yes
train,1481,FloW-Img,training/images/000889.jpg,1306b012d08a68bfe0e00ea5bbbca9938b52fafb235f9f1a6bd5d492e7330837,252508,1280,640,1,1,0,0,0,yes
train,1485,FloW-Img,training/images/000893.jpg,5538e390f03f2cf508f4dc37d0ed588abd92620c663db1f9a0f6f47f0cb3c721,304854,1280,640,5,5,0,0,0,yes
train,1486,FloW-Img,training/images/000894.jpg,7e6c483de7490bbb5925331bae49574c74273840255876a8b1533ad5fcb7a72f,187222,1280,720,3,3,0,0,0,yes
train,1487,FloW-Img,training/images/000895.jpg,3457d3cb02e9cea5e5f11a3aa80db02fd8dedb3b67492aabd0223eca474fdb52,436033,1280,720,3,3,0,0,0,yes
train,1488,FloW-Img,training/images/000896.jpg,a2ec3ed136abf9bbb98598796966d29bdda3656ab74720bd8ee219e96a9d1bf7,381322,1280,720,7,7,0,0,0,yes
train,1489,FloW-Img,training/images/000897.jpg,0b1788422a6949efc58d7eb31e927f70b795b820c6312a6e2989a33534042a47,327694,1280,720,1,1,0,0,0,yes
train,1490,FloW-Img,training/images/000898.jpg,2d91c1956aa276abe7104c265f39f04e2199b2a58ab99bafc42958cd41e44613,384845,1280,720,1,1,0,0,0,yes
train,1491,FloW-Img,training/images/000899.jpg,7f9eff4324090913ae47d7b1536eb6f010a3ea20334520087d290e471132c93a,356595,1280,720,2,2,0,0,0,yes
train,1492,FloW-Img,training/images/000900.jpg,ade45b8f288715cc2095434d33ce25c487ca993701386931e14353bdfba73c1e,324374,1280,720,1,1,0,0,0,yes
train,1493,FloW-Img,training/images/000901.jpg,86b414c23901c542a69d3eb44342ca31ad43f1e00f55b8d7e39e71b7614de625,325470,1280,720,2,2,0,0,0,yes
train,1494,FloW-Img,training/images/000902.jpg,c1b4242dd915dffcacb117f01ce1f5bbec2a90cacc7867e5a650eccbb2afbfbd,389895,1280,720,4,4,0,0,0,yes
train,1495,FloW-Img,training/images/000903.jpg,9415daf1895a54ced3cffaa648d494e360473959a90ffa11820588d083600a51,490501,1280,640,2,2,0,0,0,yes
train,1496,FloW-Img,training/images/000904.jpg,c18dd16bcb7c1724e041adf979d1d72f30b24f4015fbc90fa6bcd4d010129a3b,346475,1280,640,1,1,0,0,0,yes
train,1497,FloW-Img,training/images/000905.jpg,13cb029087f166d80640efe00d8e8a1f314e5b6e50c280f700b0037b928fb230,479028,1280,720,2,2,0,0,0,yes
train,1498,FloW-Img,training/images/000906.jpg,af5c4a192d5eb0b20ef892644a3154fff597bd53b692a7d99546642d5ae89b21,226857,1280,720,3,3,0,0,0,yes
train,1499,FloW-Img,training/images/000907.jpg,ca6a92efb6eba308d4caacd8fd3d3a79fe947853cbeb7a2292353f9f2b12ea25,291911,1280,640,3,3,0,0,0,yes
train,1500,FloW-Img,training/images/000908.jpg,54c86edc5c743d573a05416211b708ec21fecff284527932fda24f4f87472b9c,327274,1280,720,1,1,0,0,0,yes
train,1501,FloW-Img,training/images/000909.jpg,cceabbd3cb1cb1d2c00ca6933d3046c5b5328e366bec33114c8e3d9543254228,190550,1280,720,1,1,0,0,0,yes
train,1502,FloW-Img,training/images/000910.jpg,e40a1b02bc825b6827400f389af620de34011944393dfbf33457a454be703ad0,303885,1280,720,2,2,0,0,0,yes
train,1504,FloW-Img,training/images/000912.jpg,4f4eddea6d0a5c5aa4abf623b09a377f0b105a43aa9cf9b7cf3cc70c3a917b95,267665,1280,720,2,2,0,0,0,yes
train,1507,FloW-Img,training/images/000915.jpg,30665db50e50a701eb327a3e7042d46a3bcc9155e6e9afeaa628678c9320e394,339605,1280,720,1,1,0,0,0,yes
train,1508,FloW-Img,training/images/000916.jpg,67014926b9cd154f2d1bd19f257c8f6bd0c907b33abe192b51a467213549db9e,527910,1280,720,2,2,0,0,0,yes
train,1509,FloW-Img,training/images/000917.jpg,e51d4ad76f3e2d7ac014f7d56d373292f78bb8e6911d7ad7cd57f92fc908e493,337589,1280,720,2,2,0,0,0,yes
train,1511,FloW-Img,training/images/000919.jpg,a22b822c88a7fb4cd4698c45188d8375514c234bfa867678c51e92051d6f3eb3,369702,1280,640,2,2,0,0,0,yes
train,1512,FloW-Img,training/images/000920.jpg,81fb0e6775bb069e3c3ddaa2692f95e25e080c35cea4440bfc39893a368312ff,289074,1280,720,1,1,0,0,0,yes
train,1515,FloW-Img,training/images/000923.jpg,433180de19f499f7bef44065f424f452c2542680554928f065e14e69ad3b9d59,277286,1280,640,1,1,0,0,0,yes
train,1516,FloW-Img,training/images/000924.jpg,6c5fe98967f2f793d4c393006d5f0085784badd9fbd9137090435b53af3f014a,494374,1280,640,2,2,0,0,0,yes
train,1517,FloW-Img,training/images/000925.jpg,64f83ac4dae9d8a175390e94597f0c20c9ef083548f96c4b01ae8e65a8b65a9d,298895,1280,640,1,1,0,0,0,yes
train,1519,FloW-Img,training/images/000927.jpg,37511837d3f2d79ad6b008e631ab0ba8b405ba51f43bfe63a2401578903fcc3a,301075,1280,720,2,2,0,0,0,yes
train,1521,FloW-Img,training/images/000929.jpg,76594140e0fea54564c1be32046072b1fbc90405fafc3efd0bb04b324ebb723e,202196,1280,640,3,3,0,0,0,yes
train,1524,FloW-Img,training/images/000932.jpg,e610086f0144eb47fa288ae760685ba73fa115830727ab54ebb93edd33c2f797,538285,1280,720,2,2,0,0,0,yes
train,1525,FloW-Img,training/images/000933.jpg,53246580af16dbbc0ad5a8486bf677914039d6137db7f4a2456a95ac0336761d,246807,1280,720,3,3,0,0,0,yes
train,1526,FloW-Img,training/images/000934.jpg,f0cc0d4c3390b6b9506047cb8299af28f95c89cf2847caaae67e64a4158c5ce0,287696,1280,720,1,1,0,0,0,yes
train,1527,FloW-Img,training/images/000935.jpg,1ac071b7f9f592e54209e1a4c086feac75b9e93b07283f03fc825b96df6284ec,228577,1280,640,5,5,0,0,0,yes
train,1529,FloW-Img,training/images/000937.jpg,13bb6feb02248be59a04ab05356312ab12b8415837ef299a85a13fc642524f3f,244014,1280,640,1,1,0,0,0,yes
train,1530,FloW-Img,training/images/000938.jpg,afb6bcaafbd3b67c92dd6273f65fe33c44646610fca1cc377c57770bdd6332ea,353599,1280,720,4,4,0,0,0,yes
train,1531,FloW-Img,training/images/000939.jpg,6401d6435469311d03f8ce4f9373928fd628735fc5d527bf1b8487bec22f46a0,269573,1280,640,2,2,0,0,0,yes
train,1532,FloW-Img,training/images/000940.jpg,f25a2ffc5be90f58f2f0d411593056c304150a4051ec4c9c89dedb36b551e2e1,458388,1280,720,2,2,0,0,0,yes
train,1533,FloW-Img,training/images/000941.jpg,c5b3ebbb0998a8229df4c85d85d8fe098ad37a7f1a9ea5ffeb8467338e49d606,338079,1280,720,7,7,0,0,0,yes
train,1534,FloW-Img,training/images/000942.jpg,7393751bc903ceb28da562c8a2b4e014fc5b2cb06ec3497aa40f564f336fa2a0,305716,1280,640,2,2,0,0,0,yes
train,1535,FloW-Img,training/images/000943.jpg,441cdbf49a9c8763f7b3e815fff75c0e51096de5736f416b1650a7aecce8c75a,340956,1280,720,1,1,0,0,0,yes
train,1537,FloW-Img,training/images/000945.jpg,17596d4dd4275525a554d6b96f181f1743d215d3bd296744da77553a0d7428a3,208193,1280,640,1,1,0,0,0,yes
train,1538,FloW-Img,training/images/000946.jpg,45edd70d2012e4938e8063485cc30572cb2d1de6e052c2a873ff4c92cdcb5d08,385643,1280,720,4,4,0,0,0,yes
train,1539,FloW-Img,training/images/000947.jpg,69dbd91cc53a335c75cf009c2b2346d1a5e0260ff084e704eed7d5d120054e43,246973,1280,720,2,2,0,0,0,yes
train,1541,FloW-Img,training/images/000949.jpg,9bfff9c09b664dc075e949b8825d9837960af92141efe8c4e5050fbd32eb9e87,191464,1280,720,5,5,0,0,0,yes
train,1542,FloW-Img,training/images/000950.jpg,669cc3c1af0b1309d85c4bf82e31f6fdc091ad40649525c0c4638e430ebcbc6c,472095,1280,720,2,2,0,0,0,yes
train,1543,FloW-Img,training/images/000951.jpg,8625b01fde6513c8694b1da3b6b08ead5c94088b76e1b39c163468e5aa6756b8,269960,1280,720,2,2,0,0,0,yes
train,1544,FloW-Img,training/images/000952.jpg,23afeb43543a8a3ec4c95fc80ee49f02113e8af4ccfb237b1b7c8c996ab8df66,262187,1280,720,5,5,0,0,0,yes
train,1546,FloW-Img,training/images/000954.jpg,723015a1881608a481665c92e11c6011464884d0f0eeabf5022ec1d0ad312726,281350,1280,640,3,3,0,0,0,yes
train,1547,FloW-Img,training/images/000955.jpg,916fb913a433cdbc4abfcef3ebaf6a786a490c0699e0349053472d6a70728650,404170,1280,720,3,3,0,0,0,yes
train,1548,FloW-Img,training/images/000956.jpg,4782cde65a3995b130ffe62e6eb237d19ff63cf3d528e5f6be9baa4d45321b98,374592,1280,720,8,8,0,0,0,yes
train,1549,FloW-Img,training/images/000957.jpg,7869d8dcac80b0d61043132a405b233cbfeb30aab21b9e8d13b12a110b3ca706,401699,1280,720,8,8,0,0,0,yes
train,1552,FloW-Img,training/images/000960.jpg,b5d38fe560c1ef48d2a59c3b9f820b0436bad454f48ee1334fa9c3155ddd76e8,345873,1280,640,2,2,0,0,0,yes
train,1553,FloW-Img,training/images/000961.jpg,fc475395ad55953f54279247789213f7ebfd603c54982940820efeebe6431dde,355391,1280,720,12,12,0,0,0,yes
train,1554,FloW-Img,training/images/000962.jpg,692b2cda330ccf16a222c5f6a0978096e368949aa8c15b4d5a9e2a782d4a47f7,281791,1280,720,3,3,0,0,0,yes
train,1556,FloW-Img,training/images/000964.jpg,521d49e297c543d4b759d7e54c87dc0cb99612d918ef800aa5111fb5dc2dd27a,410824,1280,640,2,2,0,0,0,yes
train,1557,FloW-Img,training/images/000965.jpg,35a4acd69a3854a1a2e74702dcc89d76454ed38090496102920be6349be71284,450406,1280,720,3,3,0,0,0,yes
train,1558,FloW-Img,training/images/000966.jpg,531060b164d90e551dbf878a1a788fe281dc7019e890b82405f886172f8daf15,442310,1280,720,2,2,0,0,0,yes
train,1559,FloW-Img,training/images/000967.jpg,eb2b8f471ffe45060764459073c2f2fc658cfcfb7b78e7e19dcc2188a96abb32,345875,1280,720,5,5,0,0,0,yes
train,1560,FloW-Img,training/images/000968.jpg,aa6d9efd17ef15062b621d342d98eb1497dbcb70d070591b7194f8ad65334450,217521,1280,640,1,1,0,0,0,yes
train,1561,FloW-Img,training/images/000969.jpg,a72cdc60fc56400329821bfbdbb551a4977a8074a9969c5221b4e015a4ad7c6c,364895,1280,720,3,3,0,0,0,yes
train,1563,FloW-Img,training/images/000971.jpg,6a50449c8f8bad2f5da934ce0677d349ac17e19e2ecf626e03489689373596f6,359025,1280,720,1,1,0,0,0,yes
train,1566,FloW-Img,training/images/000974.jpg,6a2cbec6b2e7313c364eea2d9f28391c168973e4bd8802f41e3c2c043ee7f167,406167,1280,640,8,8,0,0,0,yes
train,1567,FloW-Img,training/images/000975.jpg,c015a65b8b9a8efc4ab548e9f129c1a7cf26f50cb17d7a53b9829e480b8ad8a8,186156,1280,720,2,2,0,0,0,yes
train,1568,FloW-Img,training/images/000976.jpg,140100cb8f82265d353882ba91bdc91402aa07401a842e2885a5c2f2b10cd79f,315305,1280,720,1,1,0,0,0,yes
train,1570,FloW-Img,training/images/000978.jpg,71308f7f80d1f20ff78a62811f23835278919cc7b15e2abdaa84853090137ac8,190768,1280,720,4,4,0,0,0,yes
train,1572,FloW-Img,training/images/000980.jpg,39044e43c46644750c855d84135ad4d8128a1070bfa0d2e0d54871555f5a92ee,280157,1280,720,7,7,0,0,0,yes
train,1574,FloW-Img,training/images/000982.jpg,a7c4a135bb772e259e9f54bb503bf5f10ededc7ff65587d7f4030118b7889293,256746,1280,720,1,1,0,0,0,yes
train,1581,FloW-Img,training/images/000989.jpg,5711e16f584026c0037fe2e62678057c94d72a98ab13972f9d0d90847b4fd97b,267977,1280,720,2,2,0,0,0,yes
train,1582,FloW-Img,training/images/000990.jpg,1f430e1ebcdb0e719187ebb9e5fa44732c0f3e37c36e85702feb2c0fb3e8e165,273851,1280,720,4,4,0,0,0,yes
train,1583,FloW-Img,training/images/000991.jpg,f1e45ad1abe6c9c80871ea474d7dbff67286569540a90c8231b3bfafcb8e81ce,288353,1280,640,2,2,0,0,0,yes
train,1584,FloW-Img,training/images/000992.jpg,c811ef1a2cc78419b3b39176456428ad00db8930b0d4cdce42fe9255827a97b6,257972,1280,720,1,1,0,0,0,yes
train,1585,FloW-Img,training/images/000993.jpg,f816e8c5c5826d58a049d167d306dc13994e729ec857a978d05e1f4538c3f450,189101,1280,720,5,5,0,0,0,yes
train,1587,FloW-Img,training/images/000995.jpg,cd718909cc5e396fea553b7ce6225522b44f9edb89a1be7f0482270f16631780,412202,1280,720,2,2,0,0,0,yes
train,1588,FloW-Img,training/images/000996.jpg,9551ed9a95d72ecefce0ffcd3702fd40430948d74ccc8acfdd680f7979c53761,190036,1280,720,3,3,0,0,0,yes
train,1590,FloW-Img,training/images/000998.jpg,2bbeceec7e593a5d7a9fd83289207e155915ca501a25ea034e7ee52c2729221c,189312,1280,720,5,5,0,0,0,yes
train,1592,FloW-Img,training/images/001000.jpg,655d30406d8fdcd3ab47d40a6038d3082bd0ab480e74c9fc43fd89d4f49d4665,468449,1280,720,1,1,0,0,0,yes
train,1594,FloW-Img,training/images/001002.jpg,cb0be9ba82d572faac33eca97fd6ce5919df7782891d0649064efb0129d09aa5,235977,1280,640,1,1,0,0,0,yes
train,1595,FloW-Img,training/images/001003.jpg,bf17b7358146a33a87973015d0c9ef548c8941f9ceab73992d07941c8b0696dd,310574,1280,720,2,2,0,0,0,yes
train,1596,FloW-Img,training/images/001004.jpg,f3472d480544cf5df2886f281c53896c50c53d5de3010e6ca788d5004c14fa97,456723,1280,720,2,2,0,0,0,yes
train,1597,FloW-Img,training/images/001005.jpg,b7cf221aba288086a6086a0f03084eb0186b63bede9a14d899b2d6d1796dad40,308703,1280,640,1,1,0,0,0,yes
train,1598,FloW-Img,training/images/001006.jpg,5f5979d32a452c52e5f535579077943183a911aad4a80d5b342c948e8aee8535,322079,1280,640,2,2,0,0,0,yes
train,1599,FloW-Img,training/images/001007.jpg,5cf9470c1bb11dd83949771da790c64b316b5096b75695c4ab56895f259ae2a2,324933,1280,640,2,2,0,0,0,yes
train,1600,FloW-Img,training/images/001008.jpg,357e1d4334f357af3ae7fa06132c6b3a5b8226bb1bc37497aa84a45f779bf1f8,300891,1280,720,2,2,0,0,0,yes
train,1601,FloW-Img,training/images/001009.jpg,c05e9d7957d1baee7ddbad8ac403caaac7d6b2ca21ac91ea06882f018226086d,242555,1280,720,1,1,0,0,0,yes
train,1602,FloW-Img,training/images/001010.jpg,3884ba62fd807fcecb1069e9c1045fc0331a8ef32a21c2d3c40b4c285f17db64,187021,1280,720,5,5,0,0,0,yes
train,1603,FloW-Img,training/images/001011.jpg,e808e5782ce9d6a69a4d9ca446a5d668df33b1a47b7d4492c5193d94efe58db2,332695,1280,640,1,1,0,0,0,yes
train,1604,FloW-Img,training/images/001012.jpg,7e090cbdf2ef55bc57301f88931cb1482f621b28853fabc29eae23151ffe99b6,251553,1280,640,1,1,0,0,0,yes
train,1605,FloW-Img,training/images/001013.jpg,c349fa582ef651e02d108d19bf02bf48e89f201135412e93c50b31b978b4e01a,245751,1280,640,1,1,0,0,0,yes
train,1606,FloW-Img,training/images/001014.jpg,13ccb20c95a3331ebc9749bbcd04986fb4fe3ba9568eea50c9877ad1e3a87fdb,247267,1280,640,3,3,0,0,0,yes
train,1607,FloW-Img,training/images/001015.jpg,6c58c2129a97d4a682eb65467c400ee3f21fe900dc3a993dca82b6091e3f8b85,220255,1280,720,2,2,0,0,0,yes
train,1609,FloW-Img,training/images/001017.jpg,1b82ecc02dc47f23dab38d8175865976c5eac532325afbe78e8a1be85cf433c3,436207,1280,720,8,8,0,0,0,yes
train,1610,FloW-Img,training/images/001018.jpg,7ce6509cddce1e16391b2f51d226e2a0b39657f156b9b3447529c37d70eb4059,200000,1280,720,2,2,0,0,0,yes
train,1612,FloW-Img,training/images/001020.jpg,11919e36907ad23e35f92b15993d4ecb7306bbff643c4cad3d5b40879a41f192,335852,1280,720,2,2,0,0,0,yes
train,1614,FloW-Img,training/images/001022.jpg,fc0c2325c58fc810a3dcd2ceedd9170a15d5a66e88957d31bf6a064fbf1b65b5,416008,1280,720,3,3,0,0,0,yes
train,1615,FloW-Img,training/images/001023.jpg,12693ee9b527a508ee707258903d09ead8bb815499df44ed077cef0482a9dd82,302855,1280,720,8,8,0,0,0,yes
train,1616,FloW-Img,training/images/001024.jpg,ed78a7ad73d357e0e8936527a2359bbd7d2deeceb8e1334d028eb281baf0314e,364187,1280,720,5,5,0,0,0,yes
train,1619,FloW-Img,training/images/001027.jpg,9c0c4a07802be500b350aafba9e4f51fc2ca93c2e3332f8bc0f842441240255a,362875,1280,720,2,2,0,0,0,yes
train,1621,FloW-Img,training/images/001029.jpg,15d9d8c4cf5b1502f2a890c36db5368e776bc5398477f4a373f3455ea44e3a58,187519,1280,720,5,5,0,0,0,yes
train,1622,FloW-Img,training/images/001030.jpg,9044d64a2a70b5623ef955511d1b4a06d5044e70f502b61fd42f95c1be81193c,275260,1280,640,2,2,0,0,0,yes
train,1623,FloW-Img,training/images/001031.jpg,f4496fe7bacbf19407e2269283aa6bbfc7e7cda5f48b6636aab9cb4efb5400cd,355872,1280,720,1,1,0,0,0,yes
train,1624,FloW-Img,training/images/001032.jpg,7d534efe34e53db1d426efabd412a031cb2a4044e792aa9142b9a13c74853fa6,326789,1280,640,2,2,0,0,0,yes
train,1626,FloW-Img,training/images/001034.jpg,fc729bda5589829169f4fd1c79a8600a4465592c35e253a04aed1d3f1b0eb4b2,392307,1280,720,3,3,0,0,0,yes
train,1627,FloW-Img,training/images/001035.jpg,e4df309af4292f8f2326518e46801444b6018f994b5f5b14984538bc113e5e83,288600,1280,720,5,5,0,0,0,yes
train,1630,FloW-Img,training/images/001038.jpg,031826504044017777370dcf7a09edfd0e9be61962e8ec610f7225cfc1d9cc30,189066,1280,720,2,2,0,0,0,yes
train,1631,FloW-Img,training/images/001039.jpg,bfd3f92a6a3f31b81affae4d0c04e1aa504990f28c31337e7457731b90150d2f,211922,1280,720,3,3,0,0,0,yes
train,1632,FloW-Img,training/images/001040.jpg,39fb6f90876e8ca67cf2b86b81b35fa37b315e5a6450c68ce537d44096e412b9,330294,1280,720,2,2,0,0,0,yes
train,1633,FloW-Img,training/images/001041.jpg,3a09aadfb816e7e1d8464a11eff617acca3c5a44cf05c9d6d167bbaa1dc56d59,313004,1280,640,1,1,0,0,0,yes
train,1634,FloW-Img,training/images/001042.jpg,81fad12654efc89350c5c7359f9c095f52a6c7cdb1463fb7e698e86ef5b26bdc,429555,1280,640,1,1,0,0,0,yes
train,1635,FloW-Img,training/images/001043.jpg,68de09026ae0b07f05a359151fb25d599dc19089065b1c10fc36de020fed6d85,254964,1280,640,1,1,0,0,0,yes
train,1636,FloW-Img,training/images/001044.jpg,8d4b6c78168701dd4427bb01d27bc17ecd397470367676c06f1c496549a4929c,312963,1280,720,2,2,0,0,0,yes
train,1638,FloW-Img,training/images/001046.jpg,e013270de9c7ce72165cca7fe6a4bd7cac7dbadfb935f0db695d43632e66cb45,329509,1280,720,1,1,0,0,0,yes
train,1639,FloW-Img,training/images/001047.jpg,0dd09bc9f321bdb4449dff779778430a8e4420761db9d46aa48d5915dbde1ade,418016,1280,640,2,2,0,0,0,yes
train,1641,FloW-Img,training/images/001049.jpg,3c4a33f1cde3dff5716bdeaddcb71e3c2e453c4761e0e17cb10054ea9d16a93b,413822,1280,720,1,1,0,0,0,yes
train,1644,FloW-Img,training/images/001052.jpg,c57def57d17895a43c8f27b4f44724de0e287b28074593c9c3685df70785110b,231428,1280,720,1,1,0,0,0,yes
train,1645,FloW-Img,training/images/001053.jpg,e012dc6a862a127a0be6bc105273cb4fd64d856fa433393d9e684c1bdd287a45,231543,1280,640,2,2,0,0,0,yes
train,1646,FloW-Img,training/images/001054.jpg,41bf53685ddf0991fc814b716126cb035c3d577a24971d36a8a3c59f6f8c35c6,271299,1280,640,1,1,0,0,0,yes
train,1647,FloW-Img,training/images/001055.jpg,dddf15a96f1874f5804e6035dd0d77f9273c2264e7c4067c96b9ab850ed8d6a2,350669,1280,720,5,5,0,0,0,yes
train,1649,FloW-Img,training/images/001057.jpg,72dd8c3d40372a57832f5d1010f89edf5279ac8eb920265af53b5dc355086354,277334,1280,640,1,1,0,0,0,yes
train,1652,FloW-Img,training/images/001060.jpg,0f5adebdc7d5e968d7cbef07b793ec87c87b599de045f158d09ebe5eeb7890e4,504002,1280,640,1,1,0,0,0,yes
train,1653,FloW-Img,training/images/001061.jpg,ebe93652ec8ea8bd1ff085ba2cd418c2336d9a92923906cb2313aee2e2215b0e,324954,1280,640,1,1,0,0,0,yes
train,1655,FloW-Img,training/images/001063.jpg,0e973ebfb136d6fc1ad594403d7bd471ebfc68095bdfa5d1dc14f6a252ee9a0c,245556,1280,720,1,1,0,0,0,yes
train,1657,FloW-Img,training/images/001065.jpg,471f9b34e2d231dea826150b18c4ea5f3fac597f23fed7df0a9c64527140295c,571001,1280,720,7,7,0,0,0,yes
train,1659,FloW-Img,training/images/001067.jpg,aaa8df79f545d6afdb53fad66ec1bffc32fe6d7218c14f1b004055fd3570ce49,279114,1280,720,3,3,0,0,0,yes
train,1660,FloW-Img,training/images/001068.jpg,6dcb535e134e081591457edf46f4be87550799b6b81d2f67d5ffd3ea263fb13e,424131,1280,720,2,2,0,0,0,yes
train,1661,FloW-Img,training/images/001069.jpg,0a4f68d3437ec6194d66bcba7aa8a861c15212581e5294595f04e5f2e4c60fce,328159,1280,720,4,4,0,0,0,yes
train,1662,FloW-Img,training/images/001070.jpg,71a1f2cb0401268f2414ddfe420c7652d86e4022d482e57d10848fd7e8fdea76,245880,1280,720,2,2,0,0,0,yes
train,1663,FloW-Img,training/images/001071.jpg,a6daf959d794b7fe74465246f02dab3256ab1032f770f14b580d3eff59f4e37c,467155,1280,640,1,1,0,0,0,yes
train,1665,FloW-Img,training/images/001073.jpg,20909280a6f412f37c76463bba48375b588679a2af8954ffca1db5c0a87d87a8,389284,1280,720,3,3,0,0,0,yes
train,1666,FloW-Img,training/images/001074.jpg,ea288e4fc3562fc4a48e0b89725e0147fb55350312a40a7a9055a5019b073da1,336406,1280,640,3,3,0,0,0,yes
train,1669,FloW-Img,training/images/001077.jpg,caa8f7f75a679a588018c5e9b7e3e66a52ef5ec8c0ec94fc01f01eb97bd3196f,216638,1280,720,3,3,0,0,0,yes
train,1670,FloW-Img,training/images/001078.jpg,ad74739e8da5f08381df79c11db04e068aa01a6f9b7c60ac1ca0dc0d991a2efe,194253,1280,720,1,1,0,0,0,yes
train,1672,FloW-Img,training/images/001080.jpg,541df740f5c96eca4aea29f544f9d53756d2cacd25714ac506749d49bdaabfe6,193654,1280,720,4,4,0,0,0,yes
train,1673,FloW-Img,training/images/001081.jpg,9f9beab1e53757b20263f47957bcbe693ff3a671e352974a59c22c01d0057751,239735,1280,720,3,3,0,0,0,yes
train,1675,FloW-Img,training/images/001083.jpg,b016d979158d0b25a3dbb82d3ce224e7072bac7eda718a33545bba276adbf09f,443863,1280,720,3,3,0,0,0,yes
train,1676,FloW-Img,training/images/001084.jpg,51a639e81655ad160f8a379c96654fe09056a397f43da0e849553f752882af0f,306105,1280,640,5,5,0,0,0,yes
train,1680,FloW-Img,training/images/001088.jpg,b8ddc360088f25b09dd0aae0a7ef060efdaecccddea9ec3e02fb983c64822b73,304437,1280,640,2,2,0,0,0,yes
train,1681,FloW-Img,training/images/001089.jpg,cc0f88f5b71d1a0b41edab2a9c1cd570480855eb67131658199260c66731fb4a,228265,1280,720,3,3,0,0,0,yes
train,1683,FloW-Img,training/images/001091.jpg,8e14fd86366dddb570668392712cbb8dee051cfd50cac00438d72c3e593bbe22,396689,1280,640,1,1,0,0,0,yes
train,1684,FloW-Img,training/images/001092.jpg,090048f8e8153122c5f5e449d27d54152f47a673fc2215c1f391aac1fbf2e9e2,349603,1280,640,2,2,0,0,0,yes
train,1685,FloW-Img,training/images/001093.jpg,4e9564aaba7371264192d1faef9b9af9c4a5f12fddb08808ecb560fe6bb88662,271224,1280,720,6,6,0,0,0,yes
train,1686,FloW-Img,training/images/001094.jpg,059bc04df338d47a550dd202aec87944533aff13e530b4515fbb9f085aecdba2,286173,1280,720,1,1,0,0,0,yes
train,1687,FloW-Img,training/images/001095.jpg,181b32a6cae8c44acf67f37fc127ae3cfbc9dc773d21e78c38226431ff4c64d3,366437,1280,720,3,3,0,0,0,yes
train,1688,FloW-Img,training/images/001096.jpg,76cc6c7f68373b511be7e1bd70448d2963b956010dd297e695d36663e0274641,281590,1280,720,1,1,0,0,0,yes
train,1690,FloW-Img,training/images/001098.jpg,d9b11b6e464d3ccfbc39970b0a42fb17a44d380fa1c8f800911e74f841dbcb74,407450,1280,720,1,1,0,0,0,yes
train,1691,FloW-Img,training/images/001099.jpg,b2ce79ed786bf9139f9c6d95024354e8f8905148078d03cd760d51e99a526759,201573,1280,720,3,3,0,0,0,yes
train,1692,FloW-Img,training/images/001100.jpg,47d2a0fc9b9b6d327e3f0315f647f1d20caad431b00b15083df206d41bc3e320,296288,1280,720,4,4,0,0,0,yes
train,1693,FloW-Img,training/images/001101.jpg,af3378fa067147dafc1b119dd5819bd876cfdaf339764aec79181b947b63b902,291606,1280,720,2,2,0,0,0,yes
train,1694,FloW-Img,training/images/001102.jpg,e365fd761d6b82fb50526725f442f200477ce9329fdd167610cbe3351eabbd94,380906,1280,640,1,1,0,0,0,yes
train,1695,FloW-Img,training/images/001103.jpg,acc58a1b2192393d15ca39144a1644904f6092564b4048d9d3ebe54843c04fb8,344967,1280,720,3,3,0,0,0,yes
train,1696,FloW-Img,training/images/001104.jpg,31bdee2b517faa7de38399bf04b7286ba5c4ea1e7fd178efde5f86eb53df0f54,355679,1280,720,1,1,0,0,0,yes
train,1697,FloW-Img,training/images/001105.jpg,5920dad789a444e1c0b2b92723d18ee5d6b3e62319191df062462cf4943e0c37,215765,1280,720,3,3,0,0,0,yes
train,1699,FloW-Img,training/images/001107.jpg,1fe755981a832906552dea9afdc4250d366124d587dfebe28c63ea9f6e99d976,260008,1280,720,1,1,0,0,0,yes
train,1700,FloW-Img,training/images/001108.jpg,7341969debabdc475b733ac8b8918fe23a6ed2b6a95c8b41b245c03946eba06c,305237,1280,640,2,2,0,0,0,yes
train,1701,FloW-Img,training/images/001109.jpg,2372f95e22f91c1fdfb88ffb9aadf8828422872455c390d393f4bd474241fcf8,294694,1280,720,6,6,0,0,0,yes
train,1704,FloW-Img,training/images/001112.jpg,69a6a25f976b2237fcb975bd6fd4182c9c7725ff7d7fbfb28ff25dd1843dcb97,233374,1280,720,3,3,0,0,0,yes
train,1705,FloW-Img,training/images/001113.jpg,2f1628804624cbc2bf2d26e02c3e8ac3ef471baf9b6b5aaab5714a5ba34ff7e3,328684,1280,720,11,11,0,0,0,yes
train,1707,FloW-Img,training/images/001115.jpg,48a06771461ebd13cb8806f410eaa43411c348fff059a3e2bd609abec4be0313,514041,1280,720,3,3,0,0,0,yes
train,1708,FloW-Img,training/images/001116.jpg,482865d72758a9d0f48429b1a88eac275aa34d687fe3ea9e6724bc89e4a70700,296881,1280,720,2,2,0,0,0,yes
train,1709,FloW-Img,training/images/001117.jpg,1c64cab147f00e39b94e7183075245dff7e7a8c4017d532d64dac188775e40d4,268205,1280,720,2,2,0,0,0,yes
train,1710,FloW-Img,training/images/001118.jpg,db26bbe3605e0e58c300b582c9bbd72d591ae8bbc12028b896b03ff411873f1e,403270,1280,720,1,1,0,0,0,yes
train,1713,FloW-Img,training/images/001121.jpg,c1649679fe4b9ca7fa774602febda56cbb26b13763bd14170c9f3fcfc8498eb5,455696,1280,640,1,1,0,0,0,yes
train,1715,FloW-Img,training/images/001123.jpg,6873ecea6dee2ded05a6bbb0742c7786fc316d1eb65254f377907a1c8b957452,237894,1280,640,3,3,0,0,0,yes
train,1716,FloW-Img,training/images/001124.jpg,ffad087968ad243eecfd65e6939cea2db711d345741d01bb3568480cf68ac7c4,340166,1280,720,3,3,0,0,0,yes
train,1717,FloW-Img,training/images/001125.jpg,06ed9129ff12fa3b49a96cb14c16b8c32c22b6750a694da88a7238e63f47b168,287902,1280,640,2,2,0,0,0,yes
train,1719,FloW-Img,training/images/001127.jpg,bb9d91d6fa4de90ff0a847424dc90d536c84df3540373188dde0b3474695567f,222483,1280,640,2,2,0,0,0,yes
train,1720,FloW-Img,training/images/001128.jpg,6e59a43b45309cd575be09acef9f52cac279189567da477b375d9b02ee08e54d,334850,1280,720,1,1,0,0,0,yes
train,1722,FloW-Img,training/images/001130.jpg,abd533a560b57d4825a78506124b927d7813e3e4d0eb9dae06d25d6573623ea3,363223,1280,720,2,2,0,0,0,yes
train,1724,FloW-Img,training/images/001132.jpg,c2ac8b73f2d23c04e5436cdbeec6b0887930f54b3bbabeb4c1f765475c97bda9,343142,1280,720,1,1,0,0,0,yes
train,1725,FloW-Img,training/images/001133.jpg,4bfed2c975b267d20113ef8f3038055976eb84d712683e13c9a1a175dd7b6b74,344848,1280,720,1,1,0,0,0,yes
train,1726,FloW-Img,training/images/001134.jpg,e1aac961d25646fd9106c7beded13a3526c1850a034f7c95782e504ec7c8219e,343496,1280,720,3,3,0,0,0,yes
train,1728,FloW-Img,training/images/001136.jpg,e4cb7b0aea0bb0e274e69a588f2c88250cf9bf2de6f8d3a546700de49a00b888,427416,1280,720,11,11,0,0,0,yes
train,1729,FloW-Img,training/images/001137.jpg,c87254a773d96f45bbe6d3ec2cd188f79879c2eeae06843733d0d98542b40528,317687,1280,720,1,1,0,0,0,yes
train,1730,FloW-Img,training/images/001138.jpg,ff6feb26fec10105a49cb29deb9c041afd71b240898fc7d21a9e27f87d9e129f,337080,1280,720,1,1,0,0,0,yes
train,1731,FloW-Img,training/images/001139.jpg,11ef2cde66b9ed64647ee9edec0067a882b60f2d46cf9d0bd0909c70f062c25a,295370,1280,640,4,4,0,0,0,yes
train,1732,FloW-Img,training/images/001140.jpg,a0b801a25f969eb1b742ba70f99522d7c7fce9da4df1e13c7eb56a611384c42f,340717,1280,720,1,1,0,0,0,yes
train,1733,FloW-Img,training/images/001141.jpg,de4c6a67c9f66c705ac708ddeec4be055e277d58309f64fa8d2458226a94a4b1,340044,1280,640,1,1,0,0,0,yes
train,1734,FloW-Img,training/images/001142.jpg,71a29cae0f3d8b7e60f1a38be2d1b6672143ccbdc092b82e5e71a6b7606820f1,358265,1280,720,1,1,0,0,0,yes
train,1735,FloW-Img,training/images/001143.jpg,ccc860b185f6f398d395b34caba63420cacd590f9046bb2a4b63ef791aa4d404,471707,1280,720,7,7,0,0,0,yes
train,1737,FloW-Img,training/images/001145.jpg,0b3aeb6224cd5870ff23d0393e73828272a00d8429c2f4cc170c1833996aee11,477848,1280,720,4,4,0,0,0,yes
train,1738,FloW-Img,training/images/001146.jpg,5e842ffee8395200c896fb154a1c5be2f7228a136e82256478fababfb94786d4,422610,1280,720,2,2,0,0,0,yes
train,1739,FloW-Img,training/images/001147.jpg,9507a085baf0cca349e817aeb927a8dad2b4bb80f4578a0a74ba59d17a7412f4,318675,1280,720,1,1,0,0,0,yes
train,1741,FloW-Img,training/images/001149.jpg,06eb2b0585cdacbdb1f5ca8183849ca812aa45ff4c51dd640cd7a3e1522e668c,332869,1280,720,1,1,0,0,0,yes
train,1742,FloW-Img,training/images/001150.jpg,b1ae56024ea887bdb2e2ceb1dfe735debc7e3a79b19dde79c6815eb2196674bd,318901,1280,640,4,4,0,0,0,yes
train,1743,FloW-Img,training/images/001151.jpg,deeb392f6b99bfb983ae04d2bfe8485afd1698e2710afa982f68aa4eeca22519,355481,1280,640,3,3,0,0,0,yes
train,1747,FloW-Img,training/images/001155.jpg,5b184b1af6b4f308785b7c1f6b1c929f1b4b246c73cba8ecde6b09716ef6cfcc,193556,1280,720,4,4,0,0,0,yes
train,1748,FloW-Img,training/images/001156.jpg,bc7ee943d29d13885bb861f44fc85198ed30b320c1d04e0b46abb26fa2116e25,256027,1280,720,1,1,0,0,0,yes
train,1750,FloW-Img,training/images/001158.jpg,d8fa073d6fbfe460a85112ad30a03221f0ae415cee16546d318dd32f8a366c43,332422,1280,720,1,1,0,0,0,yes
train,1752,FloW-Img,training/images/001160.jpg,9d3213f52186d4f52ac5a5928481f0217c5f53f8426f16b527c7e1f66738dd91,335439,1280,720,1,1,0,0,0,yes
train,1753,FloW-Img,training/images/001161.jpg,16afd28c9b631ba058ce458e538024b40ca34aad2ad09bfc1d27b4a54276f34c,479137,1280,720,2,2,0,0,0,yes
train,1754,FloW-Img,training/images/001162.jpg,0abd8c88c22bf78c15519b24e6906e082c13240850fbb9fb4327b4c820a4821d,492499,1280,720,1,1,0,0,0,yes
train,1756,FloW-Img,training/images/001164.jpg,c9e46e280478475ab4afa0ae344264e1d98afc5c3ff394f8f1f73e2c84052f5f,190347,1280,720,2,2,0,0,0,yes
train,1758,FloW-Img,training/images/001166.jpg,38239db21ed8b6923ef8af1f3311b26cfa88646155cb8e4df48977e34276f211,296419,1280,720,6,6,0,0,0,yes
train,1759,FloW-Img,training/images/001167.jpg,f6d423243ccb7a90739f50e9082cca841f49920147e56d0590888f3f421ad97a,381131,1280,720,5,5,0,0,0,yes
train,1761,FloW-Img,training/images/001169.jpg,c8bf1be4d73d7b7f90dc1fd32d2348921f7d5bf3b2d71e2dbca6fb4b195976bd,312861,1280,720,2,2,0,0,0,yes
train,1763,FloW-Img,training/images/001171.jpg,07beecf7a34d8b6eedd8d9dee12b4ad05e612177e786ad5447fe20ca9ba0a858,188945,1280,640,1,1,0,0,0,yes
train,1764,FloW-Img,training/images/001172.jpg,2ed5c03adabe1121b377f48f47a5a91c6ec6e7f75a0cae009931dce2ba1c6175,286200,1280,720,1,1,0,0,0,yes
train,1765,FloW-Img,training/images/001173.jpg,fd346426b781f573f5f0b2d05b9a63bbf36ebb0032ccf2b40ced50c5ea0b8c92,288088,1280,720,4,4,0,0,0,yes
train,1767,FloW-Img,training/images/001175.jpg,fbe4df0fcc9e39b45400992c4a96c080ddc68ccc884620a493991dc14d372be2,328400,1280,640,1,1,0,0,0,yes
train,1768,FloW-Img,training/images/001176.jpg,345a1dfd1c8a96bf9d165876ca5b3d9cc2acfbc56cf2df4ac4898c2b67d5f9fe,327414,1280,720,8,8,0,0,0,yes
train,1770,FloW-Img,training/images/001178.jpg,42fff8ffcd4196281fd7f335db487fb30497f37266fa3a09638422fae6d92759,309311,1280,640,1,1,0,0,0,yes
train,1772,FloW-Img,training/images/001180.jpg,27ccdfc4c2856ce9b279ee7c4596441bf30990c703f0de0d10ea12862f5b4afe,210445,1280,720,2,2,0,0,0,yes
train,1773,FloW-Img,training/images/001181.jpg,d998b82037a66b874a53617e6e4845a3bb7aca008ade89696d925b6578836e51,453020,1280,720,2,2,0,0,0,yes
train,1774,FloW-Img,training/images/001182.jpg,a71498bdd9447e81124151c99e05001fd19a2a085c9dfdc00ca867dee47b2dd3,205460,1280,720,3,3,0,0,0,yes
train,1775,FloW-Img,training/images/001183.jpg,e9e08ff6583fb1941edca36cb3d384820e24a0ca37049c935a64b1e055adaad8,446722,1280,720,9,9,0,0,0,yes
train,1777,FloW-Img,training/images/001185.jpg,2c9966cdf008f6f28884e1977d7642b6ceca8a015a1d024815cd44d627deab8d,398007,1280,720,1,1,0,0,0,yes
train,1778,FloW-Img,training/images/001186.jpg,03c2cab9a64cda2a36c6fe86564415023dc8fbc68b512589c5164db01cd63520,279455,1280,720,1,1,0,0,0,yes
train,1779,FloW-Img,training/images/001187.jpg,3a05b7b6e4f8ac31a89bd4ad77ee4800202db3f879785a3b0f46ad533dc1290d,407278,1280,640,1,1,0,0,0,yes
train,1780,FloW-Img,training/images/001188.jpg,c64f3b9b8310db066ff584cbfd8521ebc4dbac8c87285d32471f47573abfcf6f,341649,1280,720,1,1,0,0,0,yes
train,1781,FloW-Img,training/images/001189.jpg,5e8b4d706e0283649d81efe641252668db32ab3d5cfa0af9e4d6f0826c81b0f5,403178,1280,640,1,1,0,0,0,yes
train,1782,FloW-Img,training/images/001190.jpg,f893b5b9861ad73de63de93650513734e667c5bb5827e12dfaa1fb5fe63eb111,325277,1280,720,1,1,0,0,0,yes
train,1783,FloW-Img,training/images/001191.jpg,9b85e28bf6201a6d67a26c6fed214fc0c142a7f4e6e48ed40ecb8d9390c26cf3,272300,1280,720,1,1,0,0,0,yes
train,1785,FloW-Img,training/images/001193.jpg,744b5ff0884f8e9612174e36fe507ec1931882f22ce1ba3818bf98f34c8e3247,363271,1280,720,2,2,0,0,0,yes
train,1787,FloW-Img,training/images/001195.jpg,c8e5e95cc6774540f505244dfbe139b00b9265040c68b32f4ef6396a0d470cb9,316455,1280,640,2,2,0,0,0,yes
train,1788,FloW-Img,training/images/001196.jpg,d82167a865e6822cf94ce891bb6887e46fd6f0f5fa66e3e81d208ce5b200a3ac,371480,1280,720,7,7,0,0,0,yes
train,1789,FloW-Img,training/images/001197.jpg,5ace35376e0b65fe50e1c62e23b51aadeee9d26a44020891332935fd93536fe6,319529,1280,720,6,6,0,0,0,yes
train,1791,FloW-Img,training/images/001199.jpg,199bb56dca5b1b1c1ebf53c149118e67560ab6ade8506261a374b05b8dd0b9b9,401011,1280,720,2,2,0,0,0,yes
train,1792,FloW-Img,training/images/001200.jpg,4b51b3d55d32a6275bc52fecb49ba2307376952f6dcd4400e206bc744a1782be,298813,1280,640,1,1,0,0,0,yes
train,1794,FloW-Img,test/images/000002.jpg,aed7fc63084ede5bdc7f7a416092c36a97137969b7cb4d4248b0d46138b53fff,321155,1280,720,1,1,0,0,0,yes
train,1798,FloW-Img,test/images/000006.jpg,2893365e6eb004b97213e004fff50ce6e2348bbed314452cbfabb451838d57df,378935,1280,640,4,4,0,0,0,yes
train,1799,FloW-Img,test/images/000007.jpg,5317d0818125e7d768b4657713a624d0aa179801b38e21a945a90d63c02f14d5,340959,1280,720,2,2,0,0,0,yes
train,1800,FloW-Img,test/images/000008.jpg,e099ad88e655852e90c27a8ddf3d253871db944be1be3eefc425fee714fb499b,291653,1280,640,2,2,0,0,0,yes
train,1801,FloW-Img,test/images/000009.jpg,d4397088095dc05267c5b0cde12e1cd5298d68ea6c26ceb038657313cdb263c4,247730,1280,640,3,3,0,0,0,yes
train,1802,FloW-Img,test/images/000010.jpg,c358b9fcae2fe66fdac29b3821aa98336cb9dcb0e6e3f608decddc2515676744,320014,1280,720,2,2,0,0,0,yes
train,1803,FloW-Img,test/images/000011.jpg,635a4ab48ad60c3be11f039d261f8716edc031e0f00a5ede8a30647252d10d67,408060,1280,720,1,1,0,0,0,yes
train,1805,FloW-Img,test/images/000013.jpg,19551c9dc6c3571a44cc547baa8aaa64300a9ff9cc3b0cbecc0c6b4378b45fd2,338747,1280,720,3,3,0,0,0,yes
train,1807,FloW-Img,test/images/000015.jpg,687e67935a10e8c2493ff67f828eadddd434998275b31fe26851c75038912b3f,216481,1280,640,1,1,0,0,0,yes
train,1808,FloW-Img,test/images/000016.jpg,2fa4384c94b22b86a71c69f1533d238d9d7c2c12ada91f6ee250527a03e24ff3,305518,1280,720,2,2,0,0,0,yes
train,1809,FloW-Img,test/images/000017.jpg,3863f90e4a0cb7428c499ca89c6d372acef4c6de452541119d2380a4ae942df9,289954,1280,720,2,2,0,0,0,yes
train,1811,FloW-Img,test/images/000019.jpg,df01b77f732355257685236cb06e9b7f58c91e6f55744f60f7292060f7ab62a5,301369,1280,720,3,3,0,0,0,yes
train,1813,FloW-Img,test/images/000021.jpg,f4f3a5ecae0fce048ce47873bc414e2607464098d05a272aac37b43436e4edb7,385867,1280,640,6,6,0,0,0,yes
train,1815,FloW-Img,test/images/000023.jpg,5c1f2f64bcbab35249cd73db506accdda3f645f95e8ea0b72e3c16ad47f52e0d,399968,1280,640,1,1,0,0,0,yes
train,1816,FloW-Img,test/images/000024.jpg,a98578ec2f8e9781b149cd27fda702f1aae7f3f64aa5b4021a5c21e05a205658,340676,1280,640,4,4,0,0,0,yes
train,1818,FloW-Img,test/images/000026.jpg,5e6bba5ed508ca6c9dead13872b2e11576452775e8a7812841e5aee8fe29632a,281741,1280,720,2,2,0,0,0,yes
train,1819,FloW-Img,test/images/000027.jpg,1e6f5f7408946e51ebec167d8d33f80f33f834fc28ddf47e96b4f8cd7765e57f,318165,1280,720,9,9,0,0,0,yes
train,1821,FloW-Img,test/images/000029.jpg,e7468abf15a51373f9d04e5e56942cf97d848b39adc85b796f8a911e55a7a22c,231449,1280,640,6,6,0,0,0,yes
train,1822,FloW-Img,test/images/000030.jpg,14c46cfe25885d9e26855c0913de00c8d65e776da4b99f7aa9be445ba9f8bc84,335796,1280,720,1,1,0,0,0,yes
train,1823,FloW-Img,test/images/000031.jpg,8397d3e2fbfd0e2f0ef49fcdb89419a60dd1f29e1958c600d96fe900b20e35e9,260422,1280,640,1,1,0,0,0,yes
train,1824,FloW-Img,test/images/000032.jpg,65d4d4686c76866839132d876ccb5e87b24e18a3f10a335414d7f35b7fd7d88a,297290,1280,720,2,2,0,0,0,yes
train,1825,FloW-Img,test/images/000033.jpg,159dc36b229b21cd16fd6cdc7feb63acfd8729682abbf970882f02c27ba9c36c,184591,1280,640,2,2,0,0,0,yes
train,1826,FloW-Img,test/images/000034.jpg,32b166d19e1fbf478e80792c9593263e3b40e98be30dd816e224b03612931757,486362,1280,720,4,4,0,0,0,yes
train,1828,FloW-Img,test/images/000036.jpg,3f3f8f7d53336fe44eca6e9c3f0ae820d20b8b99d92c08b489163fca57dbf3ad,298278,1280,640,2,2,0,0,0,yes
train,1830,FloW-Img,test/images/000038.jpg,c1b78beebce52db3019513836727e003659f9e4378eee91907f1764307890622,296222,1280,640,1,1,0,0,0,yes
train,1831,FloW-Img,test/images/000039.jpg,41e6c8522a8e3cbd0dede5044fb5b62d0b5c6f0dc5c170f26c3dc519ef4efb9a,316003,1280,720,2,2,0,0,0,yes
train,1832,FloW-Img,test/images/000040.jpg,9aa6a8397fe9a032a65eeb95b7cf823b0fdb2a293b521a216e828f2c571fd78f,375248,1280,720,1,1,0,0,0,yes
train,1833,FloW-Img,test/images/000041.jpg,23952f18eb2e5d4408138ffbe9c0e1076732ec416e0ecaa094ab57a53c9f093a,275027,1280,640,5,5,0,0,0,yes
train,1834,FloW-Img,test/images/000042.jpg,a0cf76965d54fb52ad3862878435bf95d4321d06c48ba76d18ffb1434eff7f62,295843,1280,720,7,7,0,0,0,yes
train,1835,FloW-Img,test/images/000043.jpg,49f8fc2a92e5c91833220cb36ae0574988af54e3e30b4f057b113cc5ceb06ce2,332199,1280,720,2,2,0,0,0,yes
train,1836,FloW-Img,test/images/000044.jpg,cbd66adeb1469be1eeb64efe1c0d4622de09a307b79923cf437f192ff1b7e422,319067,1280,720,2,2,0,0,0,yes
train,1837,FloW-Img,test/images/000045.jpg,59dc72e09ed5c20ea94333b98cb3f1c8883deb4eafa9396fb760fcf927b85bed,339607,1280,640,2,2,0,0,0,yes
train,1838,FloW-Img,test/images/000046.jpg,b0846a67a737d464a98c53bee6671e41163eef76a54993fc931929baef171755,417578,1280,720,2,2,0,0,0,yes
train,1839,FloW-Img,test/images/000047.jpg,2476b9164c7549b5e5a0be2842823447f39ae4d7bf721a4db15620c3a9693872,246379,1280,640,1,1,0,0,0,yes
train,1841,FloW-Img,test/images/000049.jpg,5c04a771dc07df0972fb856c39a0bc082dfd97615cf3a23380682a082c674e60,347163,1280,720,2,2,0,0,0,yes
train,1843,FloW-Img,test/images/000051.jpg,4ccebf2b59929a37f68c948ef811e1201b122c1cdc3c7fe723ab051f75c687e8,322910,1280,720,1,1,0,0,0,yes
train,1846,FloW-Img,test/images/000054.jpg,bcdd319a96847ccf0851c06417f0fa0097e25d8442efc6b55605a486ed097d6b,359504,1280,720,2,2,0,0,0,yes
train,1847,FloW-Img,test/images/000055.jpg,c0fd897ca45ab73f10b6ed0250981372d2572d35b12ec60871d56a11766ed703,305674,1280,640,1,1,0,0,0,yes
train,1848,FloW-Img,test/images/000056.jpg,d627fcd49b0402891fa11b295c5a9b6a928f10b74cf166ac173b1a730cd67807,282335,1280,720,2,2,0,0,0,yes
train,1849,FloW-Img,test/images/000057.jpg,fe8f53d74643aa23898fee894c9f9cee3c3552f95a175bde306c6e27b6558dfe,311959,1280,640,1,1,0,0,0,yes
train,1850,FloW-Img,test/images/000058.jpg,744f8f3ae31f15e86a0865c905676a38850a62a4b3ceb238eec42f0774411925,284496,1280,720,3,3,0,0,0,yes
train,1851,FloW-Img,test/images/000059.jpg,23484634ecd8991cc8591b479905454aa9e8fb6cadd27705b2a31ecc7e4d865f,298822,1280,720,6,6,0,0,0,yes
train,1852,FloW-Img,test/images/000060.jpg,a125cdd0eb90c68e7c24990c483741f4bb91b88813335a18c7771ca6fd480e3e,254727,1280,640,4,4,0,0,0,yes
train,1854,FloW-Img,test/images/000062.jpg,f3fc0e7881baa23ffaededbd5ec909c5dca8de65dfaf1541335318539444ffaa,324815,1280,720,1,1,0,0,0,yes
train,1855,FloW-Img,test/images/000063.jpg,59697282f700aaa0dd479416a19a08aa1b812af8339c58723c478ff3d05c4930,297965,1280,720,1,1,0,0,0,yes
train,1857,FloW-Img,test/images/000065.jpg,f5b0b124511b0d9ce322241aed2923e7f247cc0560d9f3a3e94f50aba1515ad4,276261,1280,720,3,3,0,0,0,yes
train,1859,FloW-Img,test/images/000067.jpg,266710e39a69807edefb47f864a6b49982e9d2ebefbd33f63cc95f798f49992d,318781,1280,640,1,1,0,0,0,yes
train,1862,FloW-Img,test/images/000070.jpg,f17563ca6d555888814cb62bc889e4aa7e50513c14100a9ff946b0e078b77cfd,337036,1280,720,2,2,0,0,0,yes
train,1863,FloW-Img,test/images/000071.jpg,0d2b7dda38d4c4047bb6c6f0658e64e00b60856ee5832bd2c8ea86ee6f36d5ab,267203,1280,640,2,2,0,0,0,yes
train,1864,FloW-Img,test/images/000072.jpg,329f71276e3bf08444fbe2ac4f9a101ac2220649c72a62fac3e0eb256d7678f2,233429,1280,640,1,1,0,0,0,yes
train,1865,FloW-Img,test/images/000073.jpg,ce3e22a07d7e9a60a3a2942eda14081297388224cd83e5e464f6ffbeb02821af,344388,1280,640,2,2,0,0,0,yes
train,1866,FloW-Img,test/images/000074.jpg,1a16c63e30214679abb9d1fe3f91a809a1dab024d11d01aa1d1610cdc0ce5371,310025,1280,720,7,7,0,0,0,yes
train,1867,FloW-Img,test/images/000075.jpg,c95e7dfb7a455eb5eef73a3dfa741cd09537485c459c8df5dec0f93cf7db664f,339559,1280,720,2,2,0,0,0,yes
train,1868,FloW-Img,test/images/000076.jpg,9a456d6b94fd050afa1fdd4f9798381f13cddf9ff2c69b3ec614ae2419d56a87,268037,1280,640,2,2,0,0,0,yes
train,1869,FloW-Img,test/images/000077.jpg,fb9ee0b4392ec8f5e90e71d9ebaccfb1f1398023119044f45812182a22b6ad4c,245286,1280,640,2,2,0,0,0,yes
train,1870,FloW-Img,test/images/000078.jpg,96fc8d71541ee7cb5b19ec4f1e07c6e739e6bfcfa30b773e4657d062c331aeea,306785,1280,720,2,2,0,0,0,yes
train,1871,FloW-Img,test/images/000079.jpg,1319044210b1bbf649ab384f20ffae220de26063f803e6e2a39ad6cf5a5da6ef,248644,1280,640,1,1,0,0,0,yes
train,1872,FloW-Img,test/images/000080.jpg,e71d0ca711272f6350a0c5ff0032c7a3113ce19a85e4bbba2bd3958ed5866377,326767,1280,720,2,2,0,0,0,yes
train,1873,FloW-Img,test/images/000081.jpg,ff48ec87a6f83fea996bc0279868cede62a05a27949fffb5644fa3e8864398eb,281202,1280,640,2,2,0,0,0,yes
train,1874,FloW-Img,test/images/000082.jpg,ec43e075d11b6d6213500f385658c6ebe119a254311470388a079b569b8c81f3,273892,1280,720,2,2,0,0,0,yes
train,1875,FloW-Img,test/images/000083.jpg,8bcd0c8e3d5233cdf91873adb299f1b530f7a546641729c0bd74bfd6978cb29b,213603,1280,640,1,1,0,0,0,yes
train,1876,FloW-Img,test/images/000084.jpg,a47b2eaf233b4a9ec8cca1654279520e7a22e5d0fd4b4f5445883cac96bdb0c7,307580,1280,640,1,1,0,0,0,yes
train,1878,FloW-Img,test/images/000086.jpg,f8f4be89f51aac278fe89e25cca19d76aa19846d63c226e0a6d3677bc5c13948,366175,1280,720,1,1,0,0,0,yes
train,1879,FloW-Img,test/images/000087.jpg,520008b818c5b7c7f6cd317fb9785ccebed1535ae48845e28962b8ad74936d7b,296963,1280,720,5,5,0,0,0,yes
train,1880,FloW-Img,test/images/000088.jpg,079e6b6966c3f24ff5631758a49c534fae2c30962237314a8d60c9974a8fb092,402793,1280,640,1,1,0,0,0,yes
train,1882,FloW-Img,test/images/000090.jpg,6dbc744c92ee291bc706e3506e616397436f49d118ab8fc0a2250f72a98b2cd2,283026,1280,640,3,3,0,0,0,yes
train,1883,FloW-Img,test/images/000091.jpg,5af782675d596eb850e01b7d749609191a2692f1ccdc2b0b0855a05cfe020082,267355,1280,640,3,3,0,0,0,yes
train,1884,FloW-Img,test/images/000092.jpg,f90fe50435d8d29a4ed85aac2c6a6874df7fb78a793cceb4141b2f29cfb452c1,374066,1280,720,1,1,0,0,0,yes
train,1885,FloW-Img,test/images/000093.jpg,68df88bbb916b7efa966a48f4194b76e94d51d91e84979f40b113e40dc8d81b9,318376,1280,720,1,1,0,0,0,yes
train,1886,FloW-Img,test/images/000094.jpg,23f24dc9256ae59a517056c3875b6d69990b529cdef01beb62b917f6f4eb01bd,332656,1280,720,1,1,0,0,0,yes
train,1889,FloW-Img,test/images/000097.jpg,4094cc433ae27d8592f58f59dbdb54b1e6b93c9f9ed2cd7b8ebe26babd6800a4,371823,1280,640,3,3,0,0,0,yes
train,1890,FloW-Img,test/images/000098.jpg,8412e55476cee9f63eced54152ee0aa2dd4c41fd5a1c1707c99e0634573f8f53,402517,1280,640,4,4,0,0,0,yes
train,1893,FloW-Img,test/images/000101.jpg,0ea160181d17b37aaeb6ef5566c1058fd9012a024a40fdb9599946462f9dd2e9,214147,1280,640,3,3,0,0,0,yes
train,1895,FloW-Img,test/images/000103.jpg,f4df9fa429bab65dbbf3c7292630e4b1198f097cc79a325877a6773eb878b078,184456,1280,640,2,2,0,0,0,yes
train,1896,FloW-Img,test/images/000104.jpg,4cf7279011062e460ec925270b1e0bc9db3a49e10d77d898d04e46cb6e34142d,422413,1280,640,1,1,0,0,0,yes
train,1898,FloW-Img,test/images/000106.jpg,aaaf4d9151f500edeedf56d01d7dca4b4208ff42277755d9108e206f6a69690d,280055,1280,640,1,1,0,0,0,yes
train,1899,FloW-Img,test/images/000107.jpg,720e187211039b94ec7ae1044bb912260eee7c7f3077c76e28cb99ccc93405eb,322823,1280,720,2,2,0,0,0,yes
train,1900,FloW-Img,test/images/000108.jpg,f976a17dcaa23479ae17553352cef59930398afff677b93cb9678169d9822674,309271,1280,640,1,1,0,0,0,yes
train,1902,FloW-Img,test/images/000110.jpg,78cf996d29dbd6bc648dd84186310986e540fa56af0d0f2ca7c64c0a96aff05c,323473,1280,720,2,2,0,0,0,yes
train,1903,FloW-Img,test/images/000111.jpg,e1ded04180faaa01c1d73ac8530d0c132d6db05172d6619b0207bc5a71a85fad,333914,1280,640,1,1,0,0,0,yes
train,1905,FloW-Img,test/images/000113.jpg,d7c59b90fec2b07a46db6b732bc3ce0dd7f33a7efd1ec10e09007dd145fe3511,197670,1280,640,2,2,0,0,0,yes
train,1906,FloW-Img,test/images/000114.jpg,de74ba0db591a51f5921ceb3bce707386d247e34e5484bcc3b4b25a69178e21e,254896,1280,640,2,2,0,0,0,yes
train,1908,FloW-Img,test/images/000116.jpg,3291c359885e8fff1ec5114551b7b88a657ad62d45c2be7a2659f55328d3f110,399159,1280,640,1,1,0,0,0,yes
train,1909,FloW-Img,test/images/000117.jpg,8308a6cc2f5b706df93a5304860926333b0c3c08d0d98857c07cb71ac5fce132,228883,1280,640,4,4,0,0,0,yes
train,1910,FloW-Img,test/images/000118.jpg,3209e7cc72d0b8c3fbc70555ffa0f6759a809c6c0fc27422cf4bc358071c4951,543264,1280,720,2,2,0,0,0,yes
train,1911,FloW-Img,test/images/000119.jpg,4e4d1fa9a9144b85672222ca7057d7281f2111860c7be9fc9a992ad9b8bc1d60,272221,1280,720,3,3,0,0,0,yes
train,1912,FloW-Img,test/images/000120.jpg,b6b83ec6fafae4fe3e7fc1371ee819906c61d03a4a47eebd0b32ca64e54abdec,378997,1280,720,1,1,0,0,0,yes
train,1913,FloW-Img,test/images/000121.jpg,dce9ba4f2334b07a3bb5257b547d5251913bfb99e3f61741b149b97330e2b7f3,205361,1280,640,4,4,0,0,0,yes
train,1914,FloW-Img,test/images/000122.jpg,d8d2a7c72392646bb1a89b78fe5a005079739d44b9c2df691c9b5553d25ab8e9,296113,1280,720,2,2,0,0,0,yes
train,1915,FloW-Img,test/images/000123.jpg,5710d9536f480804d91e110fe35cdd228005358fb77ccbcdaed2707895bf0d1b,318233,1280,720,1,1,0,0,0,yes
train,1916,FloW-Img,test/images/000124.jpg,25a5e92ae776a92fd88cb80fb3eb221467d7cfbf2bed2ba16ff99dd23a218c61,491320,1280,720,3,3,0,0,0,yes
train,1917,FloW-Img,test/images/000125.jpg,996300e027e7259ec74265a911009450210a9e584db133f73f38fbf8fabe786a,320204,1280,640,4,4,0,0,0,yes
train,1918,FloW-Img,test/images/000126.jpg,6e4fd9d11a4cff047f24a5e3e749d4695fe1a0509debe803998c74ffb9d7a640,274828,1280,720,5,5,0,0,0,yes
train,1922,FloW-Img,test/images/000130.jpg,9e78f5b2abec21a3b4b5dd1a16b559827ee7ecd9f5b13abf73e0507fa6d98910,322422,1280,720,1,1,0,0,0,yes
train,1923,FloW-Img,test/images/000131.jpg,2deb827d1d7fea9b9a8cbad17ea8df1a390bda8fa6a81f4c4f245f157b44bf27,381374,1280,640,3,3,0,0,0,yes
train,1925,FloW-Img,test/images/000133.jpg,42d9447e0bb5de480a65526051d6b5b6e35c8649f54d8a8d16286cba64f8d306,309415,1280,720,1,1,0,0,0,yes
train,1926,FloW-Img,test/images/000134.jpg,a13f0b71337c3dbd3ef20104b085b87923b13a5de7fb99681ddf504432c9afdd,265414,1280,640,3,3,0,0,0,yes
train,1927,FloW-Img,test/images/000135.jpg,bfd4bc624b0d3e8f1a653de11d46146f0073b73b5cf4a6fc259c5cc3e1d6acb8,325610,1280,720,3,3,0,0,0,yes
train,1929,FloW-Img,test/images/000137.jpg,1c3de13ff38280d4b2f2527b5089026a965679254ba2b62d9235f60fc9dbc21d,446622,1280,720,1,1,0,0,0,yes
train,1931,FloW-Img,test/images/000139.jpg,eae433b0c32c1457e60c889efd69488f9d8dbb20fb0612e7bfa51aec4514b928,270279,1280,640,1,1,0,0,0,yes
train,1932,FloW-Img,test/images/000140.jpg,cfc319495bc49a6de823fcb28766e65f9b730ea2450a535577f206c0d3607cdc,290967,1280,640,1,1,0,0,0,yes
train,1934,FloW-Img,test/images/000142.jpg,fab5e9c224aed89151242f8e8f0580baa69a491da6dfe861e32ae372583b565f,392684,1280,640,5,5,0,0,0,yes
train,1937,FloW-Img,test/images/000145.jpg,b592298a442319f9026aa6eba65bd5e60ebfa6a1399b40b72cec8b101186d6de,320637,1280,720,2,2,0,0,0,yes
train,1939,FloW-Img,test/images/000147.jpg,13c2a948cd4b447724be142889c09c0ff5fa6e88c97a726303880cdc52051e78,428100,1280,720,1,1,0,0,0,yes
train,1940,FloW-Img,test/images/000148.jpg,754d31dcc9417fdbdcafe07410f0eca868d5585622e3f283f3d2e201362c0920,234566,1280,640,1,1,0,0,0,yes
train,1941,FloW-Img,test/images/000149.jpg,a2ff5bba04e58056966ce13632558b8e323f12d97ea9a5484d835c3134a88137,283859,1280,640,3,3,0,0,0,yes
train,1942,FloW-Img,test/images/000150.jpg,a6d7e8214f9fc837a36e519dedf7ebc9245b052220fa4e230f585f26777be70e,295319,1280,640,1,1,0,0,0,yes
train,1944,FloW-Img,test/images/000152.jpg,b998a8ee0c0a1161f8ac9979da693856cf3cfc8c4c53f4514912ab5dfe1422c6,274920,1280,640,1,1,0,0,0,yes
train,1945,FloW-Img,test/images/000153.jpg,4b0b9966790cdc85bd311b82c20317b564c97a5e48d8f3cd84b8ede4a58a21c8,427954,1280,720,1,1,0,0,0,yes
train,1946,FloW-Img,test/images/000154.jpg,1fa0f5999a6c5590acffb1168935cc3bab937b4ab9cbadb2be17c330af343cdc,247157,1280,640,4,4,0,0,0,yes
train,1947,FloW-Img,test/images/000155.jpg,50d39615479040365bb1b683da800fc5270b0d42274b01716534018ca82c4575,345365,1280,640,3,3,0,0,0,yes
train,1949,FloW-Img,test/images/000157.jpg,e255598d01bf03558d65ba675536f6abfc676b4891672a504d6223f784fadddb,371580,1280,640,3,3,0,0,0,yes
train,1950,FloW-Img,test/images/000158.jpg,f846579292544e242a1d5936d0d3c45d130b00c6043502121a632dbbfea35ff3,284911,1280,640,1,1,0,0,0,yes
train,1952,FloW-Img,test/images/000160.jpg,42ddb9ef829e2dc0b8d928c69613a5708ce2a49fdf5e080f9cf3882a06b2d1e0,260958,1280,720,8,8,0,0,0,yes
train,1954,FloW-Img,test/images/000162.jpg,343fcd241fec37a5d988fd745bc3c8bff617e24559694c627baa98bf09da2014,353813,1280,720,1,1,0,0,0,yes
train,1955,FloW-Img,test/images/000163.jpg,7312a4cd1738b9729a5e3e5318615ce6c62fec47c0e39ffe0a7337484d89a50a,401031,1280,720,2,2,0,0,0,yes
train,1956,FloW-Img,test/images/000164.jpg,5d19267a6d40d051e71eb66a7894e5b12d9478a35cab02c4c0c24433dafa8f64,246486,1280,640,3,3,0,0,0,yes
train,1957,FloW-Img,test/images/000165.jpg,379b48288ff21b31e33592fc7633110c41ca1c94ed93aa00d7a1a9e6b806d2a8,279676,1280,640,3,3,0,0,0,yes
train,1958,FloW-Img,test/images/000166.jpg,b946533eac5dd90b2a324526278ea03ae4ec550759e78491d368c56e1a1574a9,246852,1280,640,5,5,0,0,0,yes
train,1959,FloW-Img,test/images/000167.jpg,5ce6aaafdb7ba9ef86ae3585e821029a4edb5afe445b54cb34c2389649f564d3,397024,1280,640,1,1,0,0,0,yes
train,1961,FloW-Img,test/images/000169.jpg,0cfe85a3a4975540dd393558f65f0abef3e0124d7a2858cd4195b21fac41158a,364867,1280,640,2,2,0,0,0,yes
train,1962,FloW-Img,test/images/000170.jpg,877f20b840d8f0247b8fd5b2a13c01985d626844e5fd36de532d590f9763c397,288386,1280,720,3,3,0,0,0,yes
train,1963,FloW-Img,test/images/000171.jpg,0477405a6dc78e0359994d674b6c5fe4672cc38d4a6034d53c7673fea913fdea,303427,1280,720,7,7,0,0,0,yes
train,1965,FloW-Img,test/images/000173.jpg,19c287dfe812cff57c6086f8665dc6ed32623f6db7f8712c1b8163cdf46ac07e,413313,1280,640,1,1,0,0,0,yes
train,1966,FloW-Img,test/images/000174.jpg,071a94dd75f59771b487181b89d79fad2f17159318cf9d7e1242c0c37ebbbe9d,402446,1280,720,1,1,0,0,0,yes
train,1967,FloW-Img,test/images/000175.jpg,692d7bea07c05cfd33557bbba31fafb6ef57fc67ede92a8eb7ba39f12b872c19,338071,1280,640,2,2,0,0,0,yes
train,1968,FloW-Img,test/images/000176.jpg,da77af6d1e4775e404c56db29a408254185e05e18ffc66c7d973afe22bb97a6e,199854,1280,640,1,1,0,0,0,yes
train,1969,FloW-Img,test/images/000177.jpg,3eb5765c7f7c608bf551d84c4f5e91123795555ca2c548dda05978ea18f6012f,352001,1280,640,1,1,0,0,0,yes
train,1970,FloW-Img,test/images/000178.jpg,72370462688ce53fb9638e925595517b24a7f7ba6099ca0ae6e7cda7587d356d,314852,1280,720,1,1,0,0,0,yes
train,1971,FloW-Img,test/images/000179.jpg,f37b4816e2d5028b67b2a209861ef64a289e557410e38d8d6dd40d1f56efa552,416144,1280,720,1,1,0,0,0,yes
train,1972,FloW-Img,test/images/000180.jpg,7fd08cf885366df45afc13d96c0f03e86ec3bfeaa0fb3a06c22529c4bcb79301,333456,1280,720,2,2,0,0,0,yes
train,1974,FloW-Img,test/images/000182.jpg,6b690c5ec84e402a32db93d967169b63361082f2a4effc21c8a373ab5ad0ce77,316298,1280,720,1,1,0,0,0,yes
train,1976,FloW-Img,test/images/000184.jpg,db36e11d47ae5065e7cbb0f91c47454257d5700e2fcdc687b5bf24a89c4608e0,358196,1280,720,4,4,0,0,0,yes
train,1977,FloW-Img,test/images/000185.jpg,1d308f0aed7aa752e7c9b1d4ada6926e7dfa6d88b7a51f873d51e313143721c3,265660,1280,720,2,2,0,0,0,yes
train,1978,FloW-Img,test/images/000186.jpg,4a58c4952e3cfa1c2610dcab2496794b94f29f78d16d4c7d68815d70219f5013,342305,1280,720,2,2,0,0,0,yes
train,1979,FloW-Img,test/images/000187.jpg,09d2022aa66df326be3d200ec21a98a5a03d2c86e58fc38c845e3874ae8257c4,199795,1280,640,1,1,0,0,0,yes
train,1983,FloW-Img,test/images/000191.jpg,4dc91c04c24bc1318bbeb7e831a42126b5230f456def2d542da8612937d87554,267665,1280,720,3,3,0,0,0,yes
train,1985,FloW-Img,test/images/000193.jpg,195c7a6f272e8d11441040d828cddb3f27bbe9593094bd491a1da80bda145aab,344634,1280,720,1,1,0,0,0,yes
train,1988,FloW-Img,test/images/000196.jpg,e0e6be4bef88a78c2993983398d8cbbfc0819861ee6ebc1541764ad18bb8a2f2,403492,1280,640,1,1,0,0,0,yes
train,1990,FloW-Img,test/images/000198.jpg,1b5e68269f2edb66deb3612242ace233e5ef5e9cbc470a243482b63efc6e4bf0,283845,1280,640,1,1,0,0,0,yes
train,1993,FloW-Img,test/images/000201.jpg,db9e61774a4a022327160d1598513ba52f9e5dd89d7a740df1d5fc9edcdeb4df,288792,1280,720,1,1,0,0,0,yes
train,1995,FloW-Img,test/images/000203.jpg,a574f90ed1f300ed0544a7d377e27964aa73f35674c80068b4a7fc21f0589e7f,290848,1280,720,6,6,0,0,0,yes
train,1996,FloW-Img,test/images/000204.jpg,ac9a70e15b49ca6b6c192df277b6065018c29388634c1524134c7950529bf080,250396,1280,640,3,3,0,0,0,yes
train,1999,FloW-Img,test/images/000207.jpg,c5e81036ee921713e1c795db08a77bb0dd089933b2fd109b5aada49354887961,327064,1280,720,2,2,0,0,0,yes
train,2000,FloW-Img,test/images/000208.jpg,4a548679253d5ef7dcbf3c833c5e2a90685963a7f57e180cc3a5dc2af65d490f,274104,1280,720,1,1,0,0,0,yes
train,2002,FloW-Img,test/images/000210.jpg,50358af75c1d0545b815ba7bb587fec1e7f7b41a9c90fdd1b36cd1d695d5b176,299305,1280,640,1,1,0,0,0,yes
train,2003,FloW-Img,test/images/000211.jpg,1b3dd283c6d1c2c15b10dd182b6e9d31b6978b190567e439711b98012232ab7d,476627,1280,720,4,4,0,0,0,yes
train,2005,FloW-Img,test/images/000213.jpg,16a1bd9fa6911a69b5a08d9c52424e2a6e23f5e7a78ef83226361a6aa7f0d88c,413385,1280,720,1,1,0,0,0,yes
train,2006,FloW-Img,test/images/000214.jpg,2a002d23c1b7fc80061e16998c0ddbe55953a5e0bca9ef7c413e8234a0977e4d,260621,1280,640,1,1,0,0,0,yes
train,2007,FloW-Img,test/images/000215.jpg,f3ba45742e73246cd9f7ab64ecad536281e9b6f4921229d08b9d1fe66c0efa22,406503,1280,720,1,1,0,0,0,yes
train,2008,FloW-Img,test/images/000216.jpg,cac9065bd567710342616ef295b6af9b3a435f11a82d8d682f386ba56426db6f,314122,1280,720,1,1,0,0,0,yes
train,2009,FloW-Img,test/images/000217.jpg,5545e9a35bc09de98e3acb6ea5ae97f4401f6b1798b7a195c4fb2587f147bb22,410716,1280,640,5,5,0,0,0,yes
train,2010,FloW-Img,test/images/000218.jpg,699e5047108f65b98a7fe49fd168baf707898483451046bd522ce869023049dc,271861,1280,720,2,2,0,0,0,yes
train,2011,FloW-Img,test/images/000219.jpg,d0b040171ad5bed1afa7bca4f51334f459bf394b10bb43bf43aee3a3d12d1f08,269005,1280,720,2,2,0,0,0,yes
train,2012,FloW-Img,test/images/000220.jpg,c1a6fbe11a42f01998a7eb6e4de67678a830f10dd84b881cbb1a019f22b6ccf4,336703,1280,640,2,2,0,0,0,yes
train,2013,FloW-Img,test/images/000221.jpg,f6ef80f09f59ae988bbe0fb16de338eafbd5df385ad1b876a34470318dbb34cd,317580,1280,720,1,1,0,0,0,yes
train,2014,FloW-Img,test/images/000222.jpg,3c414958600a5ac0f9e11fd7d33b46024f1f6dd0f2610783f9a36bf63a4bf5b3,396379,1280,640,3,3,0,0,0,yes
train,2017,FloW-Img,test/images/000225.jpg,749e425c088717c4db9bb8e82234a8dccfa1376cb697955bd80263726d2d5473,259261,1280,720,1,1,0,0,0,yes
train,2019,FloW-Img,test/images/000227.jpg,1da3b9a3c5cf370862c500885c9384f70104d63dba65b1cf18761a4fb0790958,311886,1280,720,1,1,0,0,0,yes
train,2020,FloW-Img,test/images/000228.jpg,ba5e7778f66f4f5bf53ff4d56f7bda68cbca3f10de1093e3c45bca87e163fd1c,271260,1280,640,1,1,0,0,0,yes
train,2021,FloW-Img,test/images/000229.jpg,775a3cb017db7559f8cf10a5cf6b9bb8417438d625204b7332ab5aeff73bc9da,280542,1280,640,1,1,0,0,0,yes
train,2022,FloW-Img,test/images/000230.jpg,75087e94e81e824e248ce39de343d71b2beecfe96d92834f2116b087bf3a2d9d,267206,1280,720,3,3,0,0,0,yes
train,2023,FloW-Img,test/images/000231.jpg,dfa88a48c1ebb73027cd619c9bca119596541154101a7c0e4010d00f540cb815,300317,1280,720,4,4,0,0,0,yes
train,2024,FloW-Img,test/images/000232.jpg,44bee8654d5ba53631efda24e0c4ef920234dbc2e5af5420eda82361391f14c7,409455,1280,720,7,7,0,0,0,yes
train,2025,FloW-Img,test/images/000233.jpg,01ec1ce4fa4b0a8cea5bae17491206caf96d4bb857e650810cc30cf49cf3a99b,225532,1280,640,1,1,0,0,0,yes
train,2026,FloW-Img,test/images/000234.jpg,94d51e5b266829f92530efa83823bfd4ede4d9c6935bcc028af1201d7ef4d09b,299625,1280,720,2,2,0,0,0,yes
train,2027,FloW-Img,test/images/000235.jpg,453536e9b924e4e78e7d5d17b60406934365e1bab3e0df6343096d01c7813073,312151,1280,640,6,6,0,0,0,yes
train,2029,FloW-Img,test/images/000237.jpg,acd25ff2038f740887774668c9de2f54de81a9e07fc068cb641bc10d9bb297ed,367751,1280,720,2,2,0,0,0,yes
train,2031,FloW-Img,test/images/000239.jpg,1ad9160f8a503d9d9822198313f5d352971c31fa064112d2916cd2dff8571b7a,301404,1280,720,2,2,0,0,0,yes
train,2032,FloW-Img,test/images/000240.jpg,aaf7e51313397c7051d88e41b6f13fe423852c0680bb35699d06374a895f7265,290409,1280,720,1,1,0,0,0,yes
train,2033,FloW-Img,test/images/000241.jpg,9f839f981eedf7db9cbcfbbd129f99e0384e1a803ac78f92143a014626fe2dbb,341354,1280,720,2,2,0,0,0,yes
train,2034,FloW-Img,test/images/000242.jpg,f6fdd3f0ad9a83eb2f92f4bb650467a511c1bce4a6faac0281081563b6ca17e9,425202,1280,720,2,2,0,0,0,yes
train,2035,FloW-Img,test/images/000243.jpg,6de5ca6fc67e0a9c0dab349458be0fa6c49f91e7e02041913cff7d88c07719f1,207103,1280,640,2,2,0,0,0,yes
train,2036,FloW-Img,test/images/000244.jpg,b5af786ad2b8153853ed464615f3623e4da22879daa20fd6c840b2f74c5225bf,448990,1280,720,7,7,0,0,0,yes
train,2038,FloW-Img,test/images/000246.jpg,d4ffc6f5d33200f3cd02d8e8e694fec4e739d5e308d857c4c4a89a87d98ed3fe,349282,1280,640,4,4,0,0,0,yes
train,2039,FloW-Img,test/images/000247.jpg,9c0a025ae0f4692691a6574a5bcfd1be82f3761e0aa899d945a6ea38b1b47cbb,316658,1280,720,2,2,0,0,0,yes
train,2040,FloW-Img,test/images/000248.jpg,800782ede3119d01d07b283b24b6b6fe7d1442ece3c6725bbabe2f2dc26ba08b,368101,1280,720,1,1,0,0,0,yes
train,2041,FloW-Img,test/images/000249.jpg,d50af8204e84b608778bcd5ad6b8b5ee355e0a92d29964127ac8005f04176c15,274990,1280,720,2,2,0,0,0,yes
train,2042,FloW-Img,test/images/000250.jpg,6a8a07b7a80664200aa835bcfc8808ac6df808c7c95519b8a83d22042406684d,259743,1280,720,2,2,0,0,0,yes
train,2043,FloW-Img,test/images/000251.jpg,02a45f217440eb93e624cd8e4d1d1bf34b338ac37a024883470828ff64ad16c8,308828,1280,720,1,1,0,0,0,yes
train,2045,FloW-Img,test/images/000253.jpg,2c779d93a3b3f78dd244ac01b6b8a79629566b4db64ba9cd84f458c02ea075bd,190000,1280,640,1,1,0,0,0,yes
train,2046,FloW-Img,test/images/000254.jpg,b7a31789de33363576b7a48b63a8022995e35e123d1592ababc3cc565aff7ed1,351712,1280,720,3,3,0,0,0,yes
train,2048,FloW-Img,test/images/000256.jpg,ec1ea1abbca0f20efe2a87e35a68a736fa1a49d84899b710112677383e536b84,265838,1280,640,1,1,0,0,0,yes
train,2050,FloW-Img,test/images/000258.jpg,7a6ca8f5d13f9fe4eb0ba8e6668b5d1a9d6ffbd7c70c75d01a6f3e5a0090747a,243792,1280,640,4,4,0,0,0,yes
train,2052,FloW-Img,test/images/000260.jpg,e24b038b4e86f0ceeaaa278cb0fd0cf9b606be04f893fcd0223ed324d8efcb52,286616,1280,640,3,3,0,0,0,yes
train,2053,FloW-Img,test/images/000261.jpg,d6ae67834021fa9ad4cb878229dbb1b0763377f86ddef3fc7b08d2f84190e1d0,376288,1280,640,1,1,0,0,0,yes
train,2055,FloW-Img,test/images/000263.jpg,b48a0487a8fe7edf7c3e2604937bc91da8a02dfd5e60096e8912cb1edb158fcf,382435,1280,640,1,1,0,0,0,yes
train,2057,FloW-Img,test/images/000265.jpg,d087e3a58ee520ca345d7bb33a40170507cfdb663518c0868d902bfa213c4951,299206,1280,720,2,2,0,0,0,yes
train,2060,FloW-Img,test/images/000268.jpg,fd32c487560aeff81b37228681b79392e884d6d228c0c416a7dbe343f3b766ca,313199,1280,720,1,1,0,0,0,yes
train,2062,FloW-Img,test/images/000270.jpg,22c41f1be4595c593e24858c6116bc0fead1616165188c9f90a706897293ee95,370191,1280,720,2,2,0,0,0,yes
train,2063,FloW-Img,test/images/000271.jpg,350e00b7236e3ade9a290d2fb2bb37b52d9f339aca905c5d78301e82a39ec3ea,291910,1280,720,2,2,0,0,0,yes
train,2065,FloW-Img,test/images/000273.jpg,0e4d915f46b2f9a538cccb6f99fe67dbb3d22fcdaa7145867fc516afb81ed8b3,216541,1280,640,4,4,0,0,0,yes
train,2066,FloW-Img,test/images/000274.jpg,d36702485ac9650b991d17dd419e14011ecbeeaf7f05d425415a369ca66f5ff8,238677,1280,720,16,16,0,0,0,yes
train,2068,FloW-Img,test/images/000276.jpg,c60177b06652a0a231aace154ed82344a01483deb22d6895523c1c287e6ab1fc,367034,1280,640,2,2,0,0,0,yes
train,2069,FloW-Img,test/images/000277.jpg,9f1d4807a85d0d0b6d9d1ed261e4acb6edee49c15dcf89e000c1267bc6e9cc17,224844,1280,640,3,3,0,0,0,yes
train,2070,FloW-Img,test/images/000278.jpg,391ed9a09eec1fc5a05456004f3c19347fed1e9e7d59d471c2b1b04af0e71ee7,339180,1280,640,3,3,0,0,0,yes
train,2072,FloW-Img,test/images/000280.jpg,e308c6d1f3ca20947ebb3d56a3bb6211739f6ca7568224c273252971afb3cce1,274572,1280,640,3,3,0,0,0,yes
train,2073,FloW-Img,test/images/000281.jpg,bb3af32ad72a01e309b5a651d09fb5fdb9cd8ca51451e86fef9ec5dbc6afd11e,261066,1280,640,1,1,0,0,0,yes
train,2074,FloW-Img,test/images/000282.jpg,4597ecba56efc69cb1b69e2708a08a7033502e6ee37edbe399fcb8bf4c413e5a,288852,1280,720,2,2,0,0,0,yes
train,2078,FloW-Img,test/images/000286.jpg,29e5034697dca62054f2161f089db8f803ebb6ed2ac0eea6b0bca7d8e770d3f7,402183,1280,720,1,1,0,0,0,yes
train,2079,FloW-Img,test/images/000287.jpg,b33cd83bc53d3a000db20354b7bf1380996a2608c25ee896aaffee0b24dbe408,331475,1280,720,3,3,0,0,0,yes
train,2080,FloW-Img,test/images/000288.jpg,2bd1cc94d1e2c860dde326ad79f78585fac5a6afb2bfb25a674e85d16e5a7f02,317596,1280,720,1,1,0,0,0,yes
train,2081,FloW-Img,test/images/000289.jpg,34db3446097b53997e549dad40510f68897f648d8e927f35817fc3307c25c5cc,340833,1280,720,1,1,0,0,0,yes
train,2083,FloW-Img,test/images/000291.jpg,2a662265ead974998cbb1a46a60a28d2327cf5985d5b030698de39523d3ca647,407655,1280,640,1,1,0,0,0,yes
train,2085,FloW-Img,test/images/000293.jpg,4c1fce19554862e83b2ea420efd073b6c5b3f24acde7d7092ed9f8adee1c42a5,336067,1280,640,1,1,0,0,0,yes
train,2086,FloW-Img,test/images/000294.jpg,3ac6e9cbfca4bb3b08bd396c74a452facb32320ede1f7586b550f0b384b99f6f,310104,1280,720,2,2,0,0,0,yes
train,2087,FloW-Img,test/images/000295.jpg,0fa013adafa4100669a0cf6f06e66e6b31125b46297c4d31c5e59a8383dd7886,465765,1280,720,1,1,0,0,0,yes
train,2088,FloW-Img,test/images/000296.jpg,6b3f3348bfcee14bf6735e40b46ac0df3222bc0e17ccf21384bb06db7d408e6e,372186,1280,720,2,2,0,0,0,yes
train,2089,FloW-Img,test/images/000297.jpg,d6db92ba664e76ea18ca23b82bcd669411896fbb67506812c5292dd41d293356,435657,1280,720,1,1,0,0,0,yes
train,2090,FloW-Img,test/images/000298.jpg,cdd53e33543e8bf2627fd415e0fececb686f415380e108e3e1d178098683d08b,275735,1280,720,1,1,0,0,0,yes
train,2092,FloW-Img,test/images/000300.jpg,bd32b46d8dd65d34e457157ba59634bd9fc4cde539fe959466ea698b95738036,268022,1280,720,3,3,0,0,0,yes
train,2094,FloW-Img,test/images/000302.jpg,efabcbb45cdd289318dfe3aee1e7284807581209891351095e681576bc626046,320957,1280,720,2,2,0,0,0,yes
train,2095,FloW-Img,test/images/000303.jpg,860e9652d718643a25e0a26e5c9f21c269715baa08633fe8bcf49a15c2a3fbd3,470145,1280,720,1,1,0,0,0,yes
train,2097,FloW-Img,test/images/000305.jpg,c59c129ce197c906efae7a835280fddde4a3684557f925703587fc1280e90586,556296,1280,720,1,1,0,0,0,yes
train,2098,FloW-Img,test/images/000306.jpg,9a791929a8c3ed08acf503be12a10b67b73686e7de77ef61ffdfa78d6b3ff448,352433,1280,720,2,2,0,0,0,yes
train,2099,FloW-Img,test/images/000307.jpg,dfc7475ca32e782b665ef74b5ecf36acddb89f0f4df055ee5f21f54003f05078,338199,1280,640,4,4,0,0,0,yes
train,2100,FloW-Img,test/images/000308.jpg,fe942eac111f9bf86201a8c5e231a04c99b9a4e10c03ca3fa2e596be7c1bf6e2,340469,1280,640,3,3,0,0,0,yes
train,2101,FloW-Img,test/images/000309.jpg,eed86ed88dc669a27d953fa69258520c282c9fbc2d4135401f17203826658880,255679,1280,720,2,2,0,0,0,yes
train,2105,FloW-Img,test/images/000313.jpg,57e8257ab5883474c20533e3c968a83865666e465a5ba720d2d8bdf6791852f8,321340,1280,720,3,3,0,0,0,yes
train,2107,FloW-Img,test/images/000315.jpg,d7b1ff2a8fbde9264d44899173e6693c49bc1a1e60c728a883fb71add923a321,373011,1280,640,1,1,0,0,0,yes
train,2110,FloW-Img,test/images/000318.jpg,27926cbdb7a20314c1f776e6cbe2425ab415a448aadfa24d38fb4f21b25b53b7,233565,1280,640,4,4,0,0,0,yes
train,2111,FloW-Img,test/images/000319.jpg,fa369777063ee35ef19a356331c9830382c8abd820c4b34979e61d0acbc8064c,245281,1280,720,11,11,0,0,0,yes
train,2112,FloW-Img,test/images/000320.jpg,181c2b2a4f488a227b490e7c192cf3a932f10c401c13e026dc2abe8fe20bd0f2,300714,1280,720,2,2,0,0,0,yes
train,2113,FloW-Img,test/images/000321.jpg,97d6e98c6ec5d67e13d151378cac4377e116c8115534c5c9f6674e2346ed15b3,234378,1280,640,4,4,0,0,0,yes
train,2114,FloW-Img,test/images/000322.jpg,58ad77e82a1aef94200c76c41def59d68750971f5118c17a59d52929891db0b8,341761,1280,640,1,1,0,0,0,yes
train,2115,FloW-Img,test/images/000323.jpg,56326afaa49f872b21e2840994a1bd15cfb47bd80a005cb1aed6e744cd300930,308686,1280,640,5,5,0,0,0,yes
train,2116,FloW-Img,test/images/000324.jpg,01ce8a00e8e63dc61f686f99b597047f630b4f0ccf0aa8f8ab0b3483b91034fb,332452,1280,640,1,1,0,0,0,yes
train,2117,FloW-Img,test/images/000325.jpg,6f9e05ccb9b7efd474cd915d5399b6a32766b39c52b1a031937b4ccdeb65dce0,290723,1280,640,2,2,0,0,0,yes
train,2118,FloW-Img,test/images/000326.jpg,804539cced121ae3748223257ccbaec30d1f398087639df61c647f1d6337e501,361870,1280,640,1,1,0,0,0,yes
train,2120,FloW-Img,test/images/000328.jpg,6c1f27deffc1ba55ca73d0d3d6ea80e59c3b0e7e85dd1b40cf314b91fc2b6403,300022,1280,720,2,2,0,0,0,yes
train,2121,FloW-Img,test/images/000329.jpg,df6dce4e8500e035848f2a68befb5783b508bc3957e371d423473b11fd859172,313801,1280,720,1,1,0,0,0,yes
train,2122,FloW-Img,test/images/000330.jpg,1db414197f0153af691cbeb5019484f2da955366aa7a3647b4153ed34e0fd042,283122,1280,640,1,1,0,0,0,yes
train,2123,FloW-Img,test/images/000331.jpg,c71571f4bf7d1b87c5c30825066c4b61fffe50f0d9ee8a1527e49266c8687c71,405855,1280,720,2,2,0,0,0,yes
train,2124,FloW-Img,test/images/000332.jpg,a103a07c813f006682b3be19bb514c3ea2f2412368c1bfa73fad50bfd69afd42,284457,1280,720,2,2,0,0,0,yes
train,2125,FloW-Img,test/images/000333.jpg,9393168f4c938f2d6ce7842fae9d4c06baa9dcf2cda6a560e579e214d8522091,215553,1280,640,1,1,0,0,0,yes
train,2127,FloW-Img,test/images/000335.jpg,5e3b2e64c3804244d59ae7caf93071d7513aecbefd7e9630ed5982ab83ad855e,410785,1280,640,1,1,0,0,0,yes
train,2128,FloW-Img,test/images/000336.jpg,51bab58598f68d7e6a49b717e27657a73bf64c371f5507d631498ae1e5b9b9a1,287905,1280,720,2,2,0,0,0,yes
train,2129,FloW-Img,test/images/000337.jpg,47f4927f327f81f8bc40a624fb8bafe26f7f8e8d55ecf3e39b3f0be3a571bc17,251765,1280,640,2,2,0,0,0,yes
train,2130,FloW-Img,test/images/000338.jpg,e1752461428f26cbd0cb5822426bcf7330ab9eb058c191e6caaf7131a9c8fe8f,283705,1280,720,8,8,0,0,0,yes
train,2131,FloW-Img,test/images/000339.jpg,5f6cbd919f4b1db13ac8f0b69745b25a18e804dd746e98bce46eb961f2664171,283828,1280,640,1,1,0,0,0,yes
train,2132,FloW-Img,test/images/000340.jpg,0c78ea530c6a4d89f8ec01148fa8d8a14a68dd80dff904e591a4a789dfcf0bd8,273909,1280,640,3,3,0,0,0,yes
train,2134,FloW-Img,test/images/000342.jpg,578c7a3439f32ef2d10c2696fc75f183ed8baf935c6d705c2c4732144e92b852,258816,1280,640,4,4,0,0,0,yes
train,2135,FloW-Img,test/images/000343.jpg,167be74211a020adf7afa656ccbb8bf4737fd37d5b5ed46747029b9898f92c4f,294889,1280,720,2,2,0,0,0,yes
train,2138,FloW-Img,test/images/000346.jpg,877e07460833329d6bcbbdfa80b8739b6406a1d22e4e0c61122c393c8458d357,177339,1280,640,2,2,0,0,0,yes
train,2139,FloW-Img,test/images/000347.jpg,08d5c2dcb167259dbe4b30161a094ea13a23edfd70344554ce882fde76a98f2e,268216,1280,720,1,1,0,0,0,yes
train,2140,FloW-Img,test/images/000348.jpg,a9e0a3bd5d2cf82cf685a221bcb3bd72007596bfe647d2ca60b037906ee5fcb6,308188,1280,720,2,2,0,0,0,yes
train,2141,FloW-Img,test/images/000349.jpg,8082ab1df6a2a32b785a980f60198b65cdc0efcbfbb0a12f1fe9d5ad1eed26a3,480419,1280,720,1,1,0,0,0,yes
train,2142,FloW-Img,test/images/000350.jpg,9d721cc9e53a12794cd7493d22e3579ee8a8765a669709b4f320341a1bbf6172,287450,1280,720,2,2,0,0,0,yes
train,2143,FloW-Img,test/images/000351.jpg,175c53b179e579f4cba9424c4520956dcd9c19faa2cd47cc0180e6648d247889,392431,1280,640,1,1,0,0,0,yes
train,2144,FloW-Img,test/images/000352.jpg,caefef4e2366896de0ffc0af8833ec802a213125886c608c5720a0e193412dac,332608,1280,640,1,1,0,0,0,yes
train,2146,FloW-Img,test/images/000354.jpg,0d3e7bb0a5df92c68a3aeb955ae621c56f364a11e8c1ffa36adb948ca230f2b9,523944,1280,720,3,3,0,0,0,yes
train,2147,FloW-Img,test/images/000355.jpg,db15d28296383f3796d47422a8df0890078893b07b26fe558714b2559c1c3872,345940,1280,720,2,2,0,0,0,yes
train,2148,FloW-Img,test/images/000356.jpg,ca2592f47bc9d672dd936d8150f61b9de1cccd6743dd7e475732dd0650139667,208747,1280,640,1,1,0,0,0,yes
train,2149,FloW-Img,test/images/000357.jpg,bf0851455a5f69b50914554880c07025afbd2a5757d2574b3a4bfdc34ebedc9e,291732,1280,720,1,1,0,0,0,yes
train,2152,FloW-Img,test/images/000360.jpg,b416a91ac56981c08ac4f77de67ec050a91f5bf2e20de4bb34dea40b3b5673b3,387056,1280,640,3,3,0,0,0,yes
train,2154,FloW-Img,test/images/000362.jpg,d797d77634aeac41d11177271a9d9c0347dc0d3e1b5bbe6228a64dbe6f69cc1d,323690,1280,720,1,1,0,0,0,yes
train,2155,FloW-Img,test/images/000363.jpg,d821a4e16a9dfc58d542ceab0d57ec08059c05c67d7f4b5dc99960f6e778f8f8,282114,1280,720,1,1,0,0,0,yes
train,2156,FloW-Img,test/images/000364.jpg,fcc9b75c66176e0c88ddfa3be832d6ec85259c50c22f00279c739828a22d0646,279437,1280,720,3,3,0,0,0,yes
train,2157,FloW-Img,test/images/000365.jpg,0a686d0bbef795649b11c1b829623635a0228d20211142fbff4dc5e95ce647e4,276147,1280,640,3,3,0,0,0,yes
train,2162,FloW-Img,test/images/000370.jpg,f0cf76fa86a7ea5107a2cfbccf6523e8dda33c17ad36e898766eaf7ef6b73294,422011,1280,640,2,2,0,0,0,yes
train,2163,FloW-Img,test/images/000371.jpg,9969bbc9cebb672bc0f39d0cb2ad27a2cf4cb54ce6ba38f92895928c07fae13d,224987,1280,640,1,1,0,0,0,yes
train,2164,FloW-Img,test/images/000372.jpg,d24691be1a02de4c026198213b9fba58ddb2c6964cfa176db30603fcbfddd179,380910,1280,640,2,2,0,0,0,yes
train,2166,FloW-Img,test/images/000374.jpg,9aaf4a7eba5c2835e6dae754b11dfca41de85f443d0c27b5fe0999566efaeb58,309472,1280,640,2,2,0,0,0,yes
train,2167,FloW-Img,test/images/000375.jpg,298970c356c9abac412091b90870f4b1ee75b9850eb103a0ecc1e626be1a0b96,274429,1280,720,3,3,0,0,0,yes
train,2168,FloW-Img,test/images/000376.jpg,2af4efe235a9276e8bdf2baf4bf50026d2600e7f2413f55a706ecd5badd1b885,312613,1280,720,1,1,0,0,0,yes
train,2169,FloW-Img,test/images/000377.jpg,2b3da8760c7fa4e9aef6816b616fc063c75d524e6ecad345d85905b766fd7653,486247,1280,720,6,6,0,0,0,yes
train,2171,FloW-Img,test/images/000379.jpg,18c15cee3f3e1f6dc74451f267dee76b7406b98d5de0341d768de63ecc5595c3,282283,1280,640,2,2,0,0,0,yes
train,2173,FloW-Img,test/images/000381.jpg,a60f026dc9ebfb595d22720de4ed85e6183a3ed5a2ce9b8e8fdb163874fddf3a,284436,1280,720,2,2,0,0,0,yes
train,2174,FloW-Img,test/images/000382.jpg,3d870717e972f12038e229e5290d7944470416c098ca8ab7f5f7edcf6fdb4e98,409602,1280,640,2,2,0,0,0,yes
train,2175,FloW-Img,test/images/000383.jpg,15ca86c5e19ae830e46218ca4e80cb1d9d7a96d94fa448be1be024dd0dc45bf3,256898,1280,720,1,1,0,0,0,yes
train,2176,FloW-Img,test/images/000384.jpg,84c61a05f023654ea4e8d577e089d96eeabc6fe5ab51599ec75b14f242f09a7e,433092,1280,640,2,2,0,0,0,yes
train,2177,FloW-Img,test/images/000385.jpg,717ef4a9a90fbee4a5c8b011e5af3920ceb37d2b94a1a1faa65b488253735f7f,334198,1280,720,1,1,0,0,0,yes
train,2178,FloW-Img,test/images/000386.jpg,42ceaa9e514668c7c8dbcf8f1868f8f5177185a9f98f4bd7968ba78f41375508,278941,1280,720,2,2,0,0,0,yes
train,2180,FloW-Img,test/images/000388.jpg,fa63cd5de26b696b2af614919c9ea6e215923aa520f5796ae57b840f1017c8d2,414866,1280,640,2,2,0,0,0,yes
train,2181,FloW-Img,test/images/000389.jpg,ddb119c4159968d243d56a134d9e84c03ef40ffb0759aeb31a0670defad7160c,417237,1280,640,2,2,0,0,0,yes
train,2183,FloW-Img,test/images/000391.jpg,3259b04b6fc8536e27aa7bbcd3635b0d88d653d21b29d3a0849e47cc8cb87d64,283446,1280,640,2,2,0,0,0,yes
train,2185,FloW-Img,test/images/000393.jpg,671cc31d0c3e9ee1009fa890c86e87d8a01c46aef33c27e2f259c45920275a19,221736,1280,640,5,5,0,0,0,yes
train,2187,FloW-Img,test/images/000395.jpg,58a4fe22cad0cbf30618249276e907748a62673c1939ee3b2d620306e45edc5f,301696,1280,720,2,2,0,0,0,yes
train,2188,FloW-Img,test/images/000396.jpg,3d0ae1d36678d369e224a83faea32e533cac6c2b5b09e06503ca37640a132443,319184,1280,640,1,1,0,0,0,yes
train,2190,FloW-Img,test/images/000398.jpg,fc5c7a4d3e2152f3e44cc86ce5ff294d216003c0ad9fafecc6066f9e362e59b4,280177,1280,720,2,2,0,0,0,yes
train,2191,FloW-Img,test/images/000399.jpg,d3ed228c0b411feabf86d25a6496e3c9d6ee8e97a87034dea0976ae0a2cb29d5,280945,1280,640,2,2,0,0,0,yes
train,2192,FloW-Img,test/images/000400.jpg,7cda14bb2b69e7255765728fcd3a3442b5b60919340f3605a929a06786e650de,281883,1280,720,1,1,0,0,0,yes
train,2193,FloW-Img,test/images/000401.jpg,f083dc36d36c02c24d365bbe98826774489f37d8f3acf9c7f21b5e2d3acd7eb7,273011,1280,720,3,3,0,0,0,yes
train,2194,FloW-Img,test/images/000402.jpg,e7af0265cfd311c530b2304a08c72d295dc5818ca1246fc8e4ba6b3a66441ead,288464,1280,640,2,2,0,0,0,yes
train,2195,FloW-Img,test/images/000403.jpg,88eeeb656e64f56e0d3ce638c00b02f378010270dc472f0f95d394447ec8052d,304668,1280,720,2,2,0,0,0,yes
train,2197,FloW-Img,test/images/000405.jpg,bd00bf55a5957597153c8d39e7e0acb9d8ee290628c6a3e8983e465203f8e6ab,296306,1280,720,1,1,0,0,0,yes
train,2198,FloW-Img,test/images/000406.jpg,f0feea3b283d391b5f16724b8b003a919577cb66941906ae9d5ec8f4707cad49,304942,1280,720,1,1,0,0,0,yes
train,2199,FloW-Img,test/images/000407.jpg,114d5d5b0402e7ff91156bf623d2e46da55fac74a922116276b5fb1bd0a1ae1c,362492,1280,640,1,1,0,0,0,yes
train,2200,FloW-Img,test/images/000408.jpg,2205ad3a22f0e2540e0851b45a18c73487025c5eb505bd964dcaf52e329f6527,302517,1280,720,2,2,0,0,0,yes
train,2201,FloW-Img,test/images/000409.jpg,3f1736bd01c118c1ab14974572442bc9362648a053851ce3c680b5c0d0eef50e,266880,1280,640,3,3,0,0,0,yes
train,2202,FloW-Img,test/images/000410.jpg,aa42ac83b9a919c40d7abd4989487058d8c8c6ee4fbb8f744238034b34d6cb13,245853,1280,640,1,1,0,0,0,yes
train,2203,FloW-Img,test/images/000411.jpg,ee2e69bb9332e35cd78e106a42b19dbe7b3bd5fcabe47021213fe34599b95599,257542,1280,640,2,2,0,0,0,yes
train,2206,FloW-Img,test/images/000414.jpg,96589e568250455f0b5c65a73b88b8375eae6caeafb24563389eecc1dcef8130,413686,1280,720,2,2,0,0,0,yes
train,2208,FloW-Img,test/images/000416.jpg,f4546584ab174fbdfaccfe032363f9c24d7c3bda4b0427d9887060e329186ad4,284705,1280,720,3,3,0,0,0,yes
train,2209,FloW-Img,test/images/000417.jpg,6f3649813d94d899fe5b92ad5cb85ab0cd1276d8b214edb8c9034a68a05cd6c6,250160,1280,640,6,6,0,0,0,yes
train,2210,FloW-Img,test/images/000418.jpg,70c4cfaab77c6f69627c5c3d1c8624412940ac720adc2357e83ee794b12828d0,334866,1280,720,6,6,0,0,0,yes
train,2211,FloW-Img,test/images/000419.jpg,de2decae364d76e5d3246fc80a0baf19ac524032f7376b1e29f0341d5d670a7e,322047,1280,720,1,1,0,0,0,yes
train,2212,FloW-Img,test/images/000420.jpg,c5952efe884e791ba531a373731c07fdf120b90851f27c6ad0057e0cdd07a940,387833,1280,640,1,1,0,0,0,yes
train,2214,FloW-Img,test/images/000422.jpg,d3ff1f0c462aebbc4be60bd9d9c4b87d653151e7e3cdf79cf5e37fd4449e8a86,404749,1280,720,3,3,0,0,0,yes
train,2215,FloW-Img,test/images/000423.jpg,d945c6ef84901c34cc22d00bd04fe9de0caaed2473bb4741b9c5da031f87e3e4,267214,1280,640,6,6,0,0,0,yes
train,2216,FloW-Img,test/images/000424.jpg,a29e640a9545573d70c8d1c278c99637683d27dc7452274238dd0dc6e8f15fc9,299210,1280,640,1,1,0,0,0,yes
train,2217,FloW-Img,test/images/000425.jpg,251b3c51c54c08a8fbe739ae0980b473944e3aff6038c12e08f2510ae16588af,236092,1280,640,1,1,0,0,0,yes
train,2219,FloW-Img,test/images/000427.jpg,acffa9e1b00be12bd5ee31b40ca3a2043f1c06fecf306c12c333ff12893b181d,221030,1280,640,5,5,0,0,0,yes
train,2220,FloW-Img,test/images/000428.jpg,88cc52cb18271f46b327f64f326d0dbbc2113918fe6cde1d185f21dfb13c4190,240053,1280,640,2,2,0,0,0,yes
train,2221,FloW-Img,test/images/000429.jpg,14c3ab8dbf421ee7b40c98efb5c58d0dadb2b41694e2f21960f001aa268c54ae,347702,1280,640,3,3,0,0,0,yes
train,2222,FloW-Img,test/images/000430.jpg,149fc4d7acb3e962bc9ba4b3410b4c000f200837dbdbac8c551d619582f2762c,285143,1280,640,2,2,0,0,0,yes
train,2223,FloW-Img,test/images/000431.jpg,a6db37e834291ad933368d855f93cbfc203f406d2f4abedbf75736d4bcc6171d,298994,1280,720,2,2,0,0,0,yes
train,2224,FloW-Img,test/images/000432.jpg,ea81750139eaba89c8a134d08e61a4e6a60a7c4cbf3ee701d6f0fe2042edbc26,294289,1280,720,2,2,0,0,0,yes
train,2225,FloW-Img,test/images/000433.jpg,3563700f4f630868c7828494a7173e7e2cdf86e1c1bf335329da461a9a298922,258401,1280,640,1,1,0,0,0,yes
train,2228,FloW-Img,test/images/000436.jpg,07aa0b7d0fc88cf5e723380c7522d0dd94813feea8ef5d37c5ef277afaa4645f,285033,1280,640,1,1,0,0,0,yes
train,2229,FloW-Img,test/images/000437.jpg,fa595e2a83d97b342c57a8acceb05e0b5691c57ffb27b0946588cb4ecb084e3e,346457,1280,640,4,4,0,0,0,yes
train,2230,FloW-Img,test/images/000438.jpg,535b3cfa2e60088a26e389bff237c84a93e767e70e7a8b97da4eadeff2608056,245523,1280,640,3,3,0,0,0,yes
train,2231,FloW-Img,test/images/000439.jpg,0446f0f377a3e3581d5bdf2e7242f0efc475af57110bb64eae9835957edcfd09,270901,1280,720,9,9,0,0,0,yes
train,2232,FloW-Img,test/images/000440.jpg,893927dd829214e0f67d6e6c45d04be73733d57143b3024c860dbd39d4d6974d,253392,1280,720,16,16,0,0,0,yes
train,2233,FloW-Img,test/images/000441.jpg,320259b5d96dd8df8d45e51c6ad741ec653768666a9a1fb563f1c88157998a9b,383794,1280,720,9,9,0,0,0,yes
train,2234,FloW-Img,test/images/000442.jpg,7318deeee53ec7508134960b98af7673e353fd64e8df36870fa29a7c5c5991af,241455,1280,640,2,2,0,0,0,yes
train,2236,FloW-Img,test/images/000444.jpg,2a181da31b9ffbc77b4d9df8b73cde453ce43a8e9b09172a7b3cdb479e47cf7e,294940,1280,720,2,2,0,0,0,yes
train,2237,FloW-Img,test/images/000445.jpg,f5d5ca68ceb52e627c390f37192e2743e2ad143c177ea2066ff44f89f66c3dc0,318861,1280,640,2,2,0,0,0,yes
train,2238,FloW-Img,test/images/000446.jpg,f6c00da28a3a80d68166417512f8d36206fb29e1c4795eb42e65f1e1cc9f7664,299593,1280,640,3,3,0,0,0,yes
train,2239,FloW-Img,test/images/000447.jpg,b2fc78e84b409e3e1352f6a450595ea903249613e1707a1c9182d6e3fd4e53e1,304855,1280,720,2,2,0,0,0,yes
train,2240,FloW-Img,test/images/000448.jpg,34aadcfd9a38d940366e81ff5144952d0b229765a4be2672b5e7fbd161f32864,300070,1280,640,3,3,0,0,0,yes
train,2242,FloW-Img,test/images/000450.jpg,8560f99c640d5381de8a1307e6433893aa02e8f00b59437e515bf6a555cc4e38,281838,1280,720,7,7,0,0,0,yes
train,2243,FloW-Img,test/images/000451.jpg,0c41f3067852ff98a19ed69ef94a05aa82bb12b61ed4c6781de03067f139ac9a,319810,1280,720,1,1,0,0,0,yes
train,2244,FloW-Img,test/images/000452.jpg,6e1a0fae7c414fd593f36fb3c2adcb8b43f7d5b7de494d7f0b71e3ffc2867e3b,249463,1280,640,1,1,0,0,0,yes
train,2245,FloW-Img,test/images/000453.jpg,73a6ab09b6fc73afdedee46b661044e89fe541d768f420c2725360aeb1767069,257302,1280,640,2,2,0,0,0,yes
train,2247,FloW-Img,test/images/000455.jpg,9ba976d20678f7aac06b4e264ddcb2385d02b695eee158864ee48d4490591ab4,267127,1280,640,1,1,0,0,0,yes
train,2248,FloW-Img,test/images/000456.jpg,e7cbb4ed3c3baebec087cce42ee1cb4d7c7a43cad25acfb9ee7ebd26a4accaab,251763,1280,720,10,10,0,0,0,yes
train,2249,FloW-Img,test/images/000457.jpg,c855ed26ae88eabcc625eb69854b44f28d1f549d1f0e9fa971f83783e6779c5e,295457,1280,720,2,2,0,0,0,yes
train,2250,FloW-Img,test/images/000458.jpg,0834a07be31e064c46b8b34ebdc1b07894e54467e06c8c7ca203666b1ca14b8f,416570,1280,720,2,2,0,0,0,yes
train,2253,FloW-Img,test/images/000461.jpg,eeb3a06cd5b20c22e3908ad11d041ead7e08daecf1281d41a8c6d0b3b56ed56c,282612,1280,640,2,2,0,0,0,yes
train,2254,FloW-Img,test/images/000462.jpg,a1f115ebaa650e27d4cd1008e250191f935b9dd283dba7c2a09c64b60e6e1439,545685,1280,720,2,2,0,0,0,yes
train,2256,FloW-Img,test/images/000464.jpg,d98b2d17ac916b10aae7bfde53db51efe77350ababb649c6af9dbbd726d42303,314952,1280,720,2,2,0,0,0,yes
train,2258,FloW-Img,test/images/000466.jpg,e3c753160288358528266cf60f998b45b0ca8aef7fd30df80c738a2ea5814527,311481,1280,720,2,2,0,0,0,yes
train,2259,FloW-Img,test/images/000467.jpg,726ee2f545dd686ed1bce5724e6e2382e4f2ad9f4fd18cb326ccb846ee430ea7,211742,1280,640,4,4,0,0,0,yes
train,2260,FloW-Img,test/images/000468.jpg,3b04afc4232f7b3752af329023fe3e04f31ba2e9c0479f396c0f440dac7d3c66,385009,1280,640,1,1,0,0,0,yes
train,2261,FloW-Img,test/images/000469.jpg,9c1176af42144dcf2ce5e14b5acf788d7b568d49e5d5354da43b9a3c5d3a6ebe,344992,1280,720,10,10,0,0,0,yes
train,2262,FloW-Img,test/images/000470.jpg,b3a3e670840fb6c7f1f9f1aaeee6341d5866bd4e4af6b2d4d04c74bf79d8db3c,338603,1280,640,4,4,0,0,0,yes
train,2263,FloW-Img,test/images/000471.jpg,5dc9db6ffa9fd3f302ba171592228d96ad687ce6e00e2a9e6a564393e7d991d4,411983,1280,720,2,2,0,0,0,yes
train,2265,FloW-Img,test/images/000473.jpg,109cac2bc43bd2be603c10b4c4a7b6592c5f866585a02903d9fc31edf0b3cb6f,293457,1280,720,4,4,0,0,0,yes
train,2266,FloW-Img,test/images/000474.jpg,bf22f5e4cc6797180fc5515a85abf89975160685befea9218404a6d97df1d160,308675,1280,720,2,2,0,0,0,yes
train,2267,FloW-Img,test/images/000475.jpg,830dee4e03e3c4058feb881487fc944872e28ab5164910b53d65094193d03f46,337749,1280,720,1,1,0,0,0,yes
train,2268,FloW-Img,test/images/000476.jpg,f7cba6dd8554bfac4e0a4009e7f02cb7ef2df7b466d6a405289cb57bf7baf9ef,292101,1280,640,1,1,0,0,0,yes
train,2269,FloW-Img,test/images/000477.jpg,a4708d98744a6d911da2d825d167bc2ca556b97f4f6a781e893bae46224986ac,338076,1280,720,2,2,0,0,0,yes
train,2270,FloW-Img,test/images/000478.jpg,e8f077894412d199bc0d95185623bdf59560fdcee92c09494044cc0b82b4c145,205377,1280,640,5,5,0,0,0,yes
train,2271,FloW-Img,test/images/000479.jpg,1e58d1f405dab1f722f29c82be494efdf9b464c1dba67f335571f41574e28242,331350,1280,720,1,1,0,0,0,yes
train,2272,FloW-Img,test/images/000480.jpg,a27d595ce43e2704da870da37efb267dfe8a454130b6f7481f9428b99bab7eb8,240533,1280,640,4,4,0,0,0,yes
train,2273,FloW-Img,test/images/000481.jpg,76006b9bd3d8095f68d3128d2b6bf01eaab0ae2a0f4b12e7d28b4e1bedb9f371,350167,1280,640,4,4,0,0,0,yes
train,2274,FloW-Img,test/images/000482.jpg,9c6c9326e20d1bd06a3079b3609c1197e77b0803be46e9b3e41adbd23ef30025,296868,1280,720,2,2,0,0,0,yes
train,2275,FloW-Img,test/images/000483.jpg,cdffa6bad59aafb5d6bfe0322fce0d41eb59b93dfaf747fe7922e288b66c854b,359957,1280,720,2,2,0,0,0,yes
train,2276,FloW-Img,test/images/000484.jpg,e30b4f86838703c45390cb610fee54d53146dac2145a4b1f64d2a2d48b23f10a,328049,1280,720,2,2,0,0,0,yes
train,2277,FloW-Img,test/images/000485.jpg,0ab2b89f7b684048e397c1d5cb77d167e658e7a8aef401f86df88f07b681aa04,191463,1280,640,3,3,0,0,0,yes
train,2280,FloW-Img,test/images/000488.jpg,b0cf977c5fe5d4a1368e8dc43495f76939cb2f777fc86febc490f0821dec4529,223218,1280,640,2,2,0,0,0,yes
train,2281,FloW-Img,test/images/000489.jpg,311589c5db975137b3cd9ac696da9756b0edb0b949408911efc378bd26a23124,274829,1280,720,1,1,0,0,0,yes
train,2282,FloW-Img,test/images/000490.jpg,3631ef52b6f063532820379c9698dfc0e1de481c1ca53e5b53784992437a8a53,383565,1280,720,9,9,0,0,0,yes
train,2283,FloW-Img,test/images/000491.jpg,207993f64e3750644fbfedc71d95493c079adee7724943515c32474ec314415f,312655,1280,640,2,2,0,0,0,yes
train,2284,FloW-Img,test/images/000492.jpg,c27b3407b449fbfd1faa878fa217e3c1c54028dd0172313e2e4ccafd54c9bc62,204231,1280,640,2,2,0,0,0,yes
train,2285,FloW-Img,test/images/000493.jpg,b508991710d32319d252d77e42328d8481d3eb53508a7b4c23f78181faf5025f,310870,1280,720,1,1,0,0,0,yes
train,2286,FloW-Img,test/images/000494.jpg,aa01ac29fccf8a23bf8717366c0eb86594d3eb1e236a121bc4da4579eb904c43,305792,1280,720,1,1,0,0,0,yes
train,2287,FloW-Img,test/images/000495.jpg,4cfcde23c73aaf697cdb411a4495a26d44e3e018f26619efedc7f4151be6cad5,356038,1280,720,2,2,0,0,0,yes
train,2292,FloW-Img,test/images/000500.jpg,d288cba0ec0843e2aee68049c215a6d27198c6ca7ac03a47e4b55fccbe5d3e49,315711,1280,720,1,1,0,0,0,yes
train,2293,FloW-Img,test/images/000501.jpg,eee0ff023c48d1f8ae19c72c8b463ed705049c67027220eb77d49670647f64d3,219079,1280,640,1,1,0,0,0,yes
train,2295,FloW-Img,test/images/000503.jpg,bef3ea7a7a7696de6d253335517202b4426c60fd7dacea7dd8b4fa44fccdb3a4,299433,1280,720,2,2,0,0,0,yes
train,2296,FloW-Img,test/images/000504.jpg,07015ad5b958828d2f61625f655cf1a842da4de9230e8a5dc2b360c964833069,293480,1280,720,2,2,0,0,0,yes
train,2297,FloW-Img,test/images/000505.jpg,468a19e1513607d53caa96ab52d1d03225d10aacafd604b6fc28487b18884713,266802,1280,640,1,1,0,0,0,yes
train,2298,FloW-Img,test/images/000506.jpg,f5f1574d8d74b213d61db85057beb05c98d24ca50b13cb42dc96581a1abb79fb,365081,1280,720,4,4,0,0,0,yes
train,2299,FloW-Img,test/images/000507.jpg,6a9c53e1a548c9d441b78e7be70baae246e40012496341d52d4f64c3ef225fc1,523639,1280,720,1,1,0,0,0,yes
train,2301,FloW-Img,test/images/000509.jpg,5181b59ae2975aedb872d6597cc6841d8d7cdba35f14880eca666b3e773b1ffa,430550,1280,720,6,6,0,0,0,yes
train,2302,FloW-Img,test/images/000510.jpg,0eee5fa95ad3f59c0b23337be69708d8b99f77a7829fe741651aaee36ea13fac,202709,1280,640,3,3,0,0,0,yes
train,2303,FloW-Img,test/images/000511.jpg,0b1b778457361595a1fc85a5cdf3f82b25464e78e9152e295d8e7152efa999bd,284413,1280,720,3,3,0,0,0,yes
train,2304,FloW-Img,test/images/000512.jpg,67e1e4dc61f4433828ecf1db9949b18adb601be92af1b9b7ec60ae754d321674,297125,1280,720,2,2,0,0,0,yes
train,2305,FloW-Img,test/images/000513.jpg,6b23e24fbac8d9ab5782c63c8f66febc1f79d1e4568c9cf84f320db496ebef2b,189783,1280,640,2,2,0,0,0,yes
train,2306,FloW-Img,test/images/000514.jpg,23f987c04fd2000c43bc64280d6746e737d7794c14c1bd5c1dd06bd222fbf691,385535,1280,720,1,1,0,0,0,yes
train,2308,FloW-Img,test/images/000516.jpg,963f2cf9a1c9c61d6e2d5ec745a5a5e6cd2785a865115c1431299bbf84e9e5b2,346490,1280,720,1,1,0,0,0,yes
train,2310,FloW-Img,test/images/000518.jpg,6a4a00fea08de77e62118695c27d8472d94bdb0625ca8ca802a5bab043656ba8,269137,1280,640,1,1,0,0,0,yes
train,2311,FloW-Img,test/images/000519.jpg,1a2b22c6da3a7a110dea08f069fb16beb9380f1a7a5076a561737c7114619089,383381,1280,640,1,1,0,0,0,yes
train,2312,FloW-Img,test/images/000520.jpg,2e40e8cfafbe4cf2e6826e3980250db8041fa05dd020768d1fa50e55ff9e55ed,403721,1280,640,3,3,0,0,0,yes
train,2313,FloW-Img,test/images/000521.jpg,e11a7e5595f0a979d00f79a1447450db55ce3ba36f9f8dc73b55e7a2062222d4,290212,1280,720,3,3,0,0,0,yes
train,2316,FloW-Img,test/images/000524.jpg,c84c28c72320ee5e623847a29323b1687e569109067f498875d03f9d08dec416,383193,1280,720,3,3,0,0,0,yes
train,2317,FloW-Img,test/images/000525.jpg,f9389c118421f6545caec2e50306a4faac1a508e6e4491b784a3a2f7d9ca4699,298378,1280,720,1,1,0,0,0,yes
train,2319,FloW-Img,test/images/000527.jpg,b2471dc73cd8c44a6d8157a18f9f8341a3d44c2afac6c3d8b6f786d07c4b24c6,302226,1280,640,1,1,0,0,0,yes
train,2321,FloW-Img,test/images/000529.jpg,a1b1ed43e79531261a742f6027820401609d691521d39d5659fd7c6bec6ca5a1,380913,1280,640,4,4,0,0,0,yes
train,2322,FloW-Img,test/images/000530.jpg,0de419c0ed9ed32d88dcad61365aae1feb5071902211b252b05783ef82ee8a14,293588,1280,720,4,4,0,0,0,yes
train,2323,FloW-Img,test/images/000531.jpg,36ab1eb727d53b6e0bb9a373a2856db8a3e3c05ecb75c68d4c5efb097b35fc62,370856,1280,720,2,2,0,0,0,yes
train,2326,FloW-Img,test/images/000534.jpg,f52a581bb9819201d44d86d3234f9e6cdc34f8dabbe3841024699e3e84bbd5f3,330845,1280,720,1,1,0,0,0,yes
train,2327,FloW-Img,test/images/000535.jpg,e8f4091d90d7d1fd1e36aa79b7370d97b780e995f2c264cf1e7af5f5f3c0bea1,459736,1280,640,2,2,0,0,0,yes
train,2328,FloW-Img,test/images/000536.jpg,e54619c2898eb4173ade05cf619fd0e6ffbc0ff1e4552f47651ecb6b30642745,323490,1280,720,3,3,0,0,0,yes
train,2329,FloW-Img,test/images/000537.jpg,16f86d55596d1300a55d13b6787e4bebf4ab20797c917236459029ad9b95553b,368225,1280,640,4,4,0,0,0,yes
train,2332,FloW-Img,test/images/000540.jpg,f03751d640e76bfdaf70d56844c75cf137c292a8f7c91017dd6864850997f112,258124,1280,640,2,2,0,0,0,yes
train,2334,FloW-Img,test/images/000542.jpg,0623159b9d015124afeaa6f6a81ea25b6fd26bac7058cf2e3443acf7ef1cee07,326175,1280,720,1,1,0,0,0,yes
train,2335,FloW-Img,test/images/000543.jpg,c2823b8fde85a30d0b972979c974f91437dd11d2f6101f27c2d57797d12133c7,302368,1280,720,2,2,0,0,0,yes
train,2337,FloW-Img,test/images/000545.jpg,fa5f755ca8269a4992d0342a8ad5dbdb70f2419310017bf8ce46d95d55c0b1bf,267730,1280,640,2,2,0,0,0,yes
train,2338,FloW-Img,test/images/000546.jpg,a7bee0ae2536134cdb2cc6ac22ad3f7aecd8aabb774114d4757537df05a2d901,359788,1280,720,13,13,0,0,0,yes
train,2339,FloW-Img,test/images/000547.jpg,d8c12f431a64a64d94dd97c0455efc97bdc88586eae9531cef4ebe3be0824a18,349263,1280,640,1,1,0,0,0,yes
train,2340,FloW-Img,test/images/000548.jpg,56255bc8f9b66c00feb9d969ca2677558f1e6ae215147fc71317eede8fca66f1,434594,1280,720,2,2,0,0,0,yes
train,2344,FloW-Img,test/images/000552.jpg,18813bc075bd0cf4a9d4436d13f1491e49d25e147061c00aba88ff62cda27b9f,266135,1280,720,9,9,0,0,0,yes
train,2345,FloW-Img,test/images/000553.jpg,22af9ebc5880f4e6db61748f9356974f5be607640fa7a13d5270d7c31fda9e51,374659,1280,640,1,1,0,0,0,yes
train,2346,FloW-Img,test/images/000554.jpg,167b88d824082e3adc2fefd40750667ef5ac829c17b64d56b35b72d9c935402a,276295,1280,640,4,4,0,0,0,yes
train,2347,FloW-Img,test/images/000555.jpg,06fbd6fd47ea1284bfebd1871f1f843dd7249e7d26bfdf2c145193ce2f1ae0a5,242807,1280,640,5,5,0,0,0,yes
train,2348,FloW-Img,test/images/000556.jpg,aafd73ccf74bbecf6f2147a11ee18ba9327c3f887aee3522cda5bb02f368f110,243176,1280,640,1,1,0,0,0,yes
train,2349,FloW-Img,test/images/000557.jpg,112e6339282e84a69ff164f76d741a034104f9a1ae672b9920060ac4fe9948f2,376013,1280,720,2,2,0,0,0,yes
train,2350,FloW-Img,test/images/000558.jpg,2e110913a2b3242bc44923511ec82102a9fda2759a900ba9e02a0169d9f85391,284592,1280,720,1,1,0,0,0,yes
train,2351,FloW-Img,test/images/000559.jpg,324f9edeafa6c5e3adc1e1fac3c61daf9662292a6f410efc9edc0d619fdeb29d,298829,1280,720,3,3,0,0,0,yes
train,2355,FloW-Img,test/images/000563.jpg,bcced1f0e48fe118f82d022453c561201b476c91eb66ed4a0f3aec6c6de00557,307667,1280,720,2,2,0,0,0,yes
train,2356,FloW-Img,test/images/000564.jpg,35edd62561434578b3c78e5d5d643770f6363bbcfb88650a97b7f9b63a8ecd2d,336966,1280,640,3,3,0,0,0,yes
train,2357,FloW-Img,test/images/000565.jpg,81af3b80a1f75724e080d289f8c902472db136971d8d2dfc09f277f48bbe84ed,328360,1280,640,2,2,0,0,0,yes
train,2358,FloW-Img,test/images/000566.jpg,cf2a63df36ebf64e9f2cdd5e24e959b010d6d1036c87136abaea2cdea2e79a8b,387485,1280,640,1,1,0,0,0,yes
train,2359,FloW-Img,test/images/000567.jpg,99135919a42c2ff3e74b6a6f8ac5d37b16c9fb4a7ef8d0d81f1782c233310151,542876,1280,720,2,2,0,0,0,yes
train,2360,FloW-Img,test/images/000568.jpg,1ed955c756eeb862d915256a0b358a678d389a98e65a0b999eacd669e75d8b07,295722,1280,720,3,3,0,0,0,yes
train,2361,FloW-Img,test/images/000569.jpg,b57bc483db7cfd42d932adbcfe47e685a70331c4e5f123319d75995d823683d8,442074,1280,720,2,2,0,0,0,yes
train,2364,FloW-Img,test/images/000572.jpg,d830314b29554451aebc9db2b86c58f1772c8601cd5f580867a7422929e58c01,294017,1280,720,1,1,0,0,0,yes
train,2365,FloW-Img,test/images/000573.jpg,028ad73f6f9cfdbdd59758436308053fb33922b4424c5f4cd6e059f8a0e8d07f,278413,1280,720,2,2,0,0,0,yes
train,2367,FloW-Img,test/images/000575.jpg,de73191e772f114301062c90acb8b326e50376c64040d711ac44c40cd999c2ea,328099,1280,640,2,2,0,0,0,yes
train,2368,FloW-Img,test/images/000576.jpg,ac65ddf0adbedc470307bbf0be6101505421b1097564995adc126a676ccff54a,405752,1280,720,1,1,0,0,0,yes
train,2369,FloW-Img,test/images/000577.jpg,8d0c1fb0666a8c15a7076ec5e35892bd2fe2b357ea23eb39255a3f4f13f7c863,323815,1280,720,2,2,0,0,0,yes
train,2370,FloW-Img,test/images/000578.jpg,68570ca8e77f0fd2997e710ab12339e01b1840c530797a2bf4df9051432ff85b,377479,1280,640,2,2,0,0,0,yes
train,2371,FloW-Img,test/images/000579.jpg,fcb14aa6946f0a282f5eebd99e5d9ad76630de90a4ffdc129fe7a055f146ef8f,466930,1280,720,1,1,0,0,0,yes
train,2372,FloW-Img,test/images/000580.jpg,d99abf75e5e90c532f50872e39656b82bf6547630ddc514e4b1abd4159a5ceec,371535,1280,720,1,1,0,0,0,yes
train,2373,FloW-Img,test/images/000581.jpg,472abe346df2cf3a7abb1b3309586ba54e96aa236261669a194426215962da58,220149,1280,640,1,1,0,0,0,yes
train,2374,FloW-Img,test/images/000582.jpg,3222d9290fff7ec3d0a6c663ea58d3d13507acfc508de58be605006a5dcf59c5,244933,1280,640,4,4,0,0,0,yes
train,2375,FloW-Img,test/images/000583.jpg,cb62708ab351a2c7ec6eeaa780a4d73130618d4b7b83b8f04959afa3447338a6,314114,1280,640,1,1,0,0,0,yes
train,2377,FloW-Img,test/images/000585.jpg,d21d75974aa5169a515f314f90e79615a1a7ada051ce1d162c0fb5c0ee08c24e,281550,1280,640,3,3,0,0,0,yes
train,2381,FloW-Img,test/images/000589.jpg,18db672578acfbed5134e8fb01cb9904f1b8890c8b069dfaa8baf5ac244ae1d2,290596,1280,640,1,1,0,0,0,yes
train,2382,FloW-Img,test/images/000590.jpg,983e7d57f8eefed05ed2f43c4b96337e66e6d9d66be0607adc0f9b35fc672dee,267494,1280,720,12,12,0,0,0,yes
train,2383,FloW-Img,test/images/000591.jpg,3efdce94c02cd97dff499bc129c44234b4f5a585bbdd35f381a8f986f1fbf2b8,308265,1280,720,2,2,0,0,0,yes
train,2384,FloW-Img,test/images/000592.jpg,9eb58f465d7d6c2eaa0b9d45e276e2211179a036beee06c72082bbaa6f4c56af,329168,1280,640,1,1,0,0,0,yes
train,2385,FloW-Img,test/images/000593.jpg,851a0121108e59cb27539efd18ae138c9358f130a1c713b6ed1ff62801a8bdbe,292379,1280,720,5,5,0,0,0,yes
train,2386,FloW-Img,test/images/000594.jpg,48d995267b248b5d628cd875710efe5cf6ff8acbc03785bc86554f27c8d5d967,430403,1280,640,2,2,0,0,0,yes
train,2387,FloW-Img,test/images/000595.jpg,cc8aab8fa48be1e2dfe09a4051e3e54dc4643f98f2d9c2bba7e344ac065ebf90,217898,1280,640,4,4,0,0,0,yes
train,2388,FloW-Img,test/images/000596.jpg,dda6d430279aa80679a382de2db106a8082340f4d2f44dc4a1f7ca306a0d7964,458534,1280,720,4,4,0,0,0,yes
train,2389,FloW-Img,test/images/000597.jpg,7eead88bf949f0aa052b2034f22ea608e8b5bfad2a9c79e6d0a5a28c87858e36,411188,1280,640,1,1,0,0,0,yes
train,2391,FloW-Img,test/images/000599.jpg,c67e97d723130437e7ce4427976171ff1b58b0b9009efbe0b298eb3b3ed3db3e,208507,1280,640,1,1,0,0,0,yes
train,2392,FloW-Img,test/images/000600.jpg,6b4a24dc4bc8254fa7eaf6bbd715742b01e200440345d48cb4e1fd9a8551c216,329112,1280,720,2,2,0,0,0,yes
train,2393,FloW-Img,test/images/000601.jpg,6c5f3a81738fac939af81079d4d6205333473858aa17f358c83d508d826820ae,185080,1280,640,1,1,0,0,0,yes
train,2395,FloW-Img,test/images/000603.jpg,7b4851d8e550d7064eb8a5bb971980a782c3869dfd863ef83cfb076e19f27203,267658,1280,720,2,2,0,0,0,yes
train,2401,FloW-Img,test/images/000609.jpg,4ce8bc2b40f2a9ef177e8e07229abf8c4e1cb8e2042f82d50f0faadbbd4077e8,218478,1280,640,5,5,0,0,0,yes
train,2402,FloW-Img,test/images/000610.jpg,eab46eec4b1adc24030fb9161c8d7184acbb62cc657a288dbb5f36a4dfa79836,330937,1280,720,1,1,0,0,0,yes
train,2403,FloW-Img,test/images/000611.jpg,c2c74fe8e8dbf9d3ba6b6234733e85883f586ca6b5467653af062f9ad0ab6319,294475,1280,720,1,1,0,0,0,yes
train,2405,FloW-Img,test/images/000613.jpg,cab030cc7b9ef725061dd494a73b6e108e5d55d42e7c208b57402fb3a4904723,503972,1280,720,1,1,0,0,0,yes
train,2406,FloW-Img,test/images/000614.jpg,2e678d4df8136647e457c65d36389f897d2f76ecbebc598a62c1560c618a58bd,317655,1280,720,1,1,0,0,0,yes
train,2408,FloW-Img,test/images/000616.jpg,9cfe413c54247767d2fddd604c80fd16f07df5b4245ef71bdabb566baf7f5443,255245,1280,640,2,2,0,0,0,yes
train,2412,FloW-Img,test/images/000620.jpg,47326a384c65c9ee217a30da3eefe7c27ebcbfa419e5ec253ffa109f46468e4a,313193,1280,720,3,3,0,0,0,yes
train,2413,FloW-Img,test/images/000621.jpg,c68a9f5f2d7012a8f004590bbf77897d24091655623ac6e930db7e55fcb0bfe5,308424,1280,720,9,9,0,0,0,yes
train,2416,FloW-Img,test/images/000624.jpg,0e5d28fac8414c005cff39e5136726579f896d29961546ef890c8ed160b35a66,263610,1280,720,3,3,0,0,0,yes
train,2417,FloW-Img,test/images/000625.jpg,1958e3edd70b542d9578d44caf96a3dea27f5fa67eee62125b1e7d0f03343430,202988,1280,640,1,1,0,0,0,yes
train,2419,FloW-Img,test/images/000627.jpg,f744a6e78edc0088db8466286c92875ee10a6dcadc1beac01bf47857354f5d80,387571,1280,640,3,3,0,0,0,yes
train,2420,FloW-Img,test/images/000628.jpg,9680f0391701abba1ce73ec1673dcf46296ce0dfa36ffc778561d25d19f1a559,357060,1280,640,3,3,0,0,0,yes
train,2421,FloW-Img,test/images/000629.jpg,30062fc0e53b31dfa5d6ea78b06166dd434419b233344fff29bf63a6caae4612,355209,1280,720,5,5,0,0,0,yes
train,2422,FloW-Img,test/images/000630.jpg,7d65ca4b3cc0ea4dc78f80fe48ca6c0267ee8e24bc57afab7fb02745a089fdd4,312533,1280,720,1,1,0,0,0,yes
train,2423,FloW-Img,test/images/000631.jpg,c973dff3f1f677dfb4f6265f16ef1da412f5f21eafe365e1a68559668ef87638,298732,1280,720,11,11,0,0,0,yes
train,2425,FloW-Img,test/images/000633.jpg,c947db00fb841373b37138dd34fb3e719d4d91fa343ad06f9bd45892cc97e74a,315815,1280,720,2,2,0,0,0,yes
train,2427,FloW-Img,test/images/000635.jpg,846ba2696b9a4b372ea5daf08008ff0eb34182f85e2fd3f2d4d309d4915ea0a9,383513,1280,720,2,2,0,0,0,yes
train,2428,FloW-Img,test/images/000636.jpg,c1a935f642dff3e2e07cc812f9781129098a55b94cdc9449236f12967c9e7a5a,295582,1280,640,2,2,0,0,0,yes
train,2431,FloW-Img,test/images/000639.jpg,cd3c72c670e8755e40790917d61634925d8d10e370ee743a41e5f9a6b9572dd6,363746,1280,720,1,1,0,0,0,yes
train,2433,FloW-Img,test/images/000641.jpg,54dd7d76b541fdf03f74d3d6bf30a9da4bb82c76d16e0f41967e16745e932c74,286903,1280,720,4,4,0,0,0,yes
train,2434,FloW-Img,test/images/000642.jpg,6a37b4f630dfcecd869c797d10b4c78cb6a5fb58ac623be5c4573d4ebd336e3a,410370,1280,640,1,1,0,0,0,yes
train,2435,FloW-Img,test/images/000643.jpg,81746afe429e4b519cf875c575eca433102b14e9dc5f3534b20aeae2cf25f542,297810,1280,720,3,3,0,0,0,yes
train,2436,FloW-Img,test/images/000644.jpg,f514677fd3b5132489c32f4ccac68aa54434bc9c40c4b6d7f3be22344dd5d897,327002,1280,720,1,1,0,0,0,yes
train,2437,FloW-Img,test/images/000645.jpg,f3c96b1358e0e8f246ccf9477196579f1ff59a1935e738baad862f7874dd0251,345129,1280,640,2,2,0,0,0,yes
train,2438,FloW-Img,test/images/000646.jpg,6dd0833e0941a958eb19efee71e508e9ad5a00230615ad50e2c8eab88e085a68,439851,1280,640,1,1,0,0,0,yes
train,2439,FloW-Img,test/images/000647.jpg,4e7bbf53a541f438b2e318459ae171788efadaeee1cbbff83ec17f68f5859b8b,351222,1280,640,2,2,0,0,0,yes
train,2440,FloW-Img,test/images/000648.jpg,92627282328b3b79297f37a93bb9841a5e026f5e87a4cb4bd43c57d68aab5f4d,287775,1280,720,2,2,0,0,0,yes
train,2442,FloW-Img,test/images/000650.jpg,b7f218e92fed31854b9633d2cf17ae84e17c1574c4ce19ce31bdf1910821f8dc,443229,1280,720,2,2,0,0,0,yes
train,2443,FloW-Img,test/images/000651.jpg,7df08ed032475658c52924bf0a07e469a3bb63e28708eb654fe857d191adac2c,214462,1280,640,4,4,0,0,0,yes
train,2446,FloW-Img,test/images/000654.jpg,91eb1cc85812359b5aca0532b0b45c6d512672d13dfc7e9c93046ec34fb328c5,314651,1280,720,1,1,0,0,0,yes
train,2448,FloW-Img,test/images/000656.jpg,fe54c4e06907993d8c529e0b0a8fe6e1421ff6dc11c117299981557079887fa1,237737,1280,640,3,3,0,0,0,yes
train,2450,FloW-Img,test/images/000658.jpg,85647c28a37b3c9213d9b32688df2ee31ad3bbbc0c7fb78b9e908fabe4913b2b,240451,1280,640,3,3,0,0,0,yes
train,2451,FloW-Img,test/images/000659.jpg,cfdc7c70b5779a48471d0b541a412392b1b53296284f6a11e4307755932dc4d8,342791,1280,640,2,2,0,0,0,yes
train,2452,FloW-Img,test/images/000660.jpg,4e70d874576cfdcac34b50c50c127b538debb6e2da94bcbfbe06fc73c08f6526,278200,1280,640,2,2,0,0,0,yes
train,2454,FloW-Img,test/images/000662.jpg,fb77a189f656c43fa9e99ca38fe4d946a0c5176c647d68bc1ef634c2f6cadb6e,277209,1280,720,1,1,0,0,0,yes
train,2457,FloW-Img,test/images/000665.jpg,df7de320030293e03295a0b59c413d005171c0cd4b142eda5e27d6e1e52fd24b,298780,1280,720,6,6,0,0,0,yes
train,2458,FloW-Img,test/images/000666.jpg,c68166ad92467de9a2153c85d726cf2dd93f86d4ecf31966e2bf9882e411aaf4,429428,1280,640,3,3,0,0,0,yes
train,2461,FloW-Img,test/images/000669.jpg,d615ad909710760f667af4918327b2ce88bf2baa07ac18d41d8a46d145c9e3ca,328619,1280,640,1,1,0,0,0,yes
train,2463,FloW-Img,test/images/000671.jpg,8842f8003e7cac4c97dec125914303a4f899f82f0bd8b5ce1606e16266c506cb,386582,1280,640,1,1,0,0,0,yes
train,2464,FloW-Img,test/images/000672.jpg,8a4145a17f79cc078343ad86258d1bb7070fc4968ce9ae572963abb87665983c,398097,1280,720,1,1,0,0,0,yes
train,2465,FloW-Img,test/images/000673.jpg,8e81d119afe617563ebc86b3b7bc7ad9cf7bdab405b0ef3ce51ec60c1f843dad,232876,1280,640,1,1,0,0,0,yes
train,2466,FloW-Img,test/images/000674.jpg,c7069e1284e154a6b981757333809450bd6c14027bd2caab85183691e8bc8318,322180,1280,720,1,1,0,0,0,yes
train,2467,FloW-Img,test/images/000675.jpg,a69f8528f9985a45f217ffbca361ee8ea2b161489227e1f07e9b0fc1762f81c0,272101,1280,720,2,2,0,0,0,yes
train,2469,FloW-Img,test/images/000677.jpg,3433dd955ccecfa07bd72abed5affd4500360001b3aca9fd3968f771e6d90b7c,262566,1280,640,1,1,0,0,0,yes
train,2471,FloW-Img,test/images/000679.jpg,a3bd6e9bc021683a41d71a7283c57788c425412d89b1e8de8f99528dfc5d0cdf,447422,1280,640,1,1,0,0,0,yes
train,2473,FloW-Img,test/images/000681.jpg,371a9c55c7c4c07f2de62e0a3ddebd771264ccf1ac807cd7468b0aba2bf22d06,326978,1280,720,2,2,0,0,0,yes
train,2474,FloW-Img,test/images/000682.jpg,8f6d21a7320eebc0c464a51de553e90901772a2526e1b6b2f524fe0edccb7e70,313388,1280,720,1,1,0,0,0,yes
train,2475,FloW-Img,test/images/000683.jpg,9c7642d2f12b8584a72832884b0a3ff83ec347e0d95401af4514139926298198,317980,1280,640,1,1,0,0,0,yes
train,2476,FloW-Img,test/images/000684.jpg,8bf9d8cf822f6619222c10268434cdd7b0711f9c23c8ad990276712aa8e17fe0,202048,1280,640,1,1,0,0,0,yes
train,2477,FloW-Img,test/images/000685.jpg,74f03687fa2f5f8519704cac1528e272846be0c34aa60367a6bdd8945247c9a2,324339,1280,720,2,2,0,0,0,yes
train,2480,FloW-Img,test/images/000688.jpg,b1772603f3083001e93ebcd275358f7c6fec63710ac579b6c4b6f14a6cd4e687,350684,1280,720,3,3,0,0,0,yes
train,2481,FloW-Img,test/images/000689.jpg,f72ca21c703478b4d89318906dec1d1b63ed5f22a6ceaea3d919bf04de95ed4a,329012,1280,720,2,2,0,0,0,yes
train,2483,FloW-Img,test/images/000691.jpg,d896c0ee1c23cff59c1b932ef58266642a9ab1c373a8dbdc925323e7fffadfb3,364876,1280,720,1,1,0,0,0,yes
train,2485,FloW-Img,test/images/000693.jpg,eeba90739ebbc66f6e585d0e1f9e6f5e2c2c8e03be727f3c165885de2a73f7ca,278416,1280,720,2,2,0,0,0,yes
train,2486,FloW-Img,test/images/000694.jpg,22bc2677a0fc7379d714d1affd581a0fb323352e5455bb52378dbb427d8c10a0,318351,1280,720,2,2,0,0,0,yes
train,2487,FloW-Img,test/images/000695.jpg,8ad66c7ff595ae70f61157b083648f6c06824215d2a58e994e1f49fa147f8e2a,267887,1280,720,3,3,0,0,0,yes
train,2488,FloW-Img,test/images/000696.jpg,85c7d18366dbf4d9cab120923e796c27174a40cf325aca52c61e64c85d2158d5,261768,1280,640,3,3,0,0,0,yes
train,2489,FloW-Img,test/images/000697.jpg,8d7c3327106b0d8559c93d8d80426be18b13933c3e19999a2f761cf735d4e8b8,274273,1280,640,1,1,0,0,0,yes
train,2491,FloW-Img,test/images/000699.jpg,d0993deb76d79115cc59de238645d49905a7ca28178b371dbaa3c614220f15c7,315745,1280,640,1,1,0,0,0,yes
train,2493,FloW-Img,test/images/000701.jpg,15d6e94717fabf90a2a65cf62535446da25e77efc29265bdc41bd829a751b2bc,276861,1280,720,3,3,0,0,0,yes
train,2495,FloW-Img,test/images/000703.jpg,0fbffaade49a005a798669b75cece67a90c560565500d47f2b3da2b478867b9c,393192,1280,640,1,1,0,0,0,yes
train,2497,FloW-Img,test/images/000705.jpg,8296664d9f76fd235081e38b107d1385e32960dcdbce1174dbab646a80655b5f,312947,1280,720,1,1,0,0,0,yes
train,2498,FloW-Img,test/images/000706.jpg,1983b2bf37f174b9738b9500a7549d1d1b593666b6fc89e0665375e57863423e,267656,1280,640,1,1,0,0,0,yes
train,2499,FloW-Img,test/images/000707.jpg,fd3266d798fcbcbf9584675935e5811a409841d55f60d037cb8df1bde0a78c32,409432,1280,720,1,1,0,0,0,yes
train,2501,FloW-Img,test/images/000709.jpg,76789ef45c1ef560724d374c6158e4b7189dfbdae6d494e7c77c6b8c5b5595d4,388492,1280,640,4,4,0,0,0,yes
train,2503,FloW-Img,test/images/000711.jpg,53a4afb78f71384e122542d7ddae384eacbf11e03eeeb5ef486c1ffb3f6ab649,322566,1280,720,3,3,0,0,0,yes
train,2504,FloW-Img,test/images/000712.jpg,76314f8d2ecba97e377be46b65c8774b36c907d2071bc54555b1973db2d4f4d4,316857,1280,720,2,2,0,0,0,yes
train,2505,FloW-Img,test/images/000713.jpg,9d5bc35f47f98b3c3b45961b366f1da279fa166306d95cca6744df79c46812ea,332852,1280,720,2,2,0,0,0,yes
train,2507,FloW-Img,test/images/000715.jpg,cce89029cb98eaff21df5d5ca8220daa9a52424f5708a3130da02b0db9b9730b,282683,1280,720,3,3,0,0,0,yes
train,2508,FloW-Img,test/images/000716.jpg,bf32dcb62d449b25750d10166281808fa7a1327be3d1ed079399bebf28d9d8cf,207936,1280,640,1,1,0,0,0,yes
train,2509,FloW-Img,test/images/000717.jpg,a9308a41afcaf7de0ed26af1dbfee106c60027a88ef5d21c045689e3d366d844,339910,1280,720,3,3,0,0,0,yes
train,2510,FloW-Img,test/images/000718.jpg,6f20f19c4738051fed3a4d09845e623d2b25cecad70baaf72730601a8d0b9c15,306240,1280,720,2,2,0,0,0,yes
train,2512,FloW-Img,test/images/000720.jpg,2ad29fb86cfcf656125cba48a559ba70f4cd29414f1566d2d8259fb4e4c5359a,402509,1280,720,3,3,0,0,0,yes
train,2513,FloW-Img,test/images/000721.jpg,4141c31bc77aae8017e1b8480fdb8a08b25e76329ac257b3d9531ffdd3bd989a,214235,1280,640,3,3,0,0,0,yes
train,2514,FloW-Img,test/images/000722.jpg,daffb39c62d0205b058eedcf427880e8dd5c1b72b6b70cd89b24209ccbe68532,383799,1280,720,2,2,0,0,0,yes
train,2515,FloW-Img,test/images/000723.jpg,238b079a3a959f3bc3d3400988d5d6e7cb4e3b806432b5140b6c7ba5a1cb1541,412906,1280,640,1,1,0,0,0,yes
train,2517,FloW-Img,test/images/000725.jpg,c4750d49aae251858a505fd8b7dd7a4f30279e135997d4a1094bb4f58ece1d88,363536,1280,640,2,2,0,0,0,yes
train,2519,FloW-Img,test/images/000727.jpg,8ff9549c951d11ea9cb5770c6107056bb05adc67a2edb4a7055dd8877e606654,303813,1280,640,3,3,0,0,0,yes
train,2520,FloW-Img,test/images/000728.jpg,d734621d532a9f685e8e58bfca4ee8a7e56a12732e962cab6ff630d7d8715638,199455,1280,640,3,3,0,0,0,yes
train,2521,FloW-Img,test/images/000729.jpg,daf136f2fd1073e613804e8306de94a12152513e414dc3559ea6fc4557b613ab,260343,1280,720,3,3,0,0,0,yes
train,2523,FloW-Img,test/images/000731.jpg,3507cc2e211555532b0a511890e4bd85caf5ffe4feb44dc280365703ef6971de,282171,1280,640,3,3,0,0,0,yes
train,2525,FloW-Img,test/images/000733.jpg,4c5bc2d5172661a721223bc337f6b1185890e4f141786213dd3a1cdc54c8ef0d,304496,1280,640,6,6,0,0,0,yes
train,2526,FloW-Img,test/images/000734.jpg,d7859226721ca3844094b48a8aacf5d2f1468f700c8e2e6764ecd5eea0988ec7,334143,1280,720,5,5,0,0,0,yes
train,2527,FloW-Img,test/images/000735.jpg,420eab9725879c50ca8ec36cd3e7aae3b133a400e97fcfcab879f1551ce987e0,290051,1280,720,2,2,0,0,0,yes
train,2528,FloW-Img,test/images/000736.jpg,2d9ea0d4cbb028ed9500b2bab7d4569be0b33b5154a277c6191c68a3af8c3223,341673,1280,720,3,3,0,0,0,yes
train,2530,FloW-Img,test/images/000738.jpg,52768c1f6732000c65df0f1cc34ee513fdfd391cb82d9d9bfaf2aad79b58876f,382732,1280,720,6,6,0,0,0,yes
train,2532,FloW-Img,test/images/000740.jpg,d8b4ac1c289fc61384d6ce5f6ad34e71a2e5fcb21d111469db57d5e40fd820d4,407341,1280,720,5,5,0,0,0,yes
train,2534,FloW-Img,test/images/000742.jpg,fff0a4ca67974ea2aba4f153b181b0c82c2c3613e9ab7067a19c3c82d50fb95d,311191,1280,720,1,1,0,0,0,yes
train,2535,FloW-Img,test/images/000743.jpg,4d3a3ae76da0521db9a17d9115e61048fd94e672c73ef154dd871c0bc6b7dacd,287146,1280,640,3,3,0,0,0,yes
train,2537,FloW-Img,test/images/000745.jpg,33bbbb91a538396b2b19be281cecea6a01e4ed1b23cf24e217baca24f7e6610c,338020,1280,720,1,1,0,0,0,yes
train,2538,FloW-Img,test/images/000746.jpg,2d99fdab735c26c5f463763bc325a7caa4cca1056f444e66d4acca9c1c01321c,314102,1280,640,2,2,0,0,0,yes
train,2539,FloW-Img,test/images/000747.jpg,a695f1955fbe301fe6ae65b059ae27ee920937e8351fc9bdd8239d4f8e953a8d,280186,1280,640,1,1,0,0,0,yes
train,2541,FloW-Img,test/images/000749.jpg,7c10bb8c768342f13cf8bde91e9c0ebb0b7ae3c367f0df4b9b166e3ebd28ece8,196616,1280,720,2,2,0,0,0,yes
train,2544,FloW-Img,test/images/000752.jpg,47360ab957f7045f1a64ae719bdd79b78fc7b84a5880766e81caf251196c6017,211370,1280,720,2,2,0,0,0,yes
train,2545,FloW-Img,test/images/000753.jpg,c836827c8eed7582f7986b3027248de77edbbd4910e0f7bff5f0fca6ad8c2317,307137,1280,720,1,1,0,0,0,yes
train,2546,FloW-Img,test/images/000754.jpg,b56b4c99a71019d64a5cb33cc4c40db8eac4087f976034879a1fd964a1f813bc,170125,1280,720,1,1,0,0,0,yes
train,2547,FloW-Img,test/images/000755.jpg,316de0bcf06814ac490e70bf21c4b1f523a490319d15cd244762f04ec26b4dc0,426013,1280,720,5,5,0,0,0,yes
train,2548,FloW-Img,test/images/000756.jpg,97f5d8365f405fa681ece33c900e52776b49829da350b4f6c759e6198e0454a8,292561,1280,720,2,2,0,0,0,yes
train,2549,FloW-Img,test/images/000757.jpg,20646a2769ceb7f81ebc6c4b1400e433affcf158374512a05df0e0e3aa6d0f9d,164897,1280,720,2,2,0,0,0,yes
train,2550,FloW-Img,test/images/000758.jpg,3651ffaf532631025441ddefbb721e3664c4666a52791391da6993db501ac459,284336,1280,720,2,2,0,0,0,yes
train,2553,FloW-Img,test/images/000761.jpg,d7ed53017d85ee6e2bfd8c02fcb146a7546583828cae95280121f19aaa99756f,478275,1280,720,2,2,0,0,0,yes
train,2554,FloW-Img,test/images/000762.jpg,a9bc4c4754b56801d83dfa67c3f78559b354af8ae137dbf0397893422ae196bb,127162,1280,720,2,2,0,0,0,yes
train,2555,FloW-Img,test/images/000763.jpg,a991e238ac7b91cc63a07b0e888cf2956c29c73ee9fc2e906b7cea2491f4df7b,303692,1280,640,5,5,0,0,0,yes
train,2556,FloW-Img,test/images/000764.jpg,bd205d1c7a911c2892b70238bcd09c9f7e95e4fbe719bdd73ac97440f19b1ac1,217788,1280,720,1,1,0,0,0,yes
train,2559,FloW-Img,test/images/000767.jpg,2fda443f41aeadf9ea7a3cb8f7f37a54410a0487e72ca25d250438e7a722cc82,332498,1280,720,1,1,0,0,0,yes
train,2560,FloW-Img,test/images/000768.jpg,3387589c081cfbc69b8a73765614d3e80eb5effca8fe32546d84f533ea9e9cac,239719,1280,720,1,1,0,0,0,yes
train,2562,FloW-Img,test/images/000770.jpg,c12bf5dca650a3fb5e79362d84bf274a6525ac2c8d698262910b2ab65423bb4d,163114,1280,720,2,2,0,0,0,yes
train,2563,FloW-Img,test/images/000771.jpg,9ddc196e7e5bcc644b16ecc74b586bfbdd73518b070c2aa29df1f96d7bf66d9d,131985,1280,720,1,1,0,0,0,yes
train,2567,FloW-Img,test/images/000775.jpg,805fc4b403e69ef2d70a490cffe3ab8d00bb7b340fef5ad82533cc43d53a35ae,174805,1280,720,1,1,0,0,0,yes
train,2569,FloW-Img,test/images/000777.jpg,bd6d6d0b9de848a6377d19eeac66bd75d1694e531a8f3c98a0f3ddf4bcd1693d,383037,1280,640,2,2,0,0,0,yes
train,2570,FloW-Img,test/images/000778.jpg,0bd8cc678ebbbd952a0a66be90a688ae04b4ed6bbe44d1c36a5692c9582c48a0,321527,1280,720,1,1,0,0,0,yes
train,2571,FloW-Img,test/images/000779.jpg,7a45fcdb588e16b0dad2a4ac00deebd0fd2a39221bf60e3fc08f44d90b2d2261,219594,1280,720,1,1,0,0,0,yes
train,2572,FloW-Img,test/images/000780.jpg,4e83e6486ce3e234c824e02154e0b2367ed3caa3935d20cb27909df2dd66dbcc,358893,1280,640,2,2,0,0,0,yes
train,2573,FloW-Img,test/images/000781.jpg,27c11a42fa93e6ace22e4db7e72b9bf6ed5f7b5ef8a7359bfc6d9b510eb08e9f,241513,1280,640,3,3,0,0,0,yes
train,2574,FloW-Img,test/images/000782.jpg,a87336613bc84fd6f84db24991c5e1a8f224f11091e8a96fc3066a17d969f68a,221458,1280,720,1,1,0,0,0,yes
train,2575,FloW-Img,test/images/000783.jpg,ba6ceb199143d2cefcab6d3645b58fc906957c39f5b58e319ceea2545a5178e2,249623,1280,720,1,1,0,0,0,yes
train,2576,FloW-Img,test/images/000784.jpg,f29f34b9136759969438d398e0502793023f2f3906f96806fd43650d50cbf426,258587,1280,640,1,1,0,0,0,yes
train,2577,FloW-Img,test/images/000785.jpg,f05b2f215aefe8eaef87dd48410a59532491562801c0207c1a812f9de6acce66,322029,1280,720,6,6,0,0,0,yes
train,2578,FloW-Img,test/images/000786.jpg,f1c0bd49d1c3a3f6f02184ca7365427694341553c9c1354250d7299aa9325053,146004,1280,720,2,2,0,0,0,yes
train,2580,FloW-Img,test/images/000788.jpg,af3e7bc14771970f931b69e3f0204652c51bb6180169aa75ace06f1aaa785405,351420,1280,720,1,1,0,0,0,yes
train,2581,FloW-Img,test/images/000789.jpg,693b1c80af9bffab6bfc6718d3731e75697f849421e3c294c1a86e7f49c930ec,380367,1280,720,1,1,0,0,0,yes
train,2582,FloW-Img,test/images/000790.jpg,236213d08fbb8860e20f907c77e6f517720c7135cf9c139884f7ee76471fe4ad,199715,1280,720,3,3,0,0,0,yes
train,2583,FloW-Img,test/images/000791.jpg,1df5176115a37f4f8c815fed2eb2b52dc61e8691cb133e79691bf5a5824e13c2,347855,1280,720,3,3,0,0,0,yes
train,2586,FloW-Img,test/images/000794.jpg,d91b45099a54fe1bf0ed0c915e1b519dd83527623fefd3548c70af3532e8965f,214498,1280,720,1,1,0,0,0,yes
train,2588,FloW-Img,test/images/000796.jpg,0ed28d1943e6fb5ad8fa708d3ac69e280b5790cf1f47d4fe62b153bbf88d5c0e,234087,1280,640,3,3,0,0,0,yes
train,2589,FloW-Img,test/images/000797.jpg,04cfa4835d6a7985d81e7b07bc054ea736a1a93375439c4a74368e3c65b67ed2,244510,1280,720,1,1,0,0,0,yes
train,2591,FloW-Img,test/images/000799.jpg,656211c34f21f08a664758721964ad83328478ba4783826c5f60717c06a68ed3,316135,1280,720,1,1,0,0,0,yes
train,2592,FloW-Img,test/images/000800.jpg,f35d8ea6bc2a0e7095779368a072ff92cdee33f401d4ceeb799715c80ae07c11,295271,1280,720,2,2,0,0,0,yes
val,1,AquaTrash,ds/img/000000_jpg.rf.beffaf3b548106ccf1da5dc629bc9504.jpg,11bc5ffcb9d689af07dda9cd739e0e88631fff63237083d67e399d00e79da334,15519,416,416,2,0,0,2,0,yes
val,3,AquaTrash,ds/img/000000_jpg.rf.e662cb85f63817325956fea222d0990f.jpg,8c0ba88e2d603b0c44b05eaa7793ee4eadf063235e40399714c6cecdac191ec9,12884,416,416,1,1,0,0,0,yes
val,8,AquaTrash,ds/img/000001_JPG.rf.ccfdd243a78a6cfa119be0349d18c0ed.jpg,5cc3d85aa1f46a9c738e5621119d1a24ed832afe2527e4e9d2dcd98a5fec7403,682510,2448,3264,2,0,0,0,2,yes
val,16,AquaTrash,ds/img/000004_jpg.rf.a08d4635ed056a7cc41f66fefa9eccc4.jpg,5a5438f0f65243bd447ae2371d0fbf9eab78cb01df5eb8669086f1f943156e17,24890,416,416,1,0,0,0,1,yes
val,30,AquaTrash,ds/img/000008_jpg.rf.581796408fb44c037aa30c62dd8400c5.jpg,9d027bb2a30ed407563cae15e8c846ade67e68c7bc5c7e31aa31cbb612b5eb9e,22079,416,416,1,0,0,1,0,yes
val,33,AquaTrash,ds/img/000008_JPG.rf.b7fd07c74e94aeda797b5469cb78809a.jpg,7dbc04a22bdfe3c0fb1b94a603097ab59f2f8b92bc9ebd5d1057e59153162619,333365,2448,3264,2,0,2,0,0,yes
val,42,AquaTrash,ds/img/000011_jpg.rf.6559a6761a9fef22596aaea88cde3747.jpg,18b5e0d126b7720bbd7db098c526860118a6aca7b78729c64e35c1d1eed02b9d,12650,416,416,1,1,0,0,0,yes
val,48,AquaTrash,ds/img/000013_jpg.rf.276a38f9b9f8e84d3f72cc9cabba0cfc.jpg,5d76e3df6c4de8ae408538c3fe265925ba272835e95b922f8f8770b6dbd3254d,15447,416,416,2,1,0,0,1,yes
val,72,AquaTrash,ds/img/000019_jpg.rf.a18fa60b6d2094c68414610227aa951d.jpg,ea8f4e99df93c6dc49d7e6ce4f0dc9aac5aad2dde752395435f38c22d753f0d7,221491,2049,1537,3,2,0,1,0,yes
val,76,AquaTrash,ds/img/000020_jpg.rf.b2ba1f0d153f592d072b38bdd755df45.jpg,53bf8a8492f1235766609a0b30cb59fe034b012ade13820084d605938b227c7c,19885,416,416,1,0,0,1,0,yes
val,77,AquaTrash,ds/img/000020_JPG.rf.ebbafb64b09f4937003dcda6b94d27ee.jpg,31158eaf8795b50a64f32626f0272b1e4a5f2d2fd6a0f62816959638cc9e3e20,389860,3264,2448,1,1,0,0,0,yes
val,105,AquaTrash,ds/img/000027_jpg.rf.971b8cf615c3c0239d8d8acf9bf5e93b.jpg,54ad4ceed40196f2b4f36ad4526b6ef91f7e0cf13135ce53546d837adfc73aaf,178315,1537,2049,1,0,0,0,1,yes
val,107,AquaTrash,ds/img/000028_jpg.rf.da8e70a1ce6cda35988ebe1471b0cd78.jpg,d6c6d7cc78556e1f01f1901ba6ded1c81b9f258387294593687942aa1ed965f8,228368,1537,2049,1,1,0,0,0,yes
val,109,AquaTrash,ds/img/000029_jpg.rf.5784f2b6c1db027a77b6dce92fe4560d.jpg,3477eccfcb39b64f1a551425c410378fbcf4440c1b4785f24c4c3f3b5144b55b,26044,416,416,1,1,0,0,0,yes
val,124,AquaTrash,ds/img/000032_jpg.rf.fee88c0ab919cec5db2c78d4cb2d2b3d.jpg,b6dbab9174cfe5511d30bc7e66bfd0024868d18f7945b954ebd25c12f88319fb,279560,1537,2049,1,0,0,1,0,yes
val,126,AquaTrash,ds/img/000033_jpg.rf.3c607c41efea726d6b92ffdf6596d6dd.jpg,9d37fa1d28a9b6e2d5ed4fe932abb64348f94b0ab70fa53610cdaaec11b882e0,20174,416,416,1,1,0,0,0,yes
val,133,AquaTrash,ds/img/000035_jpg.rf.50f05fa6ede845869668871e91e31f71.jpg,6c234b8aa54f34b14c4c103a7b47e8b2ee11b2c557a6ef667d0dd9891b3b1321,14296,416,416,1,0,1,0,0,yes
val,139,AquaTrash,ds/img/000037_jpg.rf.8ad39cbfee50a24f9206369a13376025.jpg,e7050ba179dcb28f5b2919db1f434e068d5a1065bc81472f8b7868a444544b21,107407,2049,1537,3,0,0,3,0,yes
val,141,AquaTrash,ds/img/000037_jpg.rf.faf287f1243cfc2dcab9aca232abe93d.jpg,09254574256f838ff6ba3ad1b2beb896306c3888ea720a482b10fdae27f1602e,19982,416,416,2,1,1,0,0,yes
val,151,AquaTrash,ds/img/000040_jpg.rf.acee0a18ebd6288ce78e384562c3071c.jpg,8d23163c2487246007d25f64cf69e351184f9ed61ba8a9e9c3e3550d9857a789,18666,416,416,1,0,1,0,0,yes
val,154,AquaTrash,ds/img/000041_jpg.rf.a45728032928eb56e55b61ebf7d5a5a0.jpg,2a9ebb91bf4dd989a7b6ae997089c830e38caa434d203690357f98e40e77b99f,19430,416,416,1,0,1,0,0,yes
val,158,AquaTrash,ds/img/000042_JPG.rf.3540075c32a95902f389fb56efabf3da.jpg,60193e55fb63c5d2e085523b3f987e627d709db3075a95d91274496f411b5e17,824305,2448,3264,1,0,0,1,0,yes
val,161,AquaTrash,ds/img/000043_jpg.rf.89692ae77bf2b39f40254f4998e61121.jpg,8bf6933646905ff18ec32da830b777acad81bb6dd447d18edd10f3c11a58255c,82256,2049,1537,1,0,0,1,0,yes
val,162,AquaTrash,ds/img/000043_JPG.rf.97b188ae84207f3ee32e795188a04d0d.jpg,a6d3ec8f642acee8b98e61b0f1494377e1873af5f4a261c5295db178552e366d,884654,2448,3264,1,0,0,1,0,yes
val,166,AquaTrash,ds/img/000044_jpg.rf.b397d82ddd718a92bb3e8adc6d0cbea7.jpg,95819acda1cc940e0f377a740421667eaf08502fcc685ea8c8ff2eef845ebb7a,18797,416,416,1,0,1,0,0,yes
val,167,AquaTrash,ds/img/000045_jpg.rf.35d41e4cce69c5e3fdf60eba5fd9f01e.jpg,7c79705371b6d8357c1c852bf756eb6f646025fb355699621272b4d6a50ef64d,26422,416,416,1,1,0,0,0,yes
val,170,AquaTrash,ds/img/000046_JPG.rf.c5f7cb4aba7aaca4f6386737a180f353.jpg,de112b0099bbf440418b56f0a86048b453d406bb19aaadeeba1bb9e583c598db,794106,2448,3264,1,0,0,1,0,yes
val,185,AquaTrash,ds/img/000050_JPG.rf.db57f41c8e36c19a476b085e91bcf3d7.jpg,9ddc00413fac20af759d1f1a3886c6080a58caacdc85b134db056cb36a60582d,651169,2448,3264,1,1,0,0,0,yes
val,188,AquaTrash,ds/img/000051_jpg.rf.b4ca307c76db86f30e337b25e9fa54cd.jpg,cb5e8af5882d43c6d09b596f770a5ce31fa36dd0617f97f48a301efc3a63312c,11058,416,416,1,1,0,0,0,yes
val,189,AquaTrash,ds/img/000052_jpg.rf.25b847f3b003bf3d15c848751ee6c4e3.jpg,5c4e91260552c5d43437cc708fac6fadf3f05016db7abbbe898a6a924c40636a,19946,416,416,1,0,1,0,0,yes
val,206,AquaTrash,ds/img/000057_jpg.rf.090b69a8cf99e176436fb111a65e81c9.jpg,b86a29e8736324366ed9c18356e31a630065b5111264666b0f4141e2ad230ae2,17198,416,416,1,1,0,0,0,yes
val,216,AquaTrash,ds/img/000060_jpg.rf.81ffb8074efac19d9e5262ef20bfb798.jpg,4a98b816b9a07ad1c48c1d38172d1f821d6e923497903a49ee817ba1577c8e05,19569,416,416,1,1,0,0,0,yes
val,220,AquaTrash,ds/img/000061_jpg.rf.d9ca75b67361d9fcc54b1c8962457f19.jpg,0c4d8f4c565c74d4e444fc787ae439336d3a91038add56d0c81434def3e8a05f,22709,416,416,1,0,1,0,0,yes
val,224,AquaTrash,ds/img/000062_jpg.rf.acdd0f27e3fcc9d7a86af6b9c7e22d79.jpg,fe2b3a4d2bbcd0f0459ac23e5a03e71d6502ef77e159e0fb1c4a9cc24fa55e45,19388,416,416,2,1,1,0,0,yes
val,228,AquaTrash,ds/img/000063_jpg.rf.d1a3a30f3844145e3301b8899b07fac8.jpg,b61af5d34198b0876aeca8a2042c2a7e7ab3bbbd1da4c0c7b525e2156b52b4ba,13826,416,416,1,0,1,0,0,yes
val,229,AquaTrash,ds/img/000064_JPG.rf.82e6a02e0c40403343b8b5d42eb828be.jpg,7ac06c673dcdc8cc1180f6b1df060692d9b4a9598207994774aad2044ab26922,215119,2448,3264,1,1,0,0,0,yes
val,230,AquaTrash,ds/img/000064_jpg.rf.a1cc41f6879e58b49881a28cd5ea539c.jpg,1497ab6556997b453a0c1a8bae644c2afd124b3ab1f17ec02c1a0999d57908e0,20703,416,416,1,0,1,0,0,yes
val,231,AquaTrash,ds/img/000064_JPG.rf.a76010b9e4374502cab5dc7a4bf721ab.jpg,7e4aebe579a27b1a30f059e3e8dccdb267abe7ea48dfbb81af5a59fc051bec8d,793482,3264,2448,1,0,1,0,0,yes
val,243,AquaTrash,ds/img/000067_jpg.rf.a9517e2a94617e0eb350cc2dedc84fa7.jpg,c7f47c7556acc94b3fb12af890379556a4c11639310cc1521befae87f64f263b,27200,416,416,1,1,0,0,0,yes
val,244,AquaTrash,ds/img/000068_jpg.rf.454129fcb1f7c7d009626ba0adddc8b3.jpg,caacec7832d1bc7bef7ef705303eb71d2c8c5b0549c77990c06959e36cddeb26,13582,416,416,1,1,0,0,0,yes
val,260,AquaTrash,ds/img/000072_JPG.rf.15eda39142f329e131b4f7b7a8524e6c.jpg,f150c47a0f529ee5f1b1a25504b818ea1ce2bc950010190d1b0f8558d844458f,407933,2448,3264,2,1,1,0,0,yes
val,263,AquaTrash,ds/img/000072_jpg.rf.94042e6b9b6418ed601c5b245790afcc.jpg,fbf8a4438430f4039e3f66124616239eca65a18e27b2c632a4fb6fa31c67c075,23391,416,416,2,2,0,0,0,yes
val,289,AquaTrash,ds/img/000080_jpg.rf.905783efbe74ab1c175fa94d5697d4e0.jpg,df2501bc312d29653efcd194379da3b4844c5346bd673b82cad488f8bc6bd36e,25964,416,416,1,0,1,0,0,yes
val,300,AquaTrash,ds/img/000083_jpg.rf.249c5fa4724ca90ecd2ad773286ea1ac.jpg,5a5fa9996f35485ecd7d2ca32fa6fbec06d4fab3373c6292f8ee2e511a707039,28471,416,416,1,1,0,0,0,yes
val,314,AquaTrash,ds/img/000087_JPG.rf.468a151affd32005f62c675d8e1bb714.jpg,6d59202f4c31ee9d65dbb66a4da176bb0c07186a89249ac56a1e43e5f54036f3,283903,2448,3264,1,0,1,0,0,yes
val,316,AquaTrash,ds/img/000088_JPG.rf.0b5b57682430c8c107553f91bf24be8e.jpg,450af390bb3c5d6a9fb3ac9c3f6bb6870e27f9b752973a3be528361b88941078,116674,2448,3264,3,0,0,2,1,yes
val,320,AquaTrash,ds/img/000089_JPG.rf.950dfd2b9380d77f7e5e80a9ff068b5d.jpg,b0a463dc582019d3098de02afa9bbef3d15aaac05417decc77f497963fe6bed9,713958,3264,2448,1,1,0,0,0,yes
val,322,AquaTrash,ds/img/000090_JPG.rf.c97c3949f635efcdd64c34a3507e0843.jpg,85cc54d4f8c3e42ab8290a799dcda98111bd397dc51881a9cd29bbfe27b0e358,97757,2448,3264,1,0,0,1,0,yes
val,329,AquaTrash,ds/img/000092_jpg.rf.ffe152373a93f35fe9e4e95baa88cf63.jpg,cd8006923780cf27b137899c7189eb345837d371945d66da8fe8cda49f3be117,18453,416,416,1,0,1,0,0,yes
val,333,AquaTrash,ds/img/000094_JPG.rf.a30f2b512b80a5829b54518071bcce59.jpg,7c072aee12d32754fde046b39a0159dcb653623e9d1e5df1515565528b8eeab0,201403,2448,3264,1,1,0,0,0,yes
val,341,AquaTrash,ds/img/000096_JPG.rf.bb1e71a6719d5b92c64747e681d3193a.jpg,74d0cff225b72ec8cf3b226ae79b55fffea36f6ed51d4a1e4ae7492266085877,338366,2448,3264,1,1,0,0,0,yes
val,346,AquaTrash,ds/img/000098_JPG.rf.a5665b7913007535189b824dfb05aedc.jpg,8206551cf080f60567c1072bec2990b888319185033e3c5c1dffb67530990d31,721575,2448,3264,1,1,0,0,0,yes
val,349,AquaTrash,ds/img/000099_JPG.rf.c2ef3af6f95642fde1e1f26c70bc8726.jpg,271ea7764146815cdec7660a221529a9843afd7f9cb22fb4dd40e75d17c59f22,251595,2448,3264,1,1,0,0,0,yes
val,354,AquaTrash,ds/img/000105_JPG.rf.a330a129113c4f5f88b610530a971012.jpg,4d5f5a4b22839957457f7251cff89fee139a0aa5c6c395e6d8e3b02e6c7b4c6b,222165,2448,3264,1,1,0,0,0,yes
val,356,AquaTrash,ds/img/000107_JPG.rf.8e2873181ee1acfb953a1ef5f3506bda.jpg,24209d9bdf223386f0203f2248e5d1cdf28d2597f6a6a95987518701e9425ae7,392124,2448,3264,1,0,0,1,0,yes
val,374,AquaSurf-Malnad-223,images_fresh_malnad/malnad_0005.jpg,04297ff05757e8131b1ac7c60d97041f5fb3409f2dcc7a0cfcceac8b60b033dd,5546380,3264,2448,2,2,0,0,0,yes
val,377,AquaSurf-Malnad-223,images_fresh_malnad/malnad_0008.jpg,095b9f11f71b808ce960dda567b3bea23ee29fb63075dfc39dacf8f5beecf400,227878,960,1280,0,0,0,0,0,yes
val,388,AquaSurf-Malnad-223,images_fresh_malnad/malnad_0019.jpg,77c1822bbd95b563e16fc745c5c824f79bb398ff40bfa5c0092cd2283359c6f5,4882384,2448,3264,0,0,0,0,0,yes
val,390,AquaSurf-Malnad-223,images_fresh_malnad/malnad_0021.jpg,6ea02477b79e5d7f7460e78c1bee0e060af390e3d18674843645a5cd29970773,221927,1280,720,0,0,0,0,0,yes
val,398,AquaSurf-Malnad-223,images_fresh_malnad/malnad_0029.jpg,96efd12c6577d967c61fd3da3bcb9cb4755d15f78bc57c034087bb5f29980aa9,96330,720,1280,0,0,0,0,0,yes
val,411,AquaSurf-Malnad-223,images_fresh_malnad/malnad_0042.jpg,4f5dac49cdf6a75d70b4b655d251a6349b3ee10bb0a6e94477c0673a747f6855,4216083,2448,3264,0,0,0,0,0,yes
val,412,AquaSurf-Malnad-223,images_fresh_malnad/malnad_0043.jpg,93dbac37afb2780ecef0a1a7f2f056d6c12b7931d299b4a139fa1a1b6bd7616a,231717,1280,960,0,0,0,0,0,yes
val,443,AquaSurf-Malnad-223,images_fresh_malnad/malnad_0074.jpg,c044ee274a39b2f06cf5b47d7498dc63044d3bd3782fb7ad4f9d1984e32214a1,133492,1280,960,0,0,0,0,0,yes
val,450,AquaSurf-Malnad-223,images_fresh_malnad/malnad_0081.jpg,b7e946fefa0d77897a096a1125c72f7458fa00818de610b169e90377b3f40fdb,3744319,2448,3264,0,0,0,0,0,yes
val,459,AquaSurf-Malnad-223,images_fresh_malnad/malnad_0090.jpg,e83fe891ef416e874316d21a58923d29fad9b7f316fca72e6dab37eb0ffc5b20,4141787,3264,2448,0,0,0,0,0,yes
val,460,AquaSurf-Malnad-223,images_fresh_malnad/malnad_0091.jpg,1945531ad773947a5df618dea54164b6658d6abbf914c354ee3efd0bef0860cd,291287,960,1280,0,0,0,0,0,yes
val,461,AquaSurf-Malnad-223,images_fresh_malnad/malnad_0092.jpg,bb540a37379f096d02d4b53e4363c716873f33e089593d1618e1dc64500647eb,277920,960,1280,1,1,0,0,0,yes
val,468,AquaSurf-Malnad-223,images_fresh_malnad/malnad_0099.jpg,536deea99ca237614a4b61ae43f70da9c3077400d4006e1add2d86b47c15232b,135324,1280,720,0,0,0,0,0,yes
val,472,AquaSurf-Malnad-223,images_fresh_malnad/malnad_0103.jpg,00b537d172210cfdf11a5db473bb968fbd8c13eb4415be7082e8eee2ca8ca31c,239507,1280,960,0,0,0,0,0,yes
val,480,AquaSurf-Malnad-223,images_fresh_malnad/malnad_0111.jpg,ad9af180ad1e3e7099305fa6915bd4f68083d7cf715e2ed1bc84d5b7c3f7fa8b,5475789,2448,3264,0,0,0,0,0,yes
val,486,AquaSurf-Malnad-223,images_fresh_malnad/malnad_0117.jpg,d7bb232a1ad3141a581560b1aa97018ed9c90682a5cda8e10cd3e8c77ac620af,296278,1280,960,0,0,0,0,0,yes
val,493,AquaSurf-Malnad-223,images_fresh_malnad/malnad_0124.jpg,77af43ccb805235c812271b7e16d79517f01758632c6890cda643ba2706a548c,177323,1280,960,0,0,0,0,0,yes
val,495,AquaSurf-Malnad-223,images_fresh_malnad/malnad_0126.jpg,0320d66f1584694285e1191d4fa9621ac3186fc330b4eb6fd50b6610cbca3d39,5346516,2448,3264,0,0,0,0,0,yes
val,502,AquaSurf-Malnad-223,images_fresh_malnad/malnad_0133.jpg,7a79aa29d06e6cc5792b295ee1bd63028537ea6641adeff857163e3ded0ef7f0,340264,960,1280,0,0,0,0,0,yes
val,514,AquaSurf-Malnad-223,images_fresh_malnad/malnad_0145.jpg,ae7f3d8f52f766ff7ff2091147b9034f4a8b623e077176f6b986be9824b38f12,3418388,2448,3264,0,0,0,0,0,yes
val,544,AquaSurf-Malnad-223,images_fresh_malnad/malnad_0175.jpg,3aa0cdbed47a61c3da5ecaf9fd89df83d975a5152f0b2270f3cd33bf19ee15c7,3558909,3264,2448,0,0,0,0,0,yes
val,548,AquaSurf-Malnad-223,images_fresh_malnad/malnad_0179.jpg,823019516b938de95b49d6e6c6350a4222c19fb61f253b66c9c010b9788b844f,233362,960,1280,0,0,0,0,0,yes
val,551,AquaSurf-Malnad-223,images_fresh_malnad/malnad_0182.jpg,fda03267ecd8cfda05853d73afb6fb865492067c34d9075cf262971139f565c9,4858619,3264,2448,0,0,0,0,0,yes
val,558,AquaSurf-Malnad-223,images_fresh_malnad/malnad_0189.jpg,d22eaed9cd57c9913c8dcec8b6e409148e381113622a8956f04da7dc897a6102,161287,960,1280,0,0,0,0,0,yes
val,565,AquaSurf-Malnad-223,images_fresh_malnad/malnad_0196.jpg,2e485227dab4b41333cebfe997a14aeaa36c66df46374f8dd0654d80964957aa,236379,960,1280,1,0,0,0,1,yes
val,566,AquaSurf-Malnad-223,images_fresh_malnad/malnad_0197.jpg,cdd07fc86b180f2a7a3e5d4f40d5d66f8f0539a3cba59d3551a2b008ffa53f28,180839,720,1280,0,0,0,0,0,yes
val,576,AquaSurf-Malnad-223,images_fresh_malnad/malnad_0207.jpg,b46877d2c65477deb91bda41a81ba18a6d04e012fb642bdecd63ab80a2d6a06b,389272,1280,960,0,0,0,0,0,yes
val,580,AquaSurf-Malnad-223,images_fresh_malnad/malnad_0211.jpg,6781d3695b42b157b916253e7a70bc7e1fb5ef80f3209a03275e21609f3b9598,6435208,3264,2448,0,0,0,0,0,yes
val,581,AquaSurf-Malnad-223,images_fresh_malnad/malnad_0212.jpg,cffd329a8762de7f47e01a0a1dd39676f9ae1c3fd8a78e53c28841ae5694edc5,4586021,3264,2448,4,4,0,0,0,yes
val,586,AquaSurf-Malnad-223,images_fresh_malnad/malnad_0217.jpg,32cc181833c6560292782e688dce72e4e8d5c16b9c5734d5161ea04a4da42c03,6756442,3264,2448,0,0,0,0,0,yes
val,587,AquaSurf-Malnad-223,images_fresh_malnad/malnad_0218.jpg,8adf9612e864dfc8328bcfe408d3daa506ca0efdb27a1bb39ea579e4b6b7819a,145236,960,1280,0,0,0,0,0,yes
val,588,AquaSurf-Malnad-223,images_fresh_malnad/malnad_0219.jpg,d0df7850ff60ba8419ff87714f148c9f37191604c02da42142c36aef45605804,627472,1280,960,0,0,0,0,0,yes
val,590,AquaSurf-Malnad-223,images_fresh_malnad/malnad_0221.jpg,de493135b738613abc8a7d821643d7a3ef32391c10c2b834579b39e2091b3de9,144338,1280,720,0,0,0,0,0,yes
val,591,AquaSurf-Malnad-223,images_fresh_malnad/malnad_0222.jpg,d1dd34d3cc315cd06037fa864e3de2bd3e66fa5d6ab9388e54478e56b9f95d8d,164419,1280,960,0,0,0,0,0,yes
val,593,FloW-Img,training/images/000001.jpg,94a7dea8172d68ac0901c955a3e33b5a7511da7c87309ec2c8da70fd1d6487a4,435938,1280,720,1,1,0,0,0,yes
val,598,FloW-Img,training/images/000006.jpg,448fa8ad99408df78be1b0de687a48cdd0f5b8b35bb9f502dd5272abe79b1400,353255,1280,720,1,1,0,0,0,yes
val,608,FloW-Img,training/images/000016.jpg,63719495b36d474b2c750547b8a330384dfb4cb1d59e5ffe7b677fc5a4ee4487,389012,1280,640,2,2,0,0,0,yes
val,613,FloW-Img,training/images/000021.jpg,a35a3875458c9d7f6e32742239982745f3f87d81fb2761bc02c9d275e6f080d1,305556,1280,640,6,6,0,0,0,yes
val,619,FloW-Img,training/images/000027.jpg,57d2e43af361f4ac37f6be6567b2f4ceb02cfb68c874e8b15416c5fdf7e1c416,372254,1280,720,1,1,0,0,0,yes
val,627,FloW-Img,training/images/000035.jpg,83cd2f3562477f3f1c608e70e59a88a8c23e34db84bec9f1ab95ca7d90b32b45,425181,1280,640,1,1,0,0,0,yes
val,633,FloW-Img,training/images/000041.jpg,b953ac627b167534ab45a7af0c180be6d9f38863fbe8ebe4e88466171d260960,444145,1280,720,6,6,0,0,0,yes
val,654,FloW-Img,training/images/000062.jpg,85b7f76d2bd201589e253503a314e440be0500259dd4e00f69c7da9ff37e178c,223137,1280,640,1,1,0,0,0,yes
val,655,FloW-Img,training/images/000063.jpg,0b48254d945aee04acce36419703ddb1643ebed81ecbeba1b40aacbe64ca01c0,343807,1280,720,3,3,0,0,0,yes
val,659,FloW-Img,training/images/000067.jpg,b7b648e2f66ca54d864d6bb30fe87650657daaf5423ba1e7bbefbf1f40029ab6,396066,1280,640,1,1,0,0,0,yes
val,664,FloW-Img,training/images/000072.jpg,9f2f165736cb37b2c57364df0c8fe0eb755b70c3f966e9189e00419b472db122,330973,1280,720,3,3,0,0,0,yes
val,670,FloW-Img,training/images/000078.jpg,74124f362a260b052ee5e9c10ab9d18b80885a7b499ae63f451e3a8cc0b0501e,489567,1280,720,3,3,0,0,0,yes
val,672,FloW-Img,training/images/000080.jpg,78325ecbea0b2b4e977bb1d238b15329cefb179be67d1ea39d077f1d48b62f35,297316,1280,720,2,2,0,0,0,yes
val,677,FloW-Img,training/images/000085.jpg,7bd156b589d99a9a42921d435e5990b2c12271c0cfad8955d4c775444fe30496,468695,1280,720,4,4,0,0,0,yes
val,691,FloW-Img,training/images/000099.jpg,d6b4f3c3d9db716da2ff52773beb30c5329786d86c42fbe05dc079b682aca9e7,308579,1280,720,3,3,0,0,0,yes
val,692,FloW-Img,training/images/000100.jpg,180b9f5e1388b044a6eea6cb9d7fe70a997865568233cb81c82e9c1e18a5c155,318138,1280,640,2,2,0,0,0,yes
val,701,FloW-Img,training/images/000109.jpg,9d50bda67c4d6421089204c75112c3f399553531c19e2d13967ee26e634e6d1d,258559,1280,640,2,2,0,0,0,yes
val,719,FloW-Img,training/images/000127.jpg,8a9f042b8538078eec86f98fbdeee396d101c55c3da3ea055aeda2bb00e2cf80,341301,1280,720,1,1,0,0,0,yes
val,726,FloW-Img,training/images/000134.jpg,e19e223d5d838d343759e63ee5c16dd7536c621ee6125a47dbce6d1a9d4fcb0b,416471,1280,720,1,1,0,0,0,yes
val,735,FloW-Img,training/images/000143.jpg,1b12b0cd75e3747728a1cd3601c3db7cce01a4a925422d5e58dc5f9c634421d1,283233,1280,640,2,2,0,0,0,yes
val,736,FloW-Img,training/images/000144.jpg,f79b20b65bc56ac8893dfab7183439ad4ce64016223d87ab79ce9741491fdff2,325553,1280,720,4,4,0,0,0,yes
val,742,FloW-Img,training/images/000150.jpg,20502feba55a334d5243698643aa521b040469ab847d75ddcd5890be2791d4fd,327603,1280,720,5,5,0,0,0,yes
val,745,FloW-Img,training/images/000153.jpg,97b0ecb1b78649a6c8e57ac6187d42c355ff98c149a2b03b9f8eb1f902b31f2c,464259,1280,720,2,2,0,0,0,yes
val,753,FloW-Img,training/images/000161.jpg,206e77d77fa3efc555ef7b5bf3a05f1082f4be87f975768cc92e740bc0435386,343157,1280,640,2,2,0,0,0,yes
val,762,FloW-Img,training/images/000170.jpg,11ae1eda677882acc71317f97f849ab0db5b0350da1ae55ec7d1b84f7172673e,184379,1280,640,3,3,0,0,0,yes
val,771,FloW-Img,training/images/000179.jpg,412100c636c3e92624cbfebf45b7230a6fccd9e4a57d53f1167de335cead06de,282517,1280,640,1,1,0,0,0,yes
val,780,FloW-Img,training/images/000188.jpg,3c65f70a7f3cda14fb293fc7a3bb15ec31e9c5452b49dd52b58d522660801166,244894,1280,720,1,1,0,0,0,yes
val,788,FloW-Img,training/images/000196.jpg,17fdf27048b291974d0cbc1c92114de2d939b1d3af2be7963353f0518d380a83,305678,1280,720,1,1,0,0,0,yes
val,795,FloW-Img,training/images/000203.jpg,b281f0026bf0b04abdfd9424e5729610a4b2a5d44d2b326e1af13b586704ada5,424168,1280,720,12,12,0,0,0,yes
val,801,FloW-Img,training/images/000209.jpg,f0c445657a226523838678bf2aafa4163500aadac455185d6d93ad29a9b40abb,292619,1280,720,2,2,0,0,0,yes
val,814,FloW-Img,training/images/000222.jpg,f4ddc5bcc59acac13924bb1bd49bde6eba1f42bb485bed9f21360c613480481f,293362,1280,640,1,1,0,0,0,yes
val,815,FloW-Img,training/images/000223.jpg,5ef93c2df1b03c7271dc966fc56a18e6fc0e6b6d3343cac45be88125a2b70b70,410770,1280,720,2,2,0,0,0,yes
val,822,FloW-Img,training/images/000230.jpg,fd42c1082ca5468e32ac95410ff42c1b00c0419119c1814ee9aabbf43026a6f6,310037,1280,640,2,2,0,0,0,yes
val,827,FloW-Img,training/images/000235.jpg,fb10a89c78dd1924c30be1b45965f3602840832436feffb043c2f31336bcf1f7,289626,1280,640,3,3,0,0,0,yes
val,831,FloW-Img,training/images/000239.jpg,b91b9db294d8ff624afcee08a4ad4b3db8dc84d47bd0f9f24f0ff7791cbdc6fd,355125,1280,720,2,2,0,0,0,yes
val,839,FloW-Img,training/images/000247.jpg,c5013dd7bff93e0e968829861ac5760855d0bb692b0b264e56844cfdef1ea004,264789,1280,720,1,1,0,0,0,yes
val,844,FloW-Img,training/images/000252.jpg,bd7a639b54ae6f4aa73c65ee47f85d2ff52841d692d9dd83ba7e0e3913b9055a,353214,1280,720,2,2,0,0,0,yes
val,848,FloW-Img,training/images/000256.jpg,6a46656bc39d6434c44b9d8fc5c845ccdd49195953f5b2f507d700f84ec798fd,293789,1280,640,3,3,0,0,0,yes
val,854,FloW-Img,training/images/000262.jpg,48bcef3dbd178756df42bc68e611238c314f00a3a4b0276832736dec8f771525,461129,1280,720,2,2,0,0,0,yes
val,869,FloW-Img,training/images/000277.jpg,e89120b64cfcbca256f647a6e9b4013dae2831504f4ac21346f4ba1b051ea95c,330237,1280,640,1,1,0,0,0,yes
val,877,FloW-Img,training/images/000285.jpg,ee36f1b218a6719aa78d64fc5191b9ccec2d66ac5a34516c1ba76a8a04866c82,343355,1280,720,1,1,0,0,0,yes
val,897,FloW-Img,training/images/000305.jpg,750d9a471dcff8c5022024c10ac2720503fd4d07e22bdb7e1f8c45694a5da399,327682,1280,720,2,2,0,0,0,yes
val,900,FloW-Img,training/images/000308.jpg,6bdfc9080bdff50e84105d367a33589ec9d16056969c7f1e4bb67c61c818b41b,244340,1280,640,3,3,0,0,0,yes
val,901,FloW-Img,training/images/000309.jpg,d76c06593b1db5d0cbc4defe45f1dd8674506c369707e7fdcd8b6cc329066cf6,249897,1280,720,1,1,0,0,0,yes
val,920,FloW-Img,training/images/000328.jpg,5c23fceccec2461d26f6acda5631e05e0db509fcaba59a94d27c62d9fcae12a9,418928,1280,720,6,6,0,0,0,yes
val,926,FloW-Img,training/images/000334.jpg,5cd8b510e12080f191f8708b2e091b489ff4252f2a15d763be60a2dff8f9b24e,327320,1280,640,4,4,0,0,0,yes
val,932,FloW-Img,training/images/000340.jpg,d294e12862e23c7766aba09c15f4132069c7ba9f788a43faac7ec64f8e355896,431851,1280,720,2,2,0,0,0,yes
val,940,FloW-Img,training/images/000348.jpg,578c3ccefd179085a66c30c51343fa4ba97a2f96c4b4b110f93d537a409e2278,199371,1280,640,2,2,0,0,0,yes
val,945,FloW-Img,training/images/000353.jpg,ce532f964fa21c37d8ea5d5cca36c811d98b319cff5f0e30b1c24ee56844e23d,235964,1280,640,2,2,0,0,0,yes
val,952,FloW-Img,training/images/000360.jpg,691cf0c49fbf69e499a3d8a246785ef718933dd461b0225b38facc97ab5efeb1,472867,1280,720,1,1,0,0,0,yes
val,961,FloW-Img,training/images/000369.jpg,ea587bc2f2cba703749f208248ecdc086d5356b2ce0d6d5b31f44493c4a90b14,277719,1280,640,7,7,0,0,0,yes
val,965,FloW-Img,training/images/000373.jpg,25e2d9d86dcfd1f44293e80806ae0a108be563e58d7cee10e6347a55360225da,421138,1280,720,2,2,0,0,0,yes
val,986,FloW-Img,training/images/000394.jpg,7475902d75d667453e7bed429b7a916e6a382f81a29bb1636dfaff970673e858,389364,1280,640,2,2,0,0,0,yes
val,998,FloW-Img,training/images/000406.jpg,e4a2b9751290506c3296a1a9e8c39b3723514f29fe862127868d3d652eaecafa,320894,1280,640,1,1,0,0,0,yes
val,1003,FloW-Img,training/images/000411.jpg,1e6a5fe41a7d31973389419ef631e8f98ca6744becad3f7a77f972f11a3c0c10,350144,1280,720,1,1,0,0,0,yes
val,1004,FloW-Img,training/images/000412.jpg,7b782833fb42f2f0031db4867c422830040babf3f1e6d748d6af3b9fe0701591,323972,1280,720,10,10,0,0,0,yes
val,1012,FloW-Img,training/images/000420.jpg,a37f7e4f61efbe622c548712d80623caa3c140f7f9d470a1a3aeb5d2e2497418,227299,1280,720,2,2,0,0,0,yes
val,1018,FloW-Img,training/images/000426.jpg,7756578801c90cae4d90c61f3bf63bac8481ecce92ab4688ec16c281fae21d25,344592,1280,720,7,7,0,0,0,yes
val,1024,FloW-Img,training/images/000432.jpg,fb682c57a60ca66f8309e1817f3b0ac8791dd21a400ae09e7c3a84f23f6b260f,316112,1280,720,6,6,0,0,0,yes
val,1025,FloW-Img,training/images/000433.jpg,877cf6f3764b0da0803f3933140da952c1494bf44f126d1834c081bca758ca16,185125,1280,720,1,1,0,0,0,yes
val,1027,FloW-Img,training/images/000435.jpg,e00a336d923270b533a42ac45fa235b1132a473cdddb40f586bb9d856bbfe2a1,190892,1280,720,5,5,0,0,0,yes
val,1030,FloW-Img,training/images/000438.jpg,b5299acd8dbb359a06459cb60480fd964f2b1b496a04b6506709b2fe759c54d0,286551,1280,720,2,2,0,0,0,yes
val,1037,FloW-Img,training/images/000445.jpg,df4413d1817dc7ed544405cbb211ddd0b84e492da4232c47505622e521bb6c76,207440,1280,640,1,1,0,0,0,yes
val,1046,FloW-Img,training/images/000454.jpg,0ce9bbb8473ee4fe9b63f119e16db3fcea3d4c2f8531cae46e8b44322cd13633,271666,1280,720,3,3,0,0,0,yes
val,1047,FloW-Img,training/images/000455.jpg,8c227c7939fe48dd88e27ce210f6f6504f609b18d538ec50597dd2ada24ac9fb,256308,1280,640,1,1,0,0,0,yes
val,1049,FloW-Img,training/images/000457.jpg,e6f3e231fbec4394d139c1f65a9f2bd51ef9774e436f9af3f7d157f49d171cc7,414883,1280,720,5,5,0,0,0,yes
val,1054,FloW-Img,training/images/000462.jpg,8953b42a9a2fb70d99da04a5b384114741afa985025105f6c4d15bec22392321,296729,1280,720,8,8,0,0,0,yes
val,1055,FloW-Img,training/images/000463.jpg,64eb862efe275075f65325daed14455d1cfd909ca575f4aa82472aab202926c7,206014,1280,720,3,3,0,0,0,yes
val,1056,FloW-Img,training/images/000464.jpg,0f991a68e27aa8e97d99db5779fb3df0cf0068ee05e49041e1755cae63056433,187553,1280,720,1,1,0,0,0,yes
val,1059,FloW-Img,training/images/000467.jpg,faa9de0ab6ee0ead72e016743e58228c5ab5b832e082e28d72c717be081c27c9,294926,1280,720,2,2,0,0,0,yes
val,1062,FloW-Img,training/images/000470.jpg,408f540151fc06ae0dce4f1c9ef7324b0c50291133acd5f5475ba891530ab27e,411086,1280,640,1,1,0,0,0,yes
val,1066,FloW-Img,training/images/000474.jpg,cad082e01b64e6d6de96cc077c1b94c9b59459e1a074aaf79493e24da5e76852,342000,1280,720,4,4,0,0,0,yes
val,1071,FloW-Img,training/images/000479.jpg,522b0662c0d00b658f0f488727a427932eac4c090f8e387114b8601218bd95d9,230530,1280,640,2,2,0,0,0,yes
val,1088,FloW-Img,training/images/000496.jpg,dfe8686f2be29b28276ff90d2eca76feeddb77fcf92b26bd183d45bdf5a69cf2,325776,1280,640,1,1,0,0,0,yes
val,1089,FloW-Img,training/images/000497.jpg,5848d7f9623a55228b6b845c979530a2ca7403f3820b7834951d582785833e6e,301261,1280,720,1,1,0,0,0,yes
val,1092,FloW-Img,training/images/000500.jpg,2cd19f1a19edaa124b2a8a613b4464dddb49d14ce0d3ac6133b4c54eb8d88fb5,323666,1280,720,3,3,0,0,0,yes
val,1098,FloW-Img,training/images/000506.jpg,0f780453d5d9ed78d549ed0f7b8c0be9de8df7990970f649904174b75870a167,373487,1280,640,1,1,0,0,0,yes
val,1107,FloW-Img,training/images/000515.jpg,df2f72553a34701808ff6ea78ffe71cf9515e010f74c32b0d8de243c8a912516,191025,1280,720,4,4,0,0,0,yes
val,1121,FloW-Img,training/images/000529.jpg,9700847cdb85522adee22a6d7826d75a8ef51dbbc2fed7861020e13dece7bad1,217771,1280,720,2,2,0,0,0,yes
val,1130,FloW-Img,training/images/000538.jpg,2cb3f66b85facf80ca6de71a5233bd472fae3b26f212075a612da0aa3a872e19,426672,1280,720,7,7,0,0,0,yes
val,1137,FloW-Img,training/images/000545.jpg,8d63da3b7029e0c76e24141e4100687812fed6927f2d0f7744a4ca27280edebf,291073,1280,720,1,1,0,0,0,yes
val,1140,FloW-Img,training/images/000548.jpg,dbaa075812bda99eeb0149d2634c4fda52bc715302048117065cefcc3a1b43c8,464964,1280,720,1,1,0,0,0,yes
val,1143,FloW-Img,training/images/000551.jpg,d894e2b6b9a83a5f012123c048c119747606b7954e90351024028fe5aa1c6cf4,311947,1280,720,4,4,0,0,0,yes
val,1147,FloW-Img,training/images/000555.jpg,6bc4fa284969702d31348d733ceb903e6a621477c9d6ea261d4eb68a93c76763,199363,1280,720,2,2,0,0,0,yes
val,1150,FloW-Img,training/images/000558.jpg,4a86eafe90f6e6369de94ecbd72415e12c642f31c81b93d40349ddaf1b809d3e,328713,1280,720,1,1,0,0,0,yes
val,1153,FloW-Img,training/images/000561.jpg,f4e8b80a3b4f8f57805756499b46b852c96520c5a80f60abad889b4f82e4be9c,188023,1280,720,5,5,0,0,0,yes
val,1158,FloW-Img,training/images/000566.jpg,e48701a7523a6042bda858797a1f6906896bbf7f21db1901de817da5076cbaf8,384717,1280,720,4,4,0,0,0,yes
val,1169,FloW-Img,training/images/000577.jpg,26c9b4a9a9ac5d656601c87e2d461549bd1e1ef20d0f6a34d61e0e6ebb7ba8dd,375705,1280,720,5,5,0,0,0,yes
val,1170,FloW-Img,training/images/000578.jpg,c27f2d1ec83566dfb4c7b981d10a230e1f4f34748c700185d9b50b69f8762875,232604,1280,640,2,2,0,0,0,yes
val,1172,FloW-Img,training/images/000580.jpg,847b02f465808a63b98c8390869fe9c8182019ec17acab529f82e69056195b1f,268429,1280,720,3,3,0,0,0,yes
val,1177,FloW-Img,training/images/000585.jpg,93ea71ef26673104faa4824d767c5d2bcd51418899ff6246fe31671ea33c2b3f,401873,1280,720,5,5,0,0,0,yes
val,1188,FloW-Img,training/images/000596.jpg,99f88b79d9e7930a195851de0b6c367640912d35784ed14dfccb8d86131e9d9b,296002,1280,720,2,2,0,0,0,yes
val,1191,FloW-Img,training/images/000599.jpg,ebc4374ddc6f4fdeb51d99391854116ec7f9edf0093a2db01accfd12f694a7f3,333682,1280,720,1,1,0,0,0,yes
val,1196,FloW-Img,training/images/000604.jpg,e055b43d304ad88cb780d1a358caa89b0da2acbd7318eb22d6eb5238226364dc,370631,1280,720,1,1,0,0,0,yes
val,1199,FloW-Img,training/images/000607.jpg,c35d3abcaaa40a7baa34c6167211bcbb74aa60ad8a31e78412a318e5fee5c1d3,313501,1280,720,3,3,0,0,0,yes
val,1204,FloW-Img,training/images/000612.jpg,da9041314e9e17e1fcad5c7e5ebe925fde7b1dd7dd11ba1655e39ffc198c1542,348417,1280,720,3,3,0,0,0,yes
val,1211,FloW-Img,training/images/000619.jpg,4556666eb28da5e6a172711c3566ede41f37a50328e785c9828fa8e71c670e0b,330892,1280,720,6,6,0,0,0,yes
val,1216,FloW-Img,training/images/000624.jpg,94c84906b66e05ced1fea32d01a563a68d7dcf15441b19fa5ad6d35c617ddc0e,334102,1280,640,1,1,0,0,0,yes
val,1217,FloW-Img,training/images/000625.jpg,e53942f20f888332e62b2849d797ebb7443d6c12093d752a0b4902b6509e1833,206733,1280,640,3,3,0,0,0,yes
val,1219,FloW-Img,training/images/000627.jpg,9c0cfaaec99eb997f4fcfac627e9011e56fb9c1fe51fc1d0f3101e290100b53a,332407,1280,640,1,1,0,0,0,yes
val,1231,FloW-Img,training/images/000639.jpg,d91e5d93a4575282870887b5ff745060292011f216358c724a4dc5bfdb98d9df,247893,1280,720,1,1,0,0,0,yes
val,1233,FloW-Img,training/images/000641.jpg,d94a9bd70dbd2ea7798465cd0950fd8f13fa7349efd8107046f099e6e356faa9,316722,1280,640,2,2,0,0,0,yes
val,1244,FloW-Img,training/images/000652.jpg,c465d3d44c30920e0501a247dda9ec0b127ba84571b4d8a2468f6bcdd0639406,431577,1280,720,1,1,0,0,0,yes
val,1251,FloW-Img,training/images/000659.jpg,9901ec74191096ff675b86caa0d3f3f1d3c20ad1b63b557b9374688288b9f33c,214382,1280,640,1,1,0,0,0,yes
val,1254,FloW-Img,training/images/000662.jpg,fbb0b8b9c10d3b08e578fbb8365df49e6f449b96035142d20fcb242e8d68acd9,254869,1280,640,4,4,0,0,0,yes
val,1263,FloW-Img,training/images/000671.jpg,9e114b60ef281d053e91704e057b10ec74fae3c34d86a95f1491c7ce00884770,377988,1280,720,6,6,0,0,0,yes
val,1270,FloW-Img,training/images/000678.jpg,1050294a670dbae4de3c2b8575058429b5044a09f95d6481cca5555f8f8b97e7,246880,1280,640,10,10,0,0,0,yes
val,1273,FloW-Img,training/images/000681.jpg,cf6bd6bc64f2a3a20fc4b8cd235427caa9ae361833d06bc475adbed7b39ccbfe,345614,1280,640,1,1,0,0,0,yes
val,1278,FloW-Img,training/images/000686.jpg,2a19adf9279d8c776b10d234f13fc8fe8b87dd136e043b2de0a2d7f992d00e5a,401585,1280,720,5,5,0,0,0,yes
val,1280,FloW-Img,training/images/000688.jpg,65b1d8e602bb031bd50719bcf39812c2f82bbb35e6943af24962392ebfdd2dbd,350774,1280,720,1,1,0,0,0,yes
val,1281,FloW-Img,training/images/000689.jpg,f6179fea38d8451704c5c8269d698a582f7eea02d0ae57f07c7739ce49d63fa0,404313,1280,640,2,2,0,0,0,yes
val,1296,FloW-Img,training/images/000704.jpg,844a720feead740c5f8acc0c7bc040c2e0ff6d668eee26973e869c2c46e1e729,396567,1280,720,6,6,0,0,0,yes
val,1303,FloW-Img,training/images/000711.jpg,284134983f0771d44b5a03ef73994435235933df8f03bbae8586516d8522bb00,383994,1280,720,1,1,0,0,0,yes
val,1310,FloW-Img,training/images/000718.jpg,c1c62b8d72d830b1663475101db4348fb0ec65c3964add0c37a5d4d190fc5fee,309102,1280,720,6,6,0,0,0,yes
val,1316,FloW-Img,training/images/000724.jpg,a191dd8100098b32a173a485ad7de1692d823be6b774395ddc6ad1d9a1327291,343873,1280,640,4,4,0,0,0,yes
val,1325,FloW-Img,training/images/000733.jpg,c271f865fb0464b17959521a11e0259c1059e553ce239c1ad56295a8287577b9,321528,1280,720,5,5,0,0,0,yes
val,1327,FloW-Img,training/images/000735.jpg,5a93e935f1091c588e9e94e89a7f33ffc54f8e612ad2ac384158970672ae8ab2,344038,1280,720,1,1,0,0,0,yes
val,1334,FloW-Img,training/images/000742.jpg,f6802da76c6ff28c30239cdad1ba7d009cbc51942d6fce6e56b974659f1b39d0,306982,1280,720,3,3,0,0,0,yes
val,1339,FloW-Img,training/images/000747.jpg,cf8f933953097e96003b096d2934653926eec5f906a6fe73113b8bf2361cee18,243441,1280,720,1,1,0,0,0,yes
val,1343,FloW-Img,training/images/000751.jpg,9864e3d161b70984ea77d5a803399bdf10c6977486045ee633e0362acb7ecfbe,316491,1280,640,2,2,0,0,0,yes
val,1346,FloW-Img,training/images/000754.jpg,2ac6f0f1e9ca1718be6b794200486f453a9005fa2c339c6e16ed9d53ba100b83,250792,1280,720,1,1,0,0,0,yes
val,1351,FloW-Img,training/images/000759.jpg,767d46ce40703ce7a5197e866e3b12fff5c54f12260265d821c8d4c8a3443f8c,192813,1280,720,4,4,0,0,0,yes
val,1353,FloW-Img,training/images/000761.jpg,3e687460f71f441f124c03c27836dfb95b02644c8f25f0d2f8b50dd27bf7a5c3,330617,1280,720,4,4,0,0,0,yes
val,1356,FloW-Img,training/images/000764.jpg,a048b312f28f7bb94b6cb3f6083e5c87b2ba03db03b7442a426c7bf9a1932e52,362188,1280,720,1,1,0,0,0,yes
val,1360,FloW-Img,training/images/000768.jpg,025711e70eadcc2ee0982e03d33a69d44b11f83413dec91a511b95ce8fc6a5b0,272982,1280,640,1,1,0,0,0,yes
val,1364,FloW-Img,training/images/000772.jpg,d4d36b6f38bc96fb243aab1c3f3bc616b8609f4b1dd5205286f61afd078928d1,297156,1280,640,2,2,0,0,0,yes
val,1372,FloW-Img,training/images/000780.jpg,964e3090c04cb3b84e52963a0e30aab883bc56b5cf48b5c7a7ed9b72193105d2,250873,1280,640,1,1,0,0,0,yes
val,1376,FloW-Img,training/images/000784.jpg,136daa08f9b9bfb0c191f538491045a49b76b6359d45903b0c385b870856caf0,223255,1280,720,2,2,0,0,0,yes
val,1386,FloW-Img,training/images/000794.jpg,c51ee8f75910f3e6f441d6cb21f52a93218592b18087777319e6393844742f72,403740,1280,720,8,8,0,0,0,yes
val,1388,FloW-Img,training/images/000796.jpg,be42414706cd9fb5156cbd7e97d4b65485d873dc56e4b75af33e92c2476fd1a7,332298,1280,640,4,4,0,0,0,yes
val,1392,FloW-Img,training/images/000800.jpg,b773abef8543cf7e32370b54d369581b1e31355ac5b1cad61616f8275677f328,202767,1280,640,1,1,0,0,0,yes
val,1401,FloW-Img,training/images/000809.jpg,7e99ef834637231d0c6b7cc3bfeecc8580bb690b26aa3a44b7319a86faca11e5,220757,1280,720,2,2,0,0,0,yes
val,1414,FloW-Img,training/images/000822.jpg,203e8c3e09dc93d3e56cafa30fda82123d4db7ffbb746a1fdd1e1fef8e347656,330057,1280,720,11,11,0,0,0,yes
val,1422,FloW-Img,training/images/000830.jpg,9802159c1c294779759cf73fc4ff1a550917d1f55d4cd33a238cdd01b7210b27,186968,1280,720,2,2,0,0,0,yes
val,1431,FloW-Img,training/images/000839.jpg,c2dce0218f3fc042860e33d6166b89d5c9bb9a695fbde42d8e702fd4bae5dd3d,201944,1280,720,2,2,0,0,0,yes
val,1455,FloW-Img,training/images/000863.jpg,f84da6158e7de907e74e2ec7c5a860108e0be66d022ac764feff18c41c45a3b8,250800,1280,720,1,1,0,0,0,yes
val,1457,FloW-Img,training/images/000865.jpg,b03974f71d64ba47b627b7375ce5ba632cf8860f424fa5abd9195e2d53b77ac5,211644,1280,720,3,3,0,0,0,yes
val,1464,FloW-Img,training/images/000872.jpg,6dd805b0ce9d63c845ff2e9897a0c180dde144b8e11190f134be11483be05970,489646,1280,720,2,2,0,0,0,yes
val,1467,FloW-Img,training/images/000875.jpg,59fd300f6383360e41f57c78783155d8b0b329102996958554883e92efa324e6,193420,1280,640,1,1,0,0,0,yes
val,1474,FloW-Img,training/images/000882.jpg,c75592bcc90c87c14ef5fa0aa0f489dd9b78876e59e437a27a90267530a1b7dd,303839,1280,720,1,1,0,0,0,yes
val,1475,FloW-Img,training/images/000883.jpg,43d3f4065f1519f9e1e2ca60b994696e909f5916efe143112e441efd4a3a71c6,291740,1280,720,1,1,0,0,0,yes
val,1476,FloW-Img,training/images/000884.jpg,112b0001caa7068410e5b6cc08217bd1813a3c038d24d31e19d173f68aaf8f22,465376,1280,720,2,2,0,0,0,yes
val,1503,FloW-Img,training/images/000911.jpg,de59e852c792c57635fe541fb3eef59ec4a78aa8b831c7214d9edc24bee3ebed,338894,1280,720,2,2,0,0,0,yes
val,1506,FloW-Img,training/images/000914.jpg,64fd1d2cd8c6ab2bce67d4beb37dbff8428ce46030053d630850d95b32c9a6f4,339221,1280,720,2,2,0,0,0,yes
val,1510,FloW-Img,training/images/000918.jpg,466a256be9a2de09343bfe02134f9543da93851eb1a238d5b0c9ffd5dae834bb,471670,1280,720,2,2,0,0,0,yes
val,1513,FloW-Img,training/images/000921.jpg,ba24aa4e2c79bc31f3732eb733b47e6077c264afdb76ffc6a43be9f561058973,374494,1280,720,3,3,0,0,0,yes
val,1520,FloW-Img,training/images/000928.jpg,a9cd26155f0a2df5d5859b06c283cfc0927f02e9736a05c25f8d9405982e4c0e,365679,1280,640,1,1,0,0,0,yes
val,1522,FloW-Img,training/images/000930.jpg,944e9d9c1c0cb5d4c0dc51966d5ec228b7380a4caa963279722bc6c9ca55d6fd,237234,1280,720,1,1,0,0,0,yes
val,1523,FloW-Img,training/images/000931.jpg,2ed54db93f5801d57424eba88c7deacd5f6d2425a8692ce6d4446fea2dbf6ce9,410639,1280,640,2,2,0,0,0,yes
val,1536,FloW-Img,training/images/000944.jpg,74246a6486d0d52482187b0a635ed63354d965dbefe83bfe6c4aeb262da1ad0c,390260,1280,720,5,5,0,0,0,yes
val,1562,FloW-Img,training/images/000970.jpg,30b7200c9e29dc6d97da20c97aceb437639833d0cd81a96e3839cc6cfe4b25dc,353927,1280,720,1,1,0,0,0,yes
val,1564,FloW-Img,training/images/000972.jpg,d5a61406e159c432b6d1107e7091bfa7ab5ac98d8fa0499f2c60186c31f2c757,280521,1280,720,5,5,0,0,0,yes
val,1573,FloW-Img,training/images/000981.jpg,b5235a4929092d702908285eec62bd080558ea144049ef2bdc6c160db066434c,441737,1280,720,5,5,0,0,0,yes
val,1575,FloW-Img,training/images/000983.jpg,7385c7339eb05c910c40d16297335be58c668434c72acb62206065e356fc9c29,473531,1280,720,3,3,0,0,0,yes
val,1578,FloW-Img,training/images/000986.jpg,06077e31d8b9ac6d4c16d8d21142f2936305fba8ac6337621b318de8cd2192c9,321677,1280,720,7,7,0,0,0,yes
val,1586,FloW-Img,training/images/000994.jpg,10d580f5467bc4527a566dbc10dccee38fc07a0fd788b69edb1acc3eef5aa313,213685,1280,640,1,1,0,0,0,yes
val,1593,FloW-Img,training/images/001001.jpg,95ab743b90a4fbe85df84691dcd5b71104f6135612d76b5dad9a27ea59fc6a4b,348010,1280,720,7,7,0,0,0,yes
val,1611,FloW-Img,training/images/001019.jpg,2415ce12de7494bfc35a3d76d7d9b16c9cf6aad3ca00625a808b64072c12183d,273592,1280,720,3,3,0,0,0,yes
val,1618,FloW-Img,training/images/001026.jpg,662f3c718fc35fd33f632d7bf9c82831e09f6c42c33531a4c44bcc63d454585b,214919,1280,640,2,2,0,0,0,yes
val,1620,FloW-Img,training/images/001028.jpg,d48a96a26a129f8021cac8a58a924368a025711f9a2566c7cc39a1656ae528d8,416210,1280,720,2,2,0,0,0,yes
val,1642,FloW-Img,training/images/001050.jpg,25de26c4845921a6690187db2c423918c6271fef09bac41986a652f3fc85e174,333701,1280,720,1,1,0,0,0,yes
val,1643,FloW-Img,training/images/001051.jpg,1eb911e3fcb9fe74d1e74b289c10224a83124abfbc3ea3a94d8b9104325e0028,505285,1280,640,1,1,0,0,0,yes
val,1648,FloW-Img,training/images/001056.jpg,29a7b964a717bf61f09f9f0e13ab58547523a07691d4ffe7143cdc5519a0e593,194931,1280,720,2,2,0,0,0,yes
val,1651,FloW-Img,training/images/001059.jpg,04f4a31fd7fca3ef24fad0f4684ada46825f5f01e390f99121721428e6299696,196460,1280,720,2,2,0,0,0,yes
val,1656,FloW-Img,training/images/001064.jpg,b53f2dc89303e33f90f5b10b7a510f232c652b264e2b05ce2b3cb42d90c4b90b,287888,1280,640,2,2,0,0,0,yes
val,1658,FloW-Img,training/images/001066.jpg,d82e7dd231094ae7c0c324327afa7ab38061a8611c83fe3e4c1c0a0e61fc7439,262721,1280,640,2,2,0,0,0,yes
val,1664,FloW-Img,training/images/001072.jpg,d1c46bebdbed9c70ef7ad8b2b8ba18652c50d55160619ef7cb95ae2a6a7be135,211994,1280,720,3,3,0,0,0,yes
val,1667,FloW-Img,training/images/001075.jpg,2c4bcaf585c5b011af984c812b17676a537f6c70cde728935428ab81285ab488,358501,1280,640,1,1,0,0,0,yes
val,1677,FloW-Img,training/images/001085.jpg,82380b580996351476b72dc50ea462f2b323f9ea791e79c6703b858a0f027279,221402,1280,640,2,2,0,0,0,yes
val,1679,FloW-Img,training/images/001087.jpg,fe8e33b53db99524d865050bca3042e424e6905c8704294f1915dd42557d6ca1,462644,1280,640,3,3,0,0,0,yes
val,1698,FloW-Img,training/images/001106.jpg,94b7998ff1efb1cc4f7d6cac49cdf0dd678ea3593e036461516ffe5cbadc7c35,349574,1280,720,2,2,0,0,0,yes
val,1702,FloW-Img,training/images/001110.jpg,69790446cdee3e35a2ba2b01553cf03007eb8d1cd14a22eed7f1b960362f49b5,481134,1280,720,2,2,0,0,0,yes
val,1706,FloW-Img,training/images/001114.jpg,62c0d67a1f1e993e89a31aa717eddf10e0ed918b9cc58a7828417a36133d6174,267167,1280,720,2,2,0,0,0,yes
val,1712,FloW-Img,training/images/001120.jpg,8635765802885480ef2676a55035da1ffd081192122d3d76f8ab221389cd596c,331048,1280,720,2,2,0,0,0,yes
val,1721,FloW-Img,training/images/001129.jpg,21501284d7c6845719136f06865fbc052d87fae21dfcddbb98e6fbe0268927cf,289378,1280,720,1,1,0,0,0,yes
val,1723,FloW-Img,training/images/001131.jpg,0836c85f7beb945538e0514490f7df68cc725f9e9be884be08f91339077ff9c8,325085,1280,640,1,1,0,0,0,yes
val,1745,FloW-Img,training/images/001153.jpg,621213f62d79b3dcfb310213077237a8a2f56f209daf2d9117b1fad8f30401bd,323706,1280,720,4,4,0,0,0,yes
val,1746,FloW-Img,training/images/001154.jpg,6a24d1dfa1ed1a286c7c4e6aebeddd66167de35e66a7dacd59488febfff9b53f,234581,1280,720,2,2,0,0,0,yes
val,1757,FloW-Img,training/images/001165.jpg,d6a78c61585065a11ad20198da18e5dee7ecc73ed30c17db0f5d67b48a3c4e9f,302031,1280,640,5,5,0,0,0,yes
val,1771,FloW-Img,training/images/001179.jpg,e8eb975cf487a7226dfbc03729ab2fd0337409fffceed641e4933ee093645b8c,270325,1280,720,1,1,0,0,0,yes
val,1776,FloW-Img,training/images/001184.jpg,48864eda353d236f80516085571f98c7994904c1c165975dd30641b1b3749b1a,337759,1280,720,1,1,0,0,0,yes
val,1784,FloW-Img,training/images/001192.jpg,a1933c8fe4ef4b9323661c208416e8ed971c3a4850744fc11930074d23d0d292,272243,1280,720,9,9,0,0,0,yes
val,1795,FloW-Img,test/images/000003.jpg,4de2d38bb62f5646742db7d466f20062075509f395970c8cc82711df70d4572f,222479,1280,640,1,1,0,0,0,yes
val,1810,FloW-Img,test/images/000018.jpg,bd2cf53b66e69bbfbda12cf828932ada7ed4076712e78fe01016d918516b1539,424573,1280,640,2,2,0,0,0,yes
val,1814,FloW-Img,test/images/000022.jpg,619c980029a44eb1bfe5f48c73a360d6648eab1e8bffffc15cd398ad9bc6251a,249313,1280,640,6,6,0,0,0,yes
val,1820,FloW-Img,test/images/000028.jpg,6b8d00a3528aafbbc192ee1c4f7ab48e0b236aa1da5f47cbfbbf95be5c187b7e,285506,1280,720,1,1,0,0,0,yes
val,1829,FloW-Img,test/images/000037.jpg,0c7989bcccc3524902bee49c21fcf1e22edac979837570e2ffc5185977016048,308488,1280,720,6,6,0,0,0,yes
val,1840,FloW-Img,test/images/000048.jpg,402b2bf23128282e3b55b43dc6ffdca93a8e43cc2cb5e4e1e7bed6d2f22d6680,350024,1280,640,3,3,0,0,0,yes
val,1844,FloW-Img,test/images/000052.jpg,3704c44ccd10dcaeb79e97bdbb0d556be778a8448a4920ade071725c671d11f5,313563,1280,720,1,1,0,0,0,yes
val,1853,FloW-Img,test/images/000061.jpg,4cc40d969b51f2cd268f7a7cdc4f8d344c5c3b1838365bfeef464a7d0cc12651,314035,1280,720,2,2,0,0,0,yes
val,1856,FloW-Img,test/images/000064.jpg,5d8c736941a7330550ad48f848e6c5ff9848ef2980a30be380d23ab5ac58302d,304786,1280,640,1,1,0,0,0,yes
val,1860,FloW-Img,test/images/000068.jpg,2975e61dd80fe618247ad78edc74b012a8805e04c6008326e48d3bca0e18ebe2,190253,1280,640,5,5,0,0,0,yes
val,1861,FloW-Img,test/images/000069.jpg,9d0869af2d6b59370e0cf6c255abbd29135b694df53c843fffa1069170f9baff,365010,1280,720,2,2,0,0,0,yes
val,1887,FloW-Img,test/images/000095.jpg,7079c58273f724daa6a568ec133b3506c3c02705146b1f4a7490e10f81b347e7,526292,1280,720,1,1,0,0,0,yes
val,1891,FloW-Img,test/images/000099.jpg,08d603a62fac8f5c667398e8f8bc1ae9f58c39ab20f759199886c2845f013e84,457256,1280,640,4,4,0,0,0,yes
val,1892,FloW-Img,test/images/000100.jpg,9c7cbb5a1213da7011ceb3b235f7394089444a145564aefbec0dbf4d92b8872d,387864,1280,640,1,1,0,0,0,yes
val,1907,FloW-Img,test/images/000115.jpg,24cd3d8cfee08662a69bde6d51bd4a92a2f1186e331aafade8e118fd3c1ba734,327318,1280,640,1,1,0,0,0,yes
val,1921,FloW-Img,test/images/000129.jpg,c896fe727b4e2eb01d5352dc6cc5cbc070f42e3d0fb4565c3ec451e79af6b8a9,277187,1280,720,2,2,0,0,0,yes
val,1930,FloW-Img,test/images/000138.jpg,721ef8b24038c8813376a374ebd6873aeeee1c2634d7d7b96e73b02bd88ae3fa,255255,1280,640,2,2,0,0,0,yes
val,1933,FloW-Img,test/images/000141.jpg,d8489034eaf6cb8d087852101ae5ffab350f0ca9db98b48cf1c05cb577a791c0,358247,1280,640,2,2,0,0,0,yes
val,1936,FloW-Img,test/images/000144.jpg,7385dc4569c2cd956d7a77a480eb5671e0b9b5610659de9f9a751f496679c3cc,295465,1280,640,1,1,0,0,0,yes
val,1938,FloW-Img,test/images/000146.jpg,6470582287e3ea7a06d51bc716583d08cb787f81d9857a2b091fdad3be45eac4,282466,1280,720,6,6,0,0,0,yes
val,1943,FloW-Img,test/images/000151.jpg,87de244a55d7430dd24bbb45dcd3f4048dcb1d6a7d9049cca1f2557e1b16ac33,372493,1280,640,1,1,0,0,0,yes
val,1948,FloW-Img,test/images/000156.jpg,6687bfcb84e4e03a7e4d832b269778eea46421ec299d95bfd12f935d1356b64f,440017,1280,720,1,1,0,0,0,yes
val,1951,FloW-Img,test/images/000159.jpg,6563b2d78906fec9845f39295b1b5978f77a69aae7fced40097e25d7f066451b,397752,1280,720,3,3,0,0,0,yes
val,1953,FloW-Img,test/images/000161.jpg,3450935748b016394c6ae032defec31664c7afb7dfa370b44671b9b0596ecbc9,325938,1280,720,2,2,0,0,0,yes
val,1964,FloW-Img,test/images/000172.jpg,675e5306a8f6bf66cf702619bebfa030a5a7159af229cd4ea2177b7d1fdaa5d0,332886,1280,640,2,2,0,0,0,yes
val,1980,FloW-Img,test/images/000188.jpg,209c27256119cfd2e88df881f5258b1aef4e224fc17c8bde2ec663dc8a2acf7c,301238,1280,640,1,1,0,0,0,yes
val,1982,FloW-Img,test/images/000190.jpg,a045590171bd341a0ddb639285f556cd798a9077bbf2bf1b68cb27c4d45b4d4f,282245,1280,720,4,4,0,0,0,yes
val,1986,FloW-Img,test/images/000194.jpg,396c82e035ce4cd24556748a910306135a66d98bd7aa8e0f904a347d5314aa1f,278528,1280,720,1,1,0,0,0,yes
val,1987,FloW-Img,test/images/000195.jpg,eff7b94eea48197b525fefdd1fb88562c2de868a81b7810be35795087db7bf41,361158,1280,720,7,7,0,0,0,yes
val,1991,FloW-Img,test/images/000199.jpg,cf9d37977d0fefb3810154c91042d3624fd550fdf645d582c89c2b1d4e1388b6,315834,1280,720,1,1,0,0,0,yes
val,1992,FloW-Img,test/images/000200.jpg,53a5762c3f361f65da83727e03009d470971f18b2a7c74b4a8a3e8264a50917c,401933,1280,720,1,1,0,0,0,yes
val,1994,FloW-Img,test/images/000202.jpg,9ac842f8c498d109ff49f1adf8b27ad9037daf857a39515dd5b522ec35fe1c23,446491,1280,720,3,3,0,0,0,yes
val,1998,FloW-Img,test/images/000206.jpg,afe010ddffc9a93be11be1719e2fc9d5c9fab1f5be48da24d4b3686557825659,210728,1280,640,3,3,0,0,0,yes
val,2001,FloW-Img,test/images/000209.jpg,86bd8db250be0ffcc8a7d55575964f7e362c4e3f4a8392f28835b629324e4d0c,372090,1280,720,1,1,0,0,0,yes
val,2004,FloW-Img,test/images/000212.jpg,2328504b2d061f4c0a7640ee5b40d84466b2cd52c8f5cd1fe6fa5ed5a2118e80,434627,1280,720,16,16,0,0,0,yes
val,2015,FloW-Img,test/images/000223.jpg,32a6dd06487c535991ea8ce049355de23ec272196331f09509057d4f3be28e91,286897,1280,720,6,6,0,0,0,yes
val,2016,FloW-Img,test/images/000224.jpg,14ff430adf7861bf337e4767d276dfadcbc16ca732501160bfdff4fae39b44bf,388668,1280,640,1,1,0,0,0,yes
val,2018,FloW-Img,test/images/000226.jpg,024b0642ac56797acd52622b6c23fdde742af732ebbe27f38f0cea446af36be8,333950,1280,720,1,1,0,0,0,yes
val,2030,FloW-Img,test/images/000238.jpg,302cf0c433c9ed6e7858159f8ac08ed1b5adce784ef39488e20fa32404e45744,326188,1280,720,2,2,0,0,0,yes
val,2037,FloW-Img,test/images/000245.jpg,809873379a1f8cd0e290f09b2113df78d159931a0f9501ec317e0c1805812c0c,426844,1280,720,1,1,0,0,0,yes
val,2044,FloW-Img,test/images/000252.jpg,286b6c4c354511e477bcd08103dfd60bb8e8ed73755449959ac4d18d08a036aa,513401,1280,720,5,5,0,0,0,yes
val,2049,FloW-Img,test/images/000257.jpg,e5597806c1d814ea340b9738afb2fef5b44bd265ff31c0d45beb70402d3b6ec6,277474,1280,720,3,3,0,0,0,yes
val,2051,FloW-Img,test/images/000259.jpg,2c1048b6943d4952d5bbd1c9ee2726fa9f1faa78135eb353c15844dbf332ab8a,254235,1280,640,3,3,0,0,0,yes
val,2054,FloW-Img,test/images/000262.jpg,8bd0f133b118179f44e36fe54ef9c1c69ead60d2d92fbd109b7961023da9e171,369551,1280,720,1,1,0,0,0,yes
val,2058,FloW-Img,test/images/000266.jpg,45b3c61c9da3e44d3b5a986f5551703413a3ad910d4990f04d13c94d7b610c4f,360690,1280,640,2,2,0,0,0,yes
val,2061,FloW-Img,test/images/000269.jpg,4fded7d7592e2d13fc978bb81b3f9b110e8d41c3d218095fbbe612555027585d,293077,1280,720,2,2,0,0,0,yes
val,2076,FloW-Img,test/images/000284.jpg,9778c1e57dcd9284f7fc226cbad55778c7b6e67efe16fd374ec00ff47f470480,285887,1280,720,8,8,0,0,0,yes
val,2077,FloW-Img,test/images/000285.jpg,0ed3680518cf0e30fa7810383e8fc2d64cd8e2cfda06b6150f03812c58405247,435603,1280,640,5,5,0,0,0,yes
val,2082,FloW-Img,test/images/000290.jpg,72956ba77a6bd4de0f4d8504ab11d51c196c0074d935e597f814863d89860dac,303548,1280,720,2,2,0,0,0,yes
val,2093,FloW-Img,test/images/000301.jpg,f7641b69db0b3d4093b01709c10d55771de3885ac8abb1e7cc968ac09710f6b0,408446,1280,640,5,5,0,0,0,yes
val,2103,FloW-Img,test/images/000311.jpg,10b7fee5e7fe801a5093eb79405a00ac1c6b3be206d40dfb6c70eecbec2e22a7,355501,1280,640,1,1,0,0,0,yes
val,2104,FloW-Img,test/images/000312.jpg,244253a765a2e53f3600b51c6a28490a6cc8c365247e603a4bac0d2d9ec65ca2,211702,1280,640,4,4,0,0,0,yes
val,2106,FloW-Img,test/images/000314.jpg,48514ec07a380f9b01813823cb7932ff767eb445c08ccaeb197ba864fc972832,459850,1280,640,1,1,0,0,0,yes
val,2108,FloW-Img,test/images/000316.jpg,61fa2d52b1541b3a34a729f5d3e509b90881a4bd11af2e2853841432c692ccc3,285747,1280,640,1,1,0,0,0,yes
val,2133,FloW-Img,test/images/000341.jpg,d529646be39da80a03906096d5e71287debcd80a5780b298ecd566bc9f5cfb48,337541,1280,720,1,1,0,0,0,yes
val,2136,FloW-Img,test/images/000344.jpg,32b7006da9c41f1bb96770bcba2faaa207b1befac7261aeb77e05951faa06746,328864,1280,720,1,1,0,0,0,yes
val,2150,FloW-Img,test/images/000358.jpg,6cfc7dc7260ffe04647bf04ec6fce35164cadaa9dd0351c36326b6a94d4815d4,260600,1280,720,3,3,0,0,0,yes
val,2158,FloW-Img,test/images/000366.jpg,491cad8ec30a4fb00725ec4b89c65c3cd65ed91d884b95361b6d559d5921c499,343912,1280,640,3,3,0,0,0,yes
val,2160,FloW-Img,test/images/000368.jpg,031a6bd3430f959dac7f237500ed98ee70496c9e38222c06388904cc80c49651,211104,1280,640,2,2,0,0,0,yes
val,2184,FloW-Img,test/images/000392.jpg,86b734b5ad7a288ad18c373366441f2570a61dab8aeee4b2ae44b64867e65777,312086,1280,720,2,2,0,0,0,yes
val,2204,FloW-Img,test/images/000412.jpg,2904d7d7ae4a4c57c3acd21b51cc39476ad8dc8bed3c35debd36e271f3b2293c,320985,1280,720,1,1,0,0,0,yes
val,2205,FloW-Img,test/images/000413.jpg,9e3cea03d3f107b437dec9d2c3037503b942b2617e7bd169c1a50fa9f40c73be,399289,1280,720,6,6,0,0,0,yes
val,2218,FloW-Img,test/images/000426.jpg,f2b8193715f8e2ef01124810401087c0ac87e5f9d70c717cffac89833dab5521,274733,1280,640,1,1,0,0,0,yes
val,2246,FloW-Img,test/images/000454.jpg,c7193efe7568fd4d53cb462e262ed17aed75a55f2d4ff83a4b3737662b0d088c,262396,1280,640,2,2,0,0,0,yes
val,2252,FloW-Img,test/images/000460.jpg,d1cf3675c8df141095dde624118200efcf2fc221707a14fa8a7a85db1fd1bb5d,362887,1280,640,1,1,0,0,0,yes
val,2257,FloW-Img,test/images/000465.jpg,c72a5f718324d72fc8e88a8730f36df4834875cae1ed1bb5a8c39275bf1c7cea,351690,1280,640,2,2,0,0,0,yes
val,2264,FloW-Img,test/images/000472.jpg,0cb41de1f36fde8744720f3ab214ddeea1459ee6305bb7df9984f6eb7b97ec1b,326656,1280,640,1,1,0,0,0,yes
val,2288,FloW-Img,test/images/000496.jpg,4a234205f0fabfa2efc150578e69ee26bfc7f4b34c43e62154ba977d61451116,316831,1280,720,1,1,0,0,0,yes
val,2289,FloW-Img,test/images/000497.jpg,6cf96529055fb8a3456c6c978a61e407f7682b0f29309dcf5e958be7f1cae0c9,332277,1280,720,1,1,0,0,0,yes
val,2291,FloW-Img,test/images/000499.jpg,1762f7d7016a67b6ad8af4498618c3f14115eee80664e15dfe179745b397dd41,319616,1280,720,2,2,0,0,0,yes
val,2300,FloW-Img,test/images/000508.jpg,0c0093745ee843ea19a6094ae53049c3eb635562318c539a50002cf18e671bfb,377128,1280,640,2,2,0,0,0,yes
val,2309,FloW-Img,test/images/000517.jpg,13e62339e4bed368d716677df70f1bd41c762b53a405769beaeafbe2ab09b069,217231,1280,640,5,5,0,0,0,yes
val,2314,FloW-Img,test/images/000522.jpg,cde47eadd932f858dae9eec97b7c3ae14d464b18c82bff8a0c597f3721444e34,241291,1280,640,1,1,0,0,0,yes
val,2315,FloW-Img,test/images/000523.jpg,faee1cbc174a6b5d3ce3310e3089fec0508862c0ca877dfb8f98027719ad0b94,262067,1280,640,1,1,0,0,0,yes
val,2318,FloW-Img,test/images/000526.jpg,a0d4eede19ebebb153985380a7ee878bb14f8b86b80a0eeae0b48ba4e74bce2e,415379,1280,640,2,2,0,0,0,yes
val,2353,FloW-Img,test/images/000561.jpg,9b54c2524bad10deb80c8128983013ed23055160de4348473fdc478cfa233f54,404760,1280,720,2,2,0,0,0,yes
val,2363,FloW-Img,test/images/000571.jpg,9dccf7468f5aa8e56d432a090285c0e106dd69b0fd4b85248cd7c7608f077a31,319665,1280,720,1,1,0,0,0,yes
val,2376,FloW-Img,test/images/000584.jpg,fd134125c956071e2cf2c319bc8967b39a00e619e2a4bf5ba9a4bad6d4661872,211211,1280,640,3,3,0,0,0,yes
val,2378,FloW-Img,test/images/000586.jpg,73748da0fa869c508019033f371e17b6853264fcd078b3fe7b617f12316797a3,331619,1280,720,2,2,0,0,0,yes
val,2379,FloW-Img,test/images/000587.jpg,58ea224d01973061fc1c2e5f2d9928f1efb9fa19fee83ec07818fc2b24e54e53,317482,1280,640,1,1,0,0,0,yes
val,2394,FloW-Img,test/images/000602.jpg,c90c2ed86a6b0f32786a8bd8e67b23c256f9480ebad83f325e1c4a84c373c7fe,288574,1280,720,2,2,0,0,0,yes
val,2396,FloW-Img,test/images/000604.jpg,ef169fddfce28970d4dea05c7d2f64e74c7947242e4edec6ce8da7de93c8a58d,216358,1280,640,3,3,0,0,0,yes
val,2407,FloW-Img,test/images/000615.jpg,af67d8d5a610f3c307da166f8d38f92b378f2b51e67c24cdeb788ade3ef9674a,188238,1280,640,2,2,0,0,0,yes
val,2411,FloW-Img,test/images/000619.jpg,2532bfbc288be37cc33be9700f01f914de27d4f3291bdf696321df0e62512866,331873,1280,640,1,1,0,0,0,yes
val,2414,FloW-Img,test/images/000622.jpg,8058f307def9429f68c5bed1e4e552a1db4c15a64eb18f64e1cbb77a36175a6c,203102,1280,640,3,3,0,0,0,yes
val,2415,FloW-Img,test/images/000623.jpg,34eb8cb7f28bd3b629817775f796f750cd22c914d5193f4a0381293f4e1a0250,314083,1280,720,8,8,0,0,0,yes
val,2424,FloW-Img,test/images/000632.jpg,817110ff88871ebf174ac86016f2ff1d2cdcc05fd3f9ff85102a494e0ab714f8,341718,1280,640,1,1,0,0,0,yes
val,2429,FloW-Img,test/images/000637.jpg,90506e399748b906a0111c0d8d03aa9d1d1a7fdfa3d2ad2a6f5296fedb031f30,268100,1280,720,9,9,0,0,0,yes
val,2430,FloW-Img,test/images/000638.jpg,5962a8c7fde5efddbaa9b1f770605df1ca919ec22b2e831db561a31d7116d74e,267871,1280,720,3,3,0,0,0,yes
val,2441,FloW-Img,test/images/000649.jpg,f02c8b4f09f11aab3bc7e6382c056d3898c9c3e60f3c3cc75758c7dcd2980adb,422409,1280,720,6,6,0,0,0,yes
val,2444,FloW-Img,test/images/000652.jpg,5f272c346abff7de97fb724e59f9dfc114d2ea62f9ce456fbe782cc73ed38ca8,304274,1280,720,2,2,0,0,0,yes
val,2445,FloW-Img,test/images/000653.jpg,770f14184b0153952a4f37bdd872eb3ba3b7d924ec10a4bd82ac41c97ef70c3f,258718,1280,640,2,2,0,0,0,yes
val,2449,FloW-Img,test/images/000657.jpg,dcdfc048e67e455d5ef24c53541e386a12874467fb71dcd432e483674da5c3d8,402053,1280,720,15,15,0,0,0,yes
val,2456,FloW-Img,test/images/000664.jpg,f0187383137d9ab236010fddb91dbed32618f465318268b2b02fcfd5008b1721,415008,1280,720,2,2,0,0,0,yes
val,2459,FloW-Img,test/images/000667.jpg,104009d865f92658c61f2949272b2a2fdbac3e59c949f4356e45ac2b1d2dd676,318015,1280,640,1,1,0,0,0,yes
val,2460,FloW-Img,test/images/000668.jpg,423e55a879adffc2be08297ce24ce1dddc4ab1fa79005e33abd38db289160195,251850,1280,720,10,10,0,0,0,yes
val,2462,FloW-Img,test/images/000670.jpg,2fb84245c50747a04f60bfd03893797991e594ddb2412714c6db49671dfb40d9,249830,1280,720,3,3,0,0,0,yes
val,2472,FloW-Img,test/images/000680.jpg,ec78e3fab76774bb883e662b13400266c6c79415ad1938d19dc7690dca708fd4,315772,1280,640,4,4,0,0,0,yes
val,2478,FloW-Img,test/images/000686.jpg,172ca2d61fba73595486d6c779dc291018eba9bf7d8176f7a7abb3e97255382c,182854,1280,640,1,1,0,0,0,yes
val,2479,FloW-Img,test/images/000687.jpg,5d4083e053bd92e5321944bb6e0d6976b0f89986de5d8a803b8deff32ac52d31,356162,1280,640,1,1,0,0,0,yes
val,2484,FloW-Img,test/images/000692.jpg,b3f62f4aeb08efdd5eba5c5ee36a0105d5fbafdce80bf8b0068466868b52ba5e,239114,1280,640,5,5,0,0,0,yes
val,2490,FloW-Img,test/images/000698.jpg,77ad223d7aff5eff93c65b4eedff1050020046d4156b5bc872434926a47fc8a5,525767,1280,720,3,3,0,0,0,yes
val,2496,FloW-Img,test/images/000704.jpg,6423c8a1f9a5887495c89667d92f8667b916c4a04f5e61a9d2778abe498e5227,327827,1280,640,5,5,0,0,0,yes
val,2502,FloW-Img,test/images/000710.jpg,897d88fdcf0655e1f5a762a96dd90d507a16872b1d3d1e975b9ffdeee2d5563a,361551,1280,640,3,3,0,0,0,yes
val,2506,FloW-Img,test/images/000714.jpg,e1821e858085b06ae85e08457b6f35199ab72f48c40d9d180a934381376e9df1,294801,1280,720,4,4,0,0,0,yes
val,2511,FloW-Img,test/images/000719.jpg,ff9bdcb0b6bcbc724beb7bb9e2bda9ce5dbc8135051680677357e3a516ee018f,308065,1280,640,1,1,0,0,0,yes
val,2518,FloW-Img,test/images/000726.jpg,c1ce5347a26d12c53df06b10c736e0e46c0073067dd53ec672a198b971067286,310739,1280,640,5,5,0,0,0,yes
val,2524,FloW-Img,test/images/000732.jpg,d22dcb5f1a173aa4d74d9d5411f39c3119de84d3a4c321c5af80b75519cce70d,290695,1280,640,5,5,0,0,0,yes
val,2542,FloW-Img,test/images/000750.jpg,067e07fba382cbf5879998e7b67129473ae498c8aa1f0b8a2730edce955a218b,244012,1280,640,1,1,0,0,0,yes
val,2552,FloW-Img,test/images/000760.jpg,2dd37f20d38febbd236ce5c116cc2bbad0b7e204f451b57ee318384555f7855a,385514,1280,720,2,2,0,0,0,yes
val,2557,FloW-Img,test/images/000765.jpg,a89f179b991fa031dd6e6f9c122ac0167130f6add0872553e42d4b0ac92245b8,434941,1280,720,1,1,0,0,0,yes
val,2561,FloW-Img,test/images/000769.jpg,ea2c6a3e842282afc5ca3dc8ac4a0e901ce74cf2f20c7d941fcfa1333ede38e8,206336,1280,720,2,2,0,0,0,yes
val,2565,FloW-Img,test/images/000773.jpg,952b33776b5fb621f7cdc16d55369c4367a91bbc4a1a22f37c8f829c57ed5eb3,311938,1280,720,4,4,0,0,0,yes
val,2566,FloW-Img,test/images/000774.jpg,80e66e801d75fd77296e5a8d66ddaa7cbc3da7636f187b42dbafc3942cd57ae4,412930,1280,720,2,2,0,0,0,yes
val,2568,FloW-Img,test/images/000776.jpg,a05cf1f6785d39ea0eb2192836b655771ab7ea8e01a5ab6524d4e40f3896eae2,128539,1280,720,1,1,0,0,0,yes
val,2584,FloW-Img,test/images/000792.jpg,77a283e7da0d0934cc40d140b82d8aa6c24ffec959547e62a54a8f65932b3bde,193742,1280,720,1,1,0,0,0,yes
val,2585,FloW-Img,test/images/000793.jpg,c5406ea666ccb9c71c291f13c090789254938dc0600073dc975752e0001d48cf,261623,1280,720,1,1,0,0,0,yes
val,2587,FloW-Img,test/images/000795.jpg,16494988f6ff1b05ebdcc444c7dcecb754f9377881e07cb3b6d8112a81da6ecf,385981,1280,720,7,7,0,0,0,yes
test,10,AquaTrash,ds/img/000002_jpg.rf.cc63f3f198e4bafa011b425d63252066.jpg,63153eb30261a64f3ec80ef61432f4017e85d2e7e04897260af9751ce6ac34bf,14710,416,416,1,0,1,0,0,yes
test,14,AquaTrash,ds/img/000003_jpg.rf.cf210b41c1d6dfa4e817572b3eae08b6.jpg,7fabb4b8d3896680fb16fd07d7ab1e8847e0cb98ca7a7698e8ae0f9b5179991d,120662,1537,2049,1,0,1,0,0,yes
test,44,AquaTrash,ds/img/000012_JPG.rf.2c4c735b011d8b107a71fea25fa2e7cd.jpg,a29cad6009fe0059d0a20e01eec1ac2e52f4ab814265d310d7160b597d7b14e3,688878,2448,3264,1,0,1,0,0,yes
test,52,AquaTrash,ds/img/000014_jpg.rf.38b062b115e46087392c4a6a42009aa3.jpg,4bba5dfa48e1fd6a2a8e13bff191fd3372b88cb040928cb6ef52f0a1899d8392,352301,1537,2049,3,1,1,1,0,yes
test,68,AquaTrash,ds/img/000018_jpg.rf.0058d47042114f3a156f9232b3a53568.jpg,4bd9732fc77f3483f6a4b15d25c7b796c58a07b0b53e051985d55175a39113d3,13061,416,416,1,1,0,0,0,yes
test,81,AquaTrash,ds/img/000021_jpg.rf.dedb632cd4867ee95608a988ff38fee7.jpg,e54dee594dc2c670d6be434167238061de3b09213863a88e9617c040624e6952,165703,2049,1537,3,1,0,1,1,yes
test,83,AquaTrash,ds/img/000022_jpg.rf.24374a2700679021d5ab94c2ad2434e7.jpg,b3772c93a62682ec498fa73a20a5e45962802220c968df1ca1b536c5c45bcb48,21229,416,416,1,0,1,0,0,yes
test,91,AquaTrash,ds/img/000024_jpg.rf.5545363767994e0edf0a31ceda3dc6e5.jpg,835a71f8efc28449beb9db7cdcc24ecc3e18f6a86e9cdd24a8946a83c30d4448,18091,416,416,1,0,0,1,0,yes
test,102,AquaTrash,ds/img/000027_jpg.rf.17f02195e9d2f6c52cf2ec29995d1190.jpg,812fba67876ac2150f654a777b6348be6635155d3a1136e80fc27e5ec05b428a,12010,416,416,1,1,0,0,0,yes
test,112,AquaTrash,ds/img/000029_JPG.rf.fcf8924626cf7b9079801100444609a4.jpg,eaa94b6eafbcb404130f8ff4b120feb585bb39446f641261dd67c681447f4db7,319437,2448,3264,2,0,0,2,0,yes
test,115,AquaTrash,ds/img/000030_jpg.rf.decccf4babe0f1d8526ce55ce0d931d0.jpg,5bc0646a9b72f372a8e19c6b946c073443575b644749a6abf05283c6bea013d3,214020,1537,2049,1,0,0,1,0,yes
test,118,AquaTrash,ds/img/000031_jpg.rf.361fe414c2979c2ebc9941f147c6ad6a.jpg,a3971f74ec5c087ea03a311d2ec2d8f76f41896f0dab064eceffd8bac9701a41,273127,1537,2049,1,0,0,1,0,yes
test,122,AquaTrash,ds/img/000032_jpg.rf.7133218ca5f644dad64b6936fb74201f.jpg,771db33670b27cd0abe26f94721d842d39545e72c54fa4c86c79d73503990cb7,4697,416,416,1,0,1,0,0,yes
test,129,AquaTrash,ds/img/000034_jpg.rf.a2ab4f9fc73f9a6b8ccdde4129d1c8ea.jpg,2b9c50f44bde6aa254f7abc8eac24280a503f13bb1aa96285b6e6d97beae7ef9,16709,416,416,1,0,0,1,0,yes
test,131,AquaTrash,ds/img/000035_JPG.rf.0d4d0bd8899beca4e91a1510ceaee1fc.jpg,cf4e5ebec6d9cdae71c2c95b8d338b048c8724127e43676d223ca88bed2e989d,332717,2448,3264,3,1,0,2,0,yes
test,134,AquaTrash,ds/img/000035_jpg.rf.8db8187059ccaf7094168b0fb6272c8a.jpg,0389d029dc58c6dd0890e45da433566e29c23cb5901aed727ebaa4c45d8b1113,74570,1537,2049,2,2,0,0,0,yes
test,142,AquaTrash,ds/img/000038_jpg.rf.42a1060772b6e12dea0366652ecf9817.jpg,22aabc79e4f4344aea61642b686f479d6275e8669ff8fd59d8757501d8f3299f,23694,416,416,1,1,0,0,0,yes
test,147,AquaTrash,ds/img/000039_jpg.rf.35f589fbfaa26392393ed6370dcb7d72.jpg,52778708fb6f13761e5ecbaf9cff896254d753e0f0935cd80532aaa2bec7491b,21151,416,416,1,0,0,0,1,yes
test,149,AquaTrash,ds/img/000040_jpg.rf.4e71645b58f3690e9fb7c065df60327c.jpg,795975a5831298eb785d072893438633dd7a54b362832fb5e8cfdf6513138e57,18629,416,416,1,0,0,1,0,yes
test,150,AquaTrash,ds/img/000040_jpg.rf.70a4d78ca394877e9ecd43e10e3ec9ab.jpg,e1349da6c1f8b9c7f08586b86755663ba2830dc89ab7d1e7ecceae5128a3f29c,75912,2049,1537,1,0,0,1,0,yes
test,165,AquaTrash,ds/img/000044_JPG.rf.62df54827e28b5224339874dad868241.jpg,16c089f825738754c9cc99e2c07bb8240fb41bfffa8ea31f3959fd276d7403e1,483635,2448,3264,1,1,0,0,0,yes
test,169,AquaTrash,ds/img/000045_jpg.rf.a3ae271406456c4ad09b79565c688343.jpg,f008084286e8661f788718203025a3af19d01a8ebdbd683ce4a4e496b5d30fe8,22424,416,416,1,0,1,0,0,yes
test,172,AquaTrash,ds/img/000047_JPG.rf.72be7e73ce0d387830038342f92e0d6d.jpg,fa30ad6ce1834b0538a701d640556069e5a0c29398aa2190ab8905e69ad385d1,743728,2448,3264,1,0,1,0,0,yes
test,181,AquaTrash,ds/img/000049_jpg.rf.3dc5ad8a124f2516da33d49496ff55dc.jpg,631e86563e00cbc01453dbdb2819ebc0a2eff3c2564f83911d5bb986aed6fb55,19103,416,416,1,0,1,0,0,yes
test,183,AquaTrash,ds/img/000050_jpg.rf.10dfca50c92084c90bd0ec9b2b5fbaed.jpg,898ef57a12200cf7cc4ffc22836a0ed17149b25c62b6fd8d322604c83146b402,11327,416,416,1,0,0,0,1,yes
test,191,AquaTrash,ds/img/000052_jpg.rf.a786dd2b6c05e8ffdb102af2b2e11be1.jpg,9751f7fb189a4619c8aa565c856abc198614886aab5b62ed94376cefabc8b3b9,14560,416,416,1,1,0,0,0,yes
test,194,AquaTrash,ds/img/000053_JPG.rf.8bab99ebbbad46087e65e6c47f7fdaf0.jpg,5d820c9a4df3a536815dd642480ada767279517b835158ab7d0d9fa5fe39d153,778373,2448,3264,1,1,0,0,0,yes
test,197,AquaTrash,ds/img/000054_JPG.rf.76b2370020ef79a2e46989421daa1133.jpg,2fdd197ea1e97864d45d902a3a60be6d770e4549de630878ff64b73b551fdee6,694716,2448,3264,1,0,0,1,0,yes
test,210,AquaTrash,ds/img/000058_JPG.rf.4ca01dd26d4560668e688cef86d9991b.jpg,0aff6a5986f6b609c1525470ad8421afaf31e67ba5b05d6407a3033e6600199b,937317,2448,3264,1,1,0,0,0,yes
test,212,AquaTrash,ds/img/000059_JPG.rf.924270bb72369c33953e656b40325fbd.jpg,ea39ef39d2dbeabd5bd1c63c1d1a92950d716d569f03b91ce79e8ff5e5b2a05e,921294,2448,3264,1,0,1,0,0,yes
test,217,AquaTrash,ds/img/000060_jpg.rf.9f232ad79a42efbeb938398e8867ad51.jpg,cded116afe91198a76aff1450b412c8bb75a192c7c3566e9c15fb5d719cd8baf,24367,416,416,1,1,0,0,0,yes
test,225,AquaTrash,ds/img/000062_JPG.rf.d6fb3faeeeebdde7bc81cac72f5f2667.jpg,88a1d952a8efeb3d1377f9f60098c33d9af353ebc9e3835f6236529b375b7b77,1046803,3264,2448,1,0,0,1,0,yes
test,238,AquaTrash,ds/img/000066_JPG.rf.4d451656ce9628a9eb263c2b47828227.jpg,6cd2b62a4a5728f6909f80050b307594894535d6e224dc016c6c9692052badc7,238870,3264,2448,1,0,1,0,0,yes
test,247,AquaTrash,ds/img/000068_jpg.rf.f0ac438ac2d888e854e2b6292484f6b7.jpg,6857d43d1ba6e386b1926e0a2320f99017e54bf9f4b8d214a8e98151c9944652,25346,416,416,1,0,0,1,0,yes
test,253,AquaTrash,ds/img/000070_JPG.rf.ac12be75acbb1f1fca8f1947860d0da1.jpg,94f3626f2c507875b2b8066361cec9b0aa10b5b30405968708e154bb9d4a2955,246828,2448,3264,1,0,0,1,0,yes
test,261,AquaTrash,ds/img/000072_jpg.rf.390f3117daa887331568b07f96fbd893.jpg,30ca1b204ca3bddf7427a297a23252dd96de8b8698d69752d9f228b896e00abf,25610,416,416,1,0,1,0,0,yes
test,277,AquaTrash,ds/img/000076_JPG.rf.a119806e7929c22e2c21ee95d0913e0d.jpg,2800afe7fec42ce4dd8ea4dc0147fb9e77bb4beb1adad2ae70a202194546a056,676786,3264,2448,1,1,0,0,0,yes
test,278,AquaTrash,ds/img/000076_jpg.rf.b9b869ca9da200bf355acbf878fd5893.jpg,1dccc521490f2bb1ae61a737884e464185dde8335ad0e11484eb3842586c7bf7,23773,416,416,1,0,1,0,0,yes
test,279,AquaTrash,ds/img/000077_jpg.rf.37455f94e58126e1310cae690bdf8e25.jpg,9d79664fbfb3f6ca11463ada2854ded851f8f99ca4fa48f0df3915f0d1e3ac2d,10558,416,416,1,1,0,0,0,yes
test,281,AquaTrash,ds/img/000077_JPG.rf.e9b90c05e5361fe7c9eeb5f3c644a975.jpg,8a8d213400773341887d5439aec85dd01d7de5c06d9f00ec96597ea6f88507da,192397,2448,3264,1,0,1,0,0,yes
test,286,AquaTrash,ds/img/000079_JPG.rf.0f2718510c3e0e2a18fbc4e7d4883d61.jpg,6ccc9077c2b9da04a6904515a1f7038142cf47c6489362d6bf1ab8eee70e139b,434748,2448,3264,2,0,1,1,0,yes
test,299,AquaTrash,ds/img/000082_JPG.rf.f4ab7cd5eb7f3f2eaec22644a49b4280.jpg,68eeda473c08cd71605157b256de982634438e0c5dae9c4327708a1a4127c1a0,803203,2448,3264,2,0,0,0,2,yes
test,317,AquaTrash,ds/img/000088_jpg.rf.9728d1367ea3ab96892d07a6bc662ec3.jpg,e365c875925baac79ecd821326c63b2840c7fe6ed654394238ada7f661ab05f8,27692,416,416,1,1,0,0,0,yes
test,323,AquaTrash,ds/img/000090_jpg.rf.ec22543b6e14ec1cac1f5a0013bb863d.jpg,970ec6c9e1d0542ad534eea7a687efd532631efdf7d397c1585209b4a28b8380,25679,416,416,1,0,1,0,0,yes
test,340,AquaTrash,ds/img/000096_jpg.rf.9a4acf1ff6f712d135693810d6776ba6.jpg,675302b1d53ef47fa29f5fb579709a9c6400fba5697e0ef777a502a6dbdf4943,25641,416,416,1,0,0,0,1,yes
test,350,AquaTrash,ds/img/000100_JPG.rf.09ba700d952797e7bcc046066f1758d4.jpg,994facc2b047aa699b0defc4c56d512ed7d1eb22c60924aebfea178c439b235e,148158,2448,3264,1,0,1,0,0,yes
test,357,AquaTrash,ds/img/000108_JPG.rf.a2d50edbe09c14b390aeabac181f2e0f.jpg,eaa5d3bdcacd44268d580b973f34af09e41945ad3f5ef097bd1ce9cfd01c4677,812771,2448,3264,1,1,0,0,0,yes
test,360,AquaTrash,ds/img/000115_JPG.rf.427cc9deffec8a9b16bf0afcad140b25.jpg,1e992d863fb454780d9fdcbc3551dfa3e5811a52cdf83e86b39836458ffd4cbd,723920,3264,2448,3,1,1,1,0,yes
test,371,AquaSurf-Malnad-223,images_fresh_malnad/malnad_0002.jpg,f20c9315aa1708e7ffcabb7cfe6860eab2f7bcd2ba4a9a0a92440979fa7d2da2,4497368,3264,2448,0,0,0,0,0,yes
test,394,AquaSurf-Malnad-223,images_fresh_malnad/malnad_0025.jpg,a3cf9e9b6996fad19971b3fd815fc8267489921fed183ab1e84fcfc7db8f74e4,139203,1280,720,0,0,0,0,0,yes
test,401,AquaSurf-Malnad-223,images_fresh_malnad/malnad_0032.jpg,b85aa79d5a2a987b651a931a5cc3b01631aea50f00291440a32443727ffa49d0,263944,960,1280,0,0,0,0,0,yes
test,402,AquaSurf-Malnad-223,images_fresh_malnad/malnad_0033.jpg,c0f021966d598cb062f969268e17ade3c16d7aea0681032bb75985457704ec2c,229638,1280,960,0,0,0,0,0,yes
test,404,AquaSurf-Malnad-223,images_fresh_malnad/malnad_0035.jpg,4796f03ae36bf995b0b8befe3c5af202cee4e219ac1a2a845c8108a57c860c2f,6135220,2448,3264,1,1,0,0,0,yes
test,417,AquaSurf-Malnad-223,images_fresh_malnad/malnad_0048.jpg,ff0ae3cc91698ad989aeb8ef86a80a67f1668c80619c380e524c8766f32eeaae,189903,1280,960,1,1,0,0,0,yes
test,423,AquaSurf-Malnad-223,images_fresh_malnad/malnad_0054.jpg,c8404d86cb32245bf2c85b7b8a66482ff3bbbeaf3c4d0996ae5f1335f4a00b2d,289739,1280,720,0,0,0,0,0,yes
test,425,AquaSurf-Malnad-223,images_fresh_malnad/malnad_0056.jpg,66a63c356fc644500e891076898d607205d6b06174bec5b8a1c1e786b215608b,140062,1280,960,0,0,0,0,0,yes
test,432,AquaSurf-Malnad-223,images_fresh_malnad/malnad_0063.jpg,ea960f70d08389da4dd5369767fe4bfbfb977e3fe299589ed913a600f9ec6e47,4346458,2448,3264,0,0,0,0,0,yes
test,434,AquaSurf-Malnad-223,images_fresh_malnad/malnad_0065.jpg,c8a0038eb48961a245af4ca513ebbccca249cf62614800297b003e0c29d87a5f,4130571,3264,2448,2,2,0,0,0,yes
test,438,AquaSurf-Malnad-223,images_fresh_malnad/malnad_0069.jpg,f5db177c847098a1a1e5faff8137e7836741f08df1594edc6dbef46e967a332b,5722540,3264,2448,0,0,0,0,0,yes
test,446,AquaSurf-Malnad-223,images_fresh_malnad/malnad_0077.jpg,8a0695f3a645bdac25cca43b0a0264de4fce3d20ccd9555cef93b0b4f9234535,338916,960,1280,0,0,0,0,0,yes
test,449,AquaSurf-Malnad-223,images_fresh_malnad/malnad_0080.jpg,bf314e996c53f92e8d6d19d88acf391addaf936a73ef7e665391506569841fa0,3017327,2448,3264,0,0,0,0,0,yes
test,451,AquaSurf-Malnad-223,images_fresh_malnad/malnad_0082.jpg,9487fb484e18a50efbcd873d0e096ffb715f6785e0afa998df79bed8e74b5461,291620,1280,960,0,0,0,0,0,yes
test,452,AquaSurf-Malnad-223,images_fresh_malnad/malnad_0083.jpg,8d3d54392ff0023d8b2cff3b29739c9213faf2ef1eaeb27a264f703442cb77b5,124900,720,1280,0,0,0,0,0,yes
test,475,AquaSurf-Malnad-223,images_fresh_malnad/malnad_0106.jpg,e45fa7bc02d0ed78c137f76603c6f8ec6a1e141d5cb0346c0b824cc213c2182b,257213,960,1280,0,0,0,0,0,yes
test,481,AquaSurf-Malnad-223,images_fresh_malnad/malnad_0112.jpg,db456f4f9eb2d038b5a013609ca2827bc1d168fc44afcb23ad94fa817c7ae069,252578,1280,720,0,0,0,0,0,yes
test,482,AquaSurf-Malnad-223,images_fresh_malnad/malnad_0113.jpg,28338ff34fe10e5ff0275292e20a0228ac3e974a1b76f1bdc35c91b7c4a23c4c,312435,960,1280,0,0,0,0,0,yes
test,484,AquaSurf-Malnad-223,images_fresh_malnad/malnad_0115.jpg,3c6762ff476c86f15a762f6c950a76c80d9e65e0cd02bee420c69bb5acc436eb,3993010,2448,3264,0,0,0,0,0,yes
test,489,AquaSurf-Malnad-223,images_fresh_malnad/malnad_0120.jpg,8a45a5c91256274e864a99467e1f469ff89b921afacee19205b30af9da32f4e9,6818019,3264,2448,0,0,0,0,0,yes
test,491,AquaSurf-Malnad-223,images_fresh_malnad/malnad_0110.jpg,eaa9eae35d3b1a5c8bdce8ec9a344150c1c3ad27d5303b46cb30668f8841afd0,139673,1280,720,0,0,0,0,0,yes
test,492,AquaSurf-Malnad-223,images_fresh_malnad/malnad_0123.jpg,4ebf64e85f97ac941c9e7f570504670f7f20d2014e6a5d75442cc7ef3d8c1ebb,300391,1280,960,0,0,0,0,0,yes
test,511,AquaSurf-Malnad-223,images_fresh_malnad/malnad_0142.jpg,efbdd5d6fc06ed76a4e97077b8d2e4095b95f30bade4c86cad6c73ba1fda0a80,1125448,2048,2731,0,0,0,0,0,yes
test,523,AquaSurf-Malnad-223,images_fresh_malnad/malnad_0154.jpg,504fffd77b7dc065c5fd77c6b0929efc65630cf0eb47d0f7699a35d13023ead8,5065544,2448,3264,0,0,0,0,0,yes
test,525,AquaSurf-Malnad-223,images_fresh_malnad/malnad_0156.jpg,021da19ad34952f7481a5f79cc008da355e401110d0986a3c090d5524b124868,4395237,3264,2448,0,0,0,0,0,yes
test,526,AquaSurf-Malnad-223,images_fresh_malnad/malnad_0157.jpg,7d57a158285a3f544bfc427410016f3e53cb68e429518d8a5ea53ad15ae9ebdb,115960,1280,960,0,0,0,0,0,yes
test,527,AquaSurf-Malnad-223,images_fresh_malnad/malnad_0158.jpg,24084be7d463804d7a20d0c4d0660e62de4557c4537249e4f430652ac4dfea7d,403517,960,1280,0,0,0,0,0,yes
test,536,AquaSurf-Malnad-223,images_fresh_malnad/malnad_0167.jpg,8b74f13c95d4aad6096015cd2d0ce6983810ed172d0004da791300182eef3541,5964425,3264,2448,0,0,0,0,0,yes
test,545,AquaSurf-Malnad-223,images_fresh_malnad/malnad_0176.jpg,b491f0d21a1ba00383ecde658ab9144074fb7c1acef54e722cc074583d9129d6,234227,960,1280,0,0,0,0,0,yes
test,560,AquaSurf-Malnad-223,images_fresh_malnad/malnad_0191.jpg,463cbfacc894e50b87d0704f5639d9ddd778ea215ffe0848121afee56e6b0610,148789,1280,720,0,0,0,0,0,yes
test,578,AquaSurf-Malnad-223,images_fresh_malnad/malnad_0209.jpg,3f6c714afc0712b41a30556f9e7e62d0cc8e0eac96d07558dfcb355b75fe1e2c,3594293,3264,2448,5,4,1,0,0,yes
test,584,AquaSurf-Malnad-223,images_fresh_malnad/malnad_0215.jpg,faf52248e7b87bba418591b56c8f3d227011e53364342806287a7a43ae8fcb14,58326,720,1280,0,0,0,0,0,yes
test,585,AquaSurf-Malnad-223,images_fresh_malnad/malnad_0216.jpg,43d0db743f9a2dc6b06c38c7847f5b57ab6ea2bd220b96a3340ded52572bec98,5840837,2448,3264,0,0,0,0,0,yes
test,595,FloW-Img,training/images/000003.jpg,5339bed56e0cc1c6ef46859108b52ab9dc3d7e8ff3d652a73ca4cbb47b7d7bf9,385108,1280,640,1,1,0,0,0,yes
test,604,FloW-Img,training/images/000012.jpg,084806a32d1c57a0b13f826d0263354aa6f3ece9e10bc0a3826e1b27adc75e19,417034,1280,640,1,1,0,0,0,yes
test,610,FloW-Img,training/images/000018.jpg,e9cb21323a633e5e5987b8d7292743ce214b8291f04db64e5970a2f67f98bdbc,302245,1280,720,5,5,0,0,0,yes
test,615,FloW-Img,training/images/000023.jpg,d65d6b3a637094e6e2d7d1ab62de8ba2c7df8a5e5b1c3d70a857c1ec0ef32341,314205,1280,720,1,1,0,0,0,yes
test,620,FloW-Img,training/images/000028.jpg,2cb9010cb0aecc6329655e0aed55d8ff40e1c574430ef855347b940fed52efc1,244365,1280,720,1,1,0,0,0,yes
test,621,FloW-Img,training/images/000029.jpg,3a691ee3e4e1311a37d3325450ce6c0cf06d947dc5672820e6783c32fdabe1a7,440033,1280,720,1,1,0,0,0,yes
test,624,FloW-Img,training/images/000032.jpg,b7989a79cc44096ce554d57474822e62286704bc4d5d5e0b94d6956be631c66b,191824,1280,720,4,4,0,0,0,yes
test,625,FloW-Img,training/images/000033.jpg,c08e2b17ee8c23cf240803373f8771eefb466e5e4d25a2713a2b4788ced372a3,354402,1280,720,6,6,0,0,0,yes
test,626,FloW-Img,training/images/000034.jpg,7d838330eaeb0278588c3d743d3e6d1d9023e1c378b29108101c375da5465507,264774,1280,720,1,1,0,0,0,yes
test,629,FloW-Img,training/images/000037.jpg,e9e49c979fa9077ac3873278340c2706ab15aba1173597da43f866091295fd77,222491,1280,720,2,2,0,0,0,yes
test,636,FloW-Img,training/images/000044.jpg,8db3139dc19e055e3b8df009ba7eed39f86f336584179b36b11c95220c8f3904,415245,1280,720,1,1,0,0,0,yes
test,638,FloW-Img,training/images/000046.jpg,3be64168f1ba7f20ba8ee636d11e6626bb3fdb9e6835376028d60d4ce38f0b3f,386045,1280,720,3,3,0,0,0,yes
test,641,FloW-Img,training/images/000049.jpg,a15d32545a928222702479736dc983b705439c944d75683c6e95a93aee0e57cf,332371,1280,720,3,3,0,0,0,yes
test,645,FloW-Img,training/images/000053.jpg,7c955a78830600a27bea49786b95a155f5cb375577cfe026480ec37969fcd63d,427661,1280,640,2,2,0,0,0,yes
test,646,FloW-Img,training/images/000054.jpg,b837c0a3627a2d13048f046400a11a3c58ae1ca8a90d9931934d0729a827da6c,334091,1280,720,10,10,0,0,0,yes
test,648,FloW-Img,training/images/000056.jpg,a1f3983a868c52582ab84af78b2a4a982edd7c780733c288788dcd87b1405ed4,228968,1280,640,1,1,0,0,0,yes
test,661,FloW-Img,training/images/000069.jpg,70b509ae743d78a955ca00cf1b475787393699819fbb06880f23d96679e80577,311835,1280,720,1,1,0,0,0,yes
test,662,FloW-Img,training/images/000070.jpg,456ba5409f3ead1d7f66d791b0dd234ecfd7a154105903c8db0944f12db52a75,424373,1280,720,1,1,0,0,0,yes
test,667,FloW-Img,training/images/000075.jpg,81a71fd1885aaa911e675b7069210065199368fe9f3952d5188725165a8b2407,341729,1280,720,1,1,0,0,0,yes
test,668,FloW-Img,training/images/000076.jpg,f08681c30a38496f99da42dd4ef65d7d32e6480b96d66f078539cdf0fe77a446,273001,1280,640,1,1,0,0,0,yes
test,675,FloW-Img,training/images/000083.jpg,ed866c06bb55ff3a8131b18cd30ce26a4e949e8e0f8cbeaa8ad1ea600efb6119,267151,1280,720,1,1,0,0,0,yes
test,684,FloW-Img,training/images/000092.jpg,408adcd8b0ffc43826c231b48bd5c4f2f095d1a2414516bd6013dc6834fc6377,237218,1280,640,1,1,0,0,0,yes
test,690,FloW-Img,training/images/000098.jpg,8dc647598a908688ee18bbfb622cf3c25b58bba1ebf4e204a7499b0de7a3a891,186044,1280,720,5,5,0,0,0,yes
test,694,FloW-Img,training/images/000102.jpg,e6edb0c91c726d92909002d672dee58ac44c97479c1b990c6c8ac0da7d884fe4,381634,1280,720,4,4,0,0,0,yes
test,696,FloW-Img,training/images/000104.jpg,7aae6fc99277df6c56706e59cb6e305ad7f2b64c255bfeed4022a697f3e2e43c,346861,1280,720,4,4,0,0,0,yes
test,702,FloW-Img,training/images/000110.jpg,219216b8b46fe7adc96b1e5e72b62c880b21e5fc9f7d83cd2ddb4618603be659,216267,1280,720,1,1,0,0,0,yes
test,705,FloW-Img,training/images/000113.jpg,b5d0a08ae291eb0923881fb05f9da1891af2cd6fd28bf78d59c33c8d02988aa3,196740,1280,720,3,3,0,0,0,yes
test,715,FloW-Img,training/images/000123.jpg,a3d7b40b966e403353351710d59c350f3e29f2c336504cdc49811953e8583be2,273846,1280,720,1,1,0,0,0,yes
test,716,FloW-Img,training/images/000124.jpg,1cf7b117ecb7133cee8f6d40d2ccf5d3a7a1d11e90a726fdf71dea400c8d203a,231096,1280,720,1,1,0,0,0,yes
test,718,FloW-Img,training/images/000126.jpg,9ae2d45078677ca5a63f0a3980a188de09b618851b627293baa19dc7cfa7cd53,212920,1280,720,3,3,0,0,0,yes
test,722,FloW-Img,training/images/000130.jpg,33941e4dac400a36b5e59dd4d16ce611d2ab9762b9a6dc479437515ec308a662,377410,1280,720,2,2,0,0,0,yes
test,725,FloW-Img,training/images/000133.jpg,42a7ad882c231872605d4f52d72a5e993350eeddd0e07dc5771b32d592920c3c,260312,1280,640,4,4,0,0,0,yes
test,740,FloW-Img,training/images/000148.jpg,c4cec44156543cfe455675c0b9291a3686f02e408a85c9d3e3d8d4cf8cc8888d,246840,1280,640,2,2,0,0,0,yes
test,766,FloW-Img,training/images/000174.jpg,7886907f065c297b850ecaed751e9848482d7de5d9cc048e78a183d159c69ff8,528629,1280,720,2,2,0,0,0,yes
test,767,FloW-Img,training/images/000175.jpg,72fbc7b5946bd4f894b521446d4a0a4aed6552b1939e403867b778455fa5b083,328025,1280,720,3,3,0,0,0,yes
test,775,FloW-Img,training/images/000183.jpg,f102e282b470e93e3033824014c969910f853b1340cb6e50a92aa757e80c4fc7,251542,1280,640,2,2,0,0,0,yes
test,777,FloW-Img,training/images/000185.jpg,5b74e59a215cbc0dc7ad36c8be9187e10003f8faf95683c19f43a51dd9d30f03,311881,1280,640,1,1,0,0,0,yes
test,779,FloW-Img,training/images/000187.jpg,7d8a60820a7b5f9c1b753c64fc01a8548eac8315c9c841854376c58aeeafc8b2,314482,1280,720,4,4,0,0,0,yes
test,789,FloW-Img,training/images/000197.jpg,76f08e75795c06931d8435c1a96c4d109062c6dbd2740e5afbd23f692bbf409e,252170,1280,640,3,3,0,0,0,yes
test,799,FloW-Img,training/images/000207.jpg,214181083562678bb340c8a9d90b24b1f6f5df2847f3fb524bbe2ae860ead05c,193119,1280,640,2,2,0,0,0,yes
test,809,FloW-Img,training/images/000217.jpg,c36b88b40cd61eb36015c51126f3593b6b368ae10ea8d15efefedf41f6fefd6a,206796,1280,640,3,3,0,0,0,yes
test,816,FloW-Img,training/images/000224.jpg,640b45ebdc5303cba71276ee758ee353b0d4e44d42c35499e5ec2bb61eaf6822,332371,1280,720,1,1,0,0,0,yes
test,819,FloW-Img,training/images/000227.jpg,1ce2393e675bf3e9ab4054984966113540daeea219fc9b859679459b88b60c82,248379,1280,640,10,10,0,0,0,yes
test,823,FloW-Img,training/images/000231.jpg,a0787af0358271364b079b6167da69a340d2827e160f58edd485e828ee94f0fb,270639,1280,720,1,1,0,0,0,yes
test,828,FloW-Img,training/images/000236.jpg,6eed80a39a6cbb09fb211f0ff0edf427ab7d27ac9c8264e83416f2fa4d51d7ca,307750,1280,720,2,2,0,0,0,yes
test,837,FloW-Img,training/images/000245.jpg,55b4802346f59d8d736f4f66096bd76fde6b9729936e3e4eeccca6166d896343,324522,1280,640,4,4,0,0,0,yes
test,838,FloW-Img,training/images/000246.jpg,c70be8df3a9612b548e7d64fa7038122745d15fd594d5ea3c0b63114bfb0b9ee,385577,1280,720,6,6,0,0,0,yes
test,849,FloW-Img,training/images/000257.jpg,a675e0b03d98b4d7d15b83fe34e493233f61710ec593ea86effcd0c45e059ff8,298675,1280,720,1,1,0,0,0,yes
test,850,FloW-Img,training/images/000258.jpg,31cd2d66b66899c10b1bcd732af0a5371d4a91885a3acbb21a93fdfe3272235b,278164,1280,720,1,1,0,0,0,yes
test,855,FloW-Img,training/images/000263.jpg,a626c929f2ad62751e96ecaf02873bab8eb78638f953ea97df18ddfffb643e31,322190,1280,720,2,2,0,0,0,yes
test,868,FloW-Img,training/images/000276.jpg,774c230c79200b1a12548ad30021ec8f413516d897f0c0b58a312834d62afcb6,287796,1280,720,3,3,0,0,0,yes
test,875,FloW-Img,training/images/000283.jpg,7e092b44d7317e81993ac3c6e46018ed70cac4499759bfb14c5034066816c7a3,390666,1280,720,3,3,0,0,0,yes
test,878,FloW-Img,training/images/000286.jpg,7d74fd442c9ce3978c8b5784ba4f6beffbcbf8d5127fa80cc3aaf0437258c100,477999,1280,720,2,2,0,0,0,yes
test,881,FloW-Img,training/images/000289.jpg,b9738987bd11ee42c6f64826acaed7c73a551aa77b9b3ad41e6b07d773316306,229153,1280,640,1,1,0,0,0,yes
test,884,FloW-Img,training/images/000292.jpg,1298f5d27b578f09ad0ef5ee3e01d9b4f17710bc0e071b6b159d8ff38f1d359e,358347,1280,720,2,2,0,0,0,yes
test,903,FloW-Img,training/images/000311.jpg,9ad82e07288c16d3b3ff67940e339c0b7d919e856dc0661926e2a4c507019bbe,201609,1280,640,1,1,0,0,0,yes
test,912,FloW-Img,training/images/000320.jpg,3a2f7986832d5075a53798d577c72bb9b1e0b1cef29470af45cbad40f6e7f28c,337145,1280,640,1,1,0,0,0,yes
test,913,FloW-Img,training/images/000321.jpg,0719eaca5c2a95ebfad93b3cbe9199a93f40473cb0b35484b91c4502b7dc29ba,350019,1280,720,1,1,0,0,0,yes
test,916,FloW-Img,training/images/000324.jpg,58ed4da0660b0bf5a0b4c54f2eb10cc08b8debbfdc23c457224122c0d7b98701,285501,1280,640,1,1,0,0,0,yes
test,919,FloW-Img,training/images/000327.jpg,a26b476eee4f127816ba363f506d9fd08dd20178f78e88cb503f9ca504368784,261387,1280,640,1,1,0,0,0,yes
test,921,FloW-Img,training/images/000329.jpg,706900771f8d07dee6671b01fd99508898e005844cb066ecf1ab8bcf6a3f28e5,377349,1280,720,6,6,0,0,0,yes
test,924,FloW-Img,training/images/000332.jpg,9d00cd73d4ad0cfceb465eb0140bec05f525f5026cb6086662d30051b4be6709,282102,1280,640,1,1,0,0,0,yes
test,934,FloW-Img,training/images/000342.jpg,3ec0cbdf4a1c810d2196f028af1fa7b43dedf693f764e04bcbb48f5febf2f68a,394887,1280,640,1,1,0,0,0,yes
test,937,FloW-Img,training/images/000345.jpg,265aad54698a494c9a153367c2e4477b40eca97cb8ed4fc9a5113b3046050ece,457521,1280,720,5,5,0,0,0,yes
test,939,FloW-Img,training/images/000347.jpg,090c239748d4eff5715ad16d6804f44e90cbdb9a056a06c1aac1febd3afc6d32,384032,1280,640,1,1,0,0,0,yes
test,947,FloW-Img,training/images/000355.jpg,765800633175715845cba12bd35dcfa0fdafc21bcc4d0be11f845746ee165932,352848,1280,720,5,5,0,0,0,yes
test,950,FloW-Img,training/images/000358.jpg,954d9cfe1f83ee44e28922f44ef3a44ac05e8a930928fa05ff4db29ca25005a6,316906,1280,720,6,6,0,0,0,yes
test,959,FloW-Img,training/images/000367.jpg,4f27bd441301a8f63374f71e7bcf12f5e4ab6a63294d7f947cec19ac66c47b3e,341619,1280,720,2,2,0,0,0,yes
test,971,FloW-Img,training/images/000379.jpg,5835bec51d8df96dcff0fea7cc3539dd66b4ad65adbf29de0fcff0a47eaf2129,398729,1280,640,1,1,0,0,0,yes
test,972,FloW-Img,training/images/000380.jpg,b938e3222aa6b2e2e1ddfa346154af0f4bd3e8f0a0fdaea7986071f9ed81ca81,319826,1280,720,5,5,0,0,0,yes
test,985,FloW-Img,training/images/000393.jpg,afed89af4400d38a4046a80d1b97f0f083063cfc5aef9baba0c32b3700ca4466,314232,1280,720,1,1,0,0,0,yes
test,992,FloW-Img,training/images/000400.jpg,471fc39ff7c89d128e6729826d17517b0d35d16d2dd807ed3ece8b569213f963,270056,1280,720,2,2,0,0,0,yes
test,997,FloW-Img,training/images/000405.jpg,4d1da0f6317dea8080042ac9f2284c6a320f57d057eaeb0f17fd12d9a7d2af99,418002,1280,720,5,5,0,0,0,yes
test,1010,FloW-Img,training/images/000418.jpg,2fa8c4296851e84dc50523a82bd600b6f0ec1271e049f1532c0556e5f613d4f2,367334,1280,720,2,2,0,0,0,yes
test,1035,FloW-Img,training/images/000443.jpg,93acdb945f59ad69806ce40b57bf5baeb4d176d708fe88ec9faa015db7646f5e,299216,1280,720,2,2,0,0,0,yes
test,1036,FloW-Img,training/images/000444.jpg,873cc816bf901413ef2d6ba497341515449f261e38623c1c5d18a429d221a8a4,237312,1280,720,1,1,0,0,0,yes
test,1042,FloW-Img,training/images/000450.jpg,16acff9342710913e2d6c16b557d96638e0da6601878dcd3ce75a7a57d53d7f0,360519,1280,640,1,1,0,0,0,yes
test,1043,FloW-Img,training/images/000451.jpg,27663fd0c1c31161ba0c32a4abf505a0acb5722e5e7ebc49219120a1f9b3cf07,307268,1280,720,1,1,0,0,0,yes
test,1079,FloW-Img,training/images/000487.jpg,86433f8d6951c6e312938ce76903ba68846e1e68dce11444449b83c0a21b1ec8,320611,1280,640,2,2,0,0,0,yes
test,1081,FloW-Img,training/images/000489.jpg,d81502709063a1b789a64a59b03e745990e82d7f35786a584e8f73caeac8dd2f,203760,1280,720,3,3,0,0,0,yes
test,1084,FloW-Img,training/images/000492.jpg,5a4fc3f2d9ccf80553e0a5e8488ffd8e222581417354850b998c36915f5f8fe3,260294,1280,640,1,1,0,0,0,yes
test,1086,FloW-Img,training/images/000494.jpg,5e65209726fa72a810375da5a8016d36f80dabcd7fd787f59d289c517a8858d8,309081,1280,720,1,1,0,0,0,yes
test,1087,FloW-Img,training/images/000495.jpg,f291833c5ba14a9ed7cb5f3b5d2e8555eaac678021cef698dfa9d2bd85e7d66a,223915,1280,640,2,2,0,0,0,yes
test,1090,FloW-Img,training/images/000498.jpg,a3d58e5edff31762896c2ef42a6958305371db0619f92f0a6646e04ef0c9230e,287434,1280,640,2,2,0,0,0,yes
test,1103,FloW-Img,training/images/000511.jpg,9cfff33a3171c16cbfac5dac40381bea47312360562bfb5a26575215f32c9e91,275588,1280,720,3,3,0,0,0,yes
test,1105,FloW-Img,training/images/000513.jpg,bdaebd920e87fe0aa6e51456be903a5e234427c04b4102e5e5ec1078c5e1d0a4,197748,1280,720,6,6,0,0,0,yes
test,1111,FloW-Img,training/images/000519.jpg,d2c5cda7ff9472e4b9d080b4064661162a5291b56b97e806412d02e97ecb1998,259258,1280,640,2,2,0,0,0,yes
test,1115,FloW-Img,training/images/000523.jpg,a1a344b242e71a218776313d1aaee00777275997ac205d42a0d45ad9d522e239,301803,1280,720,6,6,0,0,0,yes
test,1118,FloW-Img,training/images/000526.jpg,ec301dbb10b85221e70b8d8450f07fd154f73e925bb99cac5c95e9fc92992339,341166,1280,720,1,1,0,0,0,yes
test,1124,FloW-Img,training/images/000532.jpg,bb4105d9fc68344d1799ec8ffc42e4fff96e9e42669896bac19f2e38b53400f1,410638,1280,720,4,4,0,0,0,yes
test,1134,FloW-Img,training/images/000542.jpg,b68597ed6c0649e6b7e51baa9e2a564acf13a06f37dc20f0626cd50f396dc9e9,380325,1280,640,1,1,0,0,0,yes
test,1166,FloW-Img,training/images/000574.jpg,2fe78f8b8dd8816eb9765e8dc1dd03871cfd0c2391bb582d1ff0b2ec246a5b7d,319465,1280,720,1,1,0,0,0,yes
test,1174,FloW-Img,training/images/000582.jpg,4ddf75e789703eb709acbbcee5a544542068cc72b05c0deccd165bd1a3c42fb0,383905,1280,720,3,3,0,0,0,yes
test,1185,FloW-Img,training/images/000593.jpg,7cebf65bcd5dfaf93d58f1810afb00a4f346bad3161e99a5aee15bda3b29793f,354643,1280,720,2,2,0,0,0,yes
test,1195,FloW-Img,training/images/000603.jpg,bf94df11db951453f178e9789b168f4d2c4d02e7d950a893cb6b5552b768d9bd,334765,1280,720,1,1,0,0,0,yes
test,1197,FloW-Img,training/images/000605.jpg,0d4259d3557ecaa36720cabaec670e86dd4a9f76d638de3bb7f3779e5c9ec974,334129,1280,720,2,2,0,0,0,yes
test,1206,FloW-Img,training/images/000614.jpg,2870d674d70ab3d9b144497b8d6e9e6212818de193242aa8f961f328029202b5,266065,1280,720,1,1,0,0,0,yes
test,1210,FloW-Img,training/images/000618.jpg,624dcaaa422461db85bde4e2e83848a66f98bd6caae198b9cf3187858231c4ee,312062,1280,640,3,3,0,0,0,yes
test,1215,FloW-Img,training/images/000623.jpg,c39429dbcf069ca22089d1ffe2a630ee910d5c5a1c18cac76d0e5b52957f27cd,225770,1280,720,1,1,0,0,0,yes
test,1224,FloW-Img,training/images/000632.jpg,45c1a828e2650e8e7df79eadf9f6bb4fc3512f8e4fd6f79722358b9317ff4395,339281,1280,720,2,2,0,0,0,yes
test,1228,FloW-Img,training/images/000636.jpg,1aeed79f14e274e1214375bb11507d6825f4a26c982603c368fd2751bc148e41,480966,1280,640,2,2,0,0,0,yes
test,1238,FloW-Img,training/images/000646.jpg,d9492d57546e70c00e2d37f0c3945d12548b8eef857bfa7a4b32d9889001bb49,287378,1280,720,1,1,0,0,0,yes
test,1258,FloW-Img,training/images/000666.jpg,4a5147f04df89dd3bb50001cccdc63659cc2aa8091ca407c7ac2c8db689350b3,361361,1280,640,2,2,0,0,0,yes
test,1269,FloW-Img,training/images/000677.jpg,e23a6bd513b41fa29435b3a18c361f6836d29cb614cc1b6863fb3971c50e5d84,299222,1280,720,3,3,0,0,0,yes
test,1271,FloW-Img,training/images/000679.jpg,5655a33cf9f750d337cc99cc7ab26aaf2207b038fe60271545e70f6ab3ce8dec,398629,1280,720,1,1,0,0,0,yes
test,1283,FloW-Img,training/images/000691.jpg,fd03758a4c59b9693aa2fe4fd18116dd9bcbcaf7478fb75d0611cee072366455,382888,1280,720,2,2,0,0,0,yes
test,1285,FloW-Img,training/images/000693.jpg,a5666b99a5e8c78cad60b9ea2185d165b2c3d4cbd615f81b77f37da7a6d70511,377342,1280,720,4,4,0,0,0,yes
test,1287,FloW-Img,training/images/000695.jpg,54176948174cb21883e7261c0c7e125fd90749b66943f4c53dc8e4e2060824f3,281070,1280,720,9,9,0,0,0,yes
test,1290,FloW-Img,training/images/000698.jpg,2bf604963f95973b217cd5205cc6bc29219f31d99a549664441a56c03849fc0f,307257,1280,640,3,3,0,0,0,yes
test,1294,FloW-Img,training/images/000702.jpg,e7ad83c745d5031a87042f636da3251ca85625135b64b8aa3909fcaae769cae9,286483,1280,720,1,1,0,0,0,yes
test,1311,FloW-Img,training/images/000719.jpg,d8883d20fafe81d5a474b3336d11011da1d91972f8a791498bbc1a4ded2a539a,302833,1280,720,1,1,0,0,0,yes
test,1329,FloW-Img,training/images/000737.jpg,c5457332c2b77a7a151908409637989150415f972d3d61c55858dbf57b6e6040,271422,1280,640,2,2,0,0,0,yes
test,1341,FloW-Img,training/images/000749.jpg,4b2afc9018d9b6325d4c12d0bedb1819e059f9f4dad67bfb6e7fc2a4880cce64,256409,1280,640,2,2,0,0,0,yes
test,1342,FloW-Img,training/images/000750.jpg,46fac061420c400ce9bae79d1722f86953e1c9e9cca613628df424362a631764,493501,1280,720,3,3,0,0,0,yes
test,1345,FloW-Img,training/images/000753.jpg,d7b178ffff6bdb7f71493cc36f90eaeee6618a5055562d3fb3d28cb8c822d421,239216,1280,720,1,1,0,0,0,yes
test,1350,FloW-Img,training/images/000758.jpg,57dbc710e972ec5314fc0ec39888839119307c2b0a63c145cc1d244b1b047621,313881,1280,720,5,5,0,0,0,yes
test,1358,FloW-Img,training/images/000766.jpg,0c818f0312fa397bd17d94462fb54d10a59495cf82cb13f37953cf299bb5c61a,298547,1280,640,1,1,0,0,0,yes
test,1374,FloW-Img,training/images/000782.jpg,044b0d5fa0f5f45dc9ac7a5da70f446630b20a7cbbbfd5d378622b8c105a6a46,242981,1280,640,2,2,0,0,0,yes
test,1384,FloW-Img,training/images/000792.jpg,7dd39b7e21312ebd90b626b93624bcd0477134e7931443a8b0f781a824ccba32,285508,1280,640,1,1,0,0,0,yes
test,1390,FloW-Img,training/images/000798.jpg,7a89d626d26a1b17029ef684277e8f1e3a016e7945f4fa1fa4c4b2b6c3469a33,301151,1280,640,3,3,0,0,0,yes
test,1391,FloW-Img,training/images/000799.jpg,7ee1826a128a188045cd878d62712acf511c88040cc60e5d9bc33580831d6f98,187267,1280,720,3,3,0,0,0,yes
test,1395,FloW-Img,training/images/000803.jpg,02771c988e83bddd3371d34ba4b203fece28aaec17700c13bd90a871a3bd4be3,319135,1280,720,6,6,0,0,0,yes
test,1399,FloW-Img,training/images/000807.jpg,bea7cbec04c6a74fb62398b637dd231855079a71747f93f373b94c45c53f8473,309657,1280,720,1,1,0,0,0,yes
test,1405,FloW-Img,training/images/000813.jpg,fd0540a508f8476ede8ad2eb7b953e8abd25f82a7037eab08b329c45b6386ce0,480443,1280,720,1,1,0,0,0,yes
test,1407,FloW-Img,training/images/000815.jpg,64ff616841a8e6c719982ead46607ee51723493579b3ff1b38aaa795afc0b285,252169,1280,640,2,2,0,0,0,yes
test,1409,FloW-Img,training/images/000817.jpg,dfdc6720385e9a616450adbee5711c33a8d705e6f3d3fe099d2eb0e05848df3d,314711,1280,640,1,1,0,0,0,yes
test,1411,FloW-Img,training/images/000819.jpg,6d52b8975acb54f84ad40797ec49b92777d5522bc02ae07404592443d5a2008a,292638,1280,720,8,8,0,0,0,yes
test,1416,FloW-Img,training/images/000824.jpg,4d4f718a160b081f6ebe5e7af6b59604ab4e877948f6fd29b9a40771e91bfcef,312367,1280,640,4,4,0,0,0,yes
test,1419,FloW-Img,training/images/000827.jpg,48a4fd17b208d38a115774481fd0400b3769a6b152cc9d8e1e993a1e2157a386,291004,1280,720,4,4,0,0,0,yes
test,1432,FloW-Img,training/images/000840.jpg,7ce367d7c0740a8a6455683fc1f7227239b36a77205ff4dcfec5057807c815ce,348027,1280,720,1,1,0,0,0,yes
test,1436,FloW-Img,training/images/000844.jpg,3426dcd524af2bfd901ee8bfaaec172844f85d4fba6ee4f80bca02c0eb707586,220227,1280,640,1,1,0,0,0,yes
test,1448,FloW-Img,training/images/000856.jpg,af3f5eafee51c4f83d03974f53b7400cabe5c7aa8d3cd0f25d3998add9b634c8,472007,1280,720,2,2,0,0,0,yes
test,1453,FloW-Img,training/images/000861.jpg,16a86691c42d36b2b80bb90f6493e3aff4bd1a7da6d2f134f278d8694f8ed1ff,219785,1280,640,1,1,0,0,0,yes
test,1458,FloW-Img,training/images/000866.jpg,a52fe1f83bf64e2df661e3f2ac1fd697c17f6b03212a523f118b29b2ff7d764b,411776,1280,640,1,1,0,0,0,yes
test,1482,FloW-Img,training/images/000890.jpg,bdf1ad4b97de220835d930eae682a772ca2082353f8ee16c9b8a288d3b356d5c,247955,1280,720,1,1,0,0,0,yes
test,1483,FloW-Img,training/images/000891.jpg,7f5c1a6496ec19914df94788bbad60348866f7dd4af13987b25cd816d94af35f,311555,1280,720,3,3,0,0,0,yes
test,1484,FloW-Img,training/images/000892.jpg,aafa518374f3c6990959c6b4f95bd7d5524846ac6af6f89ae96f21a692c0dfd4,306008,1280,640,1,1,0,0,0,yes
test,1505,FloW-Img,training/images/000913.jpg,4766db829abe327cf7229eb568f770609b584052e481d47349f0419d2ad06677,405886,1280,720,2,2,0,0,0,yes
test,1514,FloW-Img,training/images/000922.jpg,b709f9d5f92a80d5682cf0d7166357dfccb336ccfdb125307f1e1acf14d7782b,298661,1280,720,1,1,0,0,0,yes
test,1518,FloW-Img,training/images/000926.jpg,8ce3f52c57e8d96fa7de1ea4dff6cfce1a12c015ccb8edb4f639cc34a4f13f94,511020,1280,720,7,7,0,0,0,yes
test,1528,FloW-Img,training/images/000936.jpg,8049e569b52a3cc60ac35dc9cfde4ad1e57813f792793765b4682e17445bacc9,327592,1280,720,5,5,0,0,0,yes
test,1540,FloW-Img,training/images/000948.jpg,77bcedd5655066147fa0c1e5d08a4b697fa8109baca337a8040e259627800bbb,316691,1280,640,2,2,0,0,0,yes
test,1545,FloW-Img,training/images/000953.jpg,4def0cb4ecbf1cae2820d49f8262151a5d0bfa7a3439ad30ee468f258daa470d,318496,1280,720,1,1,0,0,0,yes
test,1550,FloW-Img,training/images/000958.jpg,bc69941ef3f8b8350af9966648e72cbe36a05f377c06a4ad8352045fdaca065c,304781,1280,640,2,2,0,0,0,yes
test,1551,FloW-Img,training/images/000959.jpg,b459f736a1fd6de47c19356ce3b7b5dffdb825929b9c34cd299ab93ad9eb2c11,294472,1280,640,3,3,0,0,0,yes
test,1555,FloW-Img,training/images/000963.jpg,a5d04ba061fd9ffb580cd984597870dde954ff9a80810675541fb33f15ccc05d,327641,1280,720,8,8,0,0,0,yes
test,1565,FloW-Img,training/images/000973.jpg,cd8be1e783a44c91ea3840f0e0beb7994da78097385e72ca007b16dd3cd94912,245077,1280,720,2,2,0,0,0,yes
test,1569,FloW-Img,training/images/000977.jpg,062a017dc1e5421d70637690a877f6a1760caa246e2ea67450e3b4c5391b9a41,261547,1280,640,4,4,0,0,0,yes
test,1571,FloW-Img,training/images/000979.jpg,774849f60ab066aafe9a91c7fe6dcf82f387fcfe1709c79ad1ae6952ee701b6e,309599,1280,720,1,1,0,0,0,yes
test,1576,FloW-Img,training/images/000984.jpg,301ebb24ed5fd9a3d38f1d4e9d85d9d66c78893471bafe3e2e3c58c8ec78de8f,380330,1280,640,1,1,0,0,0,yes
test,1577,FloW-Img,training/images/000985.jpg,178ef55044761c863fbf3a3103a2f787e1b968c0a081448839395e549715d184,472500,1280,720,2,2,0,0,0,yes
test,1579,FloW-Img,training/images/000987.jpg,35b2bd3853e5f81b5ea0fa1a3fce1350116e7c75116ef89ebbbd2ce44d91b0b2,399487,1280,640,2,2,0,0,0,yes
test,1580,FloW-Img,training/images/000988.jpg,16e19aa26e00f6382c57e2971675a458e5c00b9e698430220416f9721e230497,395236,1280,720,3,3,0,0,0,yes
test,1589,FloW-Img,training/images/000997.jpg,de8f4ea2427d4cc100efadf71b425cd374e0aaca5a8580e2f3cfb0d8beae77f9,296522,1280,720,4,4,0,0,0,yes
test,1591,FloW-Img,training/images/000999.jpg,24ef682075244121a5ee43f85b01c0c9ff9fc7cbbe4df37b91a49945f2bba352,244367,1280,720,2,2,0,0,0,yes
test,1608,FloW-Img,training/images/001016.jpg,7e5ea9a2e2fa167031cf0d77d83b8808570ea2fb2393410ed8921d180dfd96a4,315338,1280,640,1,1,0,0,0,yes
test,1613,FloW-Img,training/images/001021.jpg,f8eac40a7d63ff0d5f155e783a883e1ef1c9639c1d0e903cf74636d07191e486,251847,1280,720,1,1,0,0,0,yes
test,1617,FloW-Img,training/images/001025.jpg,8fe3d89db0b209ce00fc2e53068ca0160c1db43694600b90c158dd2a9b6f3958,282819,1280,720,2,2,0,0,0,yes
test,1625,FloW-Img,training/images/001033.jpg,dcffe91c4aec2d44cbe0f8aef2c69af2dd4a601f4cb7365f4781befe97fc76b4,198107,1280,720,2,2,0,0,0,yes
test,1628,FloW-Img,training/images/001036.jpg,b749c4116126bfacef69367ff03565e68d25a6abfd18a2791b3a3b1556148d2d,228054,1280,720,2,2,0,0,0,yes
test,1629,FloW-Img,training/images/001037.jpg,ae1c93a0766b026f5798e675c717085df11578bf65938e84eedf26c098c7a8a2,317813,1280,720,7,7,0,0,0,yes
test,1637,FloW-Img,training/images/001045.jpg,98d2c54acb6a7c2cfe539c4af3cc65e2b7e05295ed2295f244f15a361d60134f,200094,1280,720,5,5,0,0,0,yes
test,1640,FloW-Img,training/images/001048.jpg,cdf7def08a9baad940179155a0394b04c8018a58338a37c4c4fec709ad3c5b49,478553,1280,720,2,2,0,0,0,yes
test,1650,FloW-Img,training/images/001058.jpg,6bcbf440a7d1e1de5ad0dc27b142f9bc69e66b8ad9cc41dc674d910d2682c6a2,389027,1280,720,1,1,0,0,0,yes
test,1654,FloW-Img,training/images/001062.jpg,d8e04e8d26f83bfb5e45abe51c8eb1d86c424495f254b3e4be36df4627a2b86f,407824,1280,640,8,8,0,0,0,yes
test,1668,FloW-Img,training/images/001076.jpg,26bfaaf2ce8802c6ce0426a0337199a420943f4ba5a798a579508d5ae160817b,274558,1280,720,1,1,0,0,0,yes
test,1671,FloW-Img,training/images/001079.jpg,5fb4564da4d5815c6b74a80a7531e7858851263eda0b96cde1477b14ded1e29d,219139,1280,720,2,2,0,0,0,yes
test,1674,FloW-Img,training/images/001082.jpg,d8f2e1c1c273efa6427edd7c3e1d17f1722ac97e2a4d9a5a9c73eca237bba618,189746,1280,720,4,4,0,0,0,yes
test,1678,FloW-Img,training/images/001086.jpg,ebf3c83e6485472d9ca2012d13ce057de2ab6cdcedf2721309fbba92099dbc14,246643,1280,720,1,1,0,0,0,yes
test,1682,FloW-Img,training/images/001090.jpg,f32187a5226b7b3ba1f0fd3301ec4b5de04daa7b127dac49f845c31d9239f64f,302681,1280,640,1,1,0,0,0,yes
test,1689,FloW-Img,training/images/001097.jpg,65451a166acaca2851ec7bd29cf3c7d3b25ee1611a165617c9b6d7e53ad2a830,353692,1280,720,3,3,0,0,0,yes
test,1703,FloW-Img,training/images/001111.jpg,03f15bc5290d44a9ca4f14836943afb4f9c5e6086d40ec98167b5a839f7578a2,306386,1280,720,1,1,0,0,0,yes
test,1711,FloW-Img,training/images/001119.jpg,ce0db5109ed76c9e1ac6402b055f1ed1ef4f8aa2a721fc8a3ef6e4d928eed772,458191,1280,720,1,1,0,0,0,yes
test,1714,FloW-Img,training/images/001122.jpg,0937c8ce0a071ea460e098790d27aeb3d4ce7448913cbec4b8cf8ce5bdc6356a,379842,1280,640,1,1,0,0,0,yes
test,1718,FloW-Img,training/images/001126.jpg,34eb150678ae6e0c69459d3845d443eee69f28ad929fa23e510782f08957d28a,247787,1280,720,1,1,0,0,0,yes
test,1727,FloW-Img,training/images/001135.jpg,bc5f92d9a83677b0ce606493cc68d29c1769996352fb61852a970de3a159d7ad,187313,1280,720,3,3,0,0,0,yes
test,1736,FloW-Img,training/images/001144.jpg,36098cc58080c40a6e596612e839809cc8b6675d47a1a065e7594f54f4757577,338375,1280,720,1,1,0,0,0,yes
test,1740,FloW-Img,training/images/001148.jpg,8d01e5dda83d3a52baf27d1c03b215d5e691dc79b32e1a993da9daaefbb43137,305092,1280,640,2,2,0,0,0,yes
test,1744,FloW-Img,training/images/001152.jpg,61b5d0d82d7d694595632e9198d4bcf5e31d6f6d48c6e0191d8f9a2db3de3b58,323617,1280,720,4,4,0,0,0,yes
test,1749,FloW-Img,training/images/001157.jpg,c3cf5aa36d1ac7cbb7f62fd48082b6f50e6c1fc352efa1277d218969c1d06389,198232,1280,640,2,2,0,0,0,yes
test,1751,FloW-Img,training/images/001159.jpg,2a8228b810da72afc2f98c875c38aa32f71d01827cb2ab2d65cccd7916c5d04c,395286,1280,640,2,2,0,0,0,yes
test,1755,FloW-Img,training/images/001163.jpg,9863e545a256dc506f65ddb9e1d6d9161c2891ec5b6e52bba2e2e9a1be9f5c58,341886,1280,720,3,3,0,0,0,yes
test,1760,FloW-Img,training/images/001168.jpg,fdda18fd15d336f7b4afc4472706c646bedcd0c5946f883915156a354244969a,357063,1280,720,1,1,0,0,0,yes
test,1762,FloW-Img,training/images/001170.jpg,ec5cd176d043e24c96a99693a8e2301b57b124d605969778e79146b34d305b6a,270601,1280,720,1,1,0,0,0,yes
test,1766,FloW-Img,training/images/001174.jpg,626a1a9b5753d0fa0c2300752044eb6a5321b5619870d7c5408727a1b1471422,272579,1280,720,3,3,0,0,0,yes
test,1769,FloW-Img,training/images/001177.jpg,115bf6a06741b02f92e25808570c1970d6e85fb3cacd44d6e612140964553bd4,364793,1280,720,8,8,0,0,0,yes
test,1786,FloW-Img,training/images/001194.jpg,96dab4d652e8d53f6ca4d04d2fa1a5a57b16010aec1801bba90cc0779554c93b,332066,1280,720,6,6,0,0,0,yes
test,1790,FloW-Img,training/images/001198.jpg,0a691ac76114adc67a0ea307c98ca65ea5c484df8fe7c4585814821f84a26fce,298449,1280,720,1,1,0,0,0,yes
test,1793,FloW-Img,test/images/000001.jpg,29cd980eb7f193aa8f70f4b9198c1a9501d9c68c10331a982cb345ed57946963,265563,1280,720,8,8,0,0,0,yes
test,1796,FloW-Img,test/images/000004.jpg,0b4b3de17f1c208a61fff1a3e0d7b81dc2affd9f05978b9e00018aad2258c90f,255189,1280,720,10,10,0,0,0,yes
test,1797,FloW-Img,test/images/000005.jpg,ee6dafaca6e861f4832863e005a88fb48c74e59693ab74e097746ac70909785f,323152,1280,640,2,2,0,0,0,yes
test,1804,FloW-Img,test/images/000012.jpg,9127a8a4a008563e8e1f7d74914db5f3b94f41e74ca0a6042d2751ca8cddfcbb,309263,1280,640,3,3,0,0,0,yes
test,1806,FloW-Img,test/images/000014.jpg,0f6f01795806d83ec971d206129f807576e9b4052ead6874b9348de6ef6054df,233029,1280,640,1,1,0,0,0,yes
test,1812,FloW-Img,test/images/000020.jpg,df99c094d26de03288b6734e08c773c30908c7a9dd24e6f7eea5a71677d646e3,274042,1280,720,3,3,0,0,0,yes
test,1817,FloW-Img,test/images/000025.jpg,1423bd725b7c22927f5f65fe5de6ff0da91513825d82bff001717b614c055ef4,376638,1280,640,2,2,0,0,0,yes
test,1827,FloW-Img,test/images/000035.jpg,6fc3536c3ad1f9a90a5ea85b7de7ac0465dc112559a4843fd88faa5158fadb53,379186,1280,640,2,2,0,0,0,yes
test,1842,FloW-Img,test/images/000050.jpg,3ccf42f9dbce68161d21bc42260db615681a03af8e07f47e987ac6544fbdf400,221803,1280,640,2,2,0,0,0,yes
test,1845,FloW-Img,test/images/000053.jpg,cc42ab3a97044e148d5baec56e8ff4980c1cfca88c13cdb91180f34eb03366ab,307675,1280,720,2,2,0,0,0,yes
test,1858,FloW-Img,test/images/000066.jpg,e7f61a0cf2d54d5e92fd9ffb07c8777932e8edc9a2cd9c639ce2c8c3cf3e720b,315139,1280,720,1,1,0,0,0,yes
test,1877,FloW-Img,test/images/000085.jpg,e4293d6e034ca8b8c3129d24dcab8c0faf652bef43eb095c1463e5d1fc612cff,263415,1280,720,1,1,0,0,0,yes
test,1881,FloW-Img,test/images/000089.jpg,d08d532c8e1019b88899da65041905d02c10a1fd497781205e5e0c04872352fe,336779,1280,720,5,5,0,0,0,yes
test,1888,FloW-Img,test/images/000096.jpg,804d9e3ca1501fd77b943f464c6afaaf08576cc0466bd758f1935fa1aba6e06b,360683,1280,720,17,17,0,0,0,yes
test,1894,FloW-Img,test/images/000102.jpg,14aa10336f934fb1b935804e47c25bf489aef8fe4df82e6662fb2c377e85a529,213356,1280,640,5,5,0,0,0,yes
test,1897,FloW-Img,test/images/000105.jpg,ea8b856b476ca724019dbccdcc0ca07c866e27261e0f7573e4dfb345474f9c3d,538703,1280,720,3,3,0,0,0,yes
test,1901,FloW-Img,test/images/000109.jpg,56a248d348970c2e413c6944b24dbff71ba2e68dea61ac7eb6a7cfec0e50b396,215128,1280,640,2,2,0,0,0,yes
test,1904,FloW-Img,test/images/000112.jpg,1220faa54410c9f6220f0e7b08200d83e34aee51f60c702d545648cfd430bd68,312894,1280,720,1,1,0,0,0,yes
test,1919,FloW-Img,test/images/000127.jpg,33b0681a1e65710f7c6b6d54d6e82c41d2440432b0aa70a0f9e9ace07156dccd,372506,1280,640,3,3,0,0,0,yes
test,1920,FloW-Img,test/images/000128.jpg,8c893298493fe287d7d99a3d140da0d3e37a2a0c36765cde2ca9a0ae4b9e5672,301988,1280,640,1,1,0,0,0,yes
test,1924,FloW-Img,test/images/000132.jpg,3118afd7239718fd9c32bcf685dd9d60bdfb3f57c97b9cd6dc1d87b470687ab1,416245,1280,640,2,2,0,0,0,yes
test,1928,FloW-Img,test/images/000136.jpg,9ecb745eccc9bad54279065ff56b4173226641dea33d04af6e87dc9e315019c5,379828,1280,720,4,4,0,0,0,yes
test,1935,FloW-Img,test/images/000143.jpg,8a1101a71b99f35ebcf859c37f45e778f4df0908accf5632a0f42dbb3890576d,321255,1280,640,1,1,0,0,0,yes
test,1960,FloW-Img,test/images/000168.jpg,6eb0d4370b61625be3757805eeb021b848a3fb081b7c2f993987f8f347b6383a,304643,1280,640,2,2,0,0,0,yes
test,1973,FloW-Img,test/images/000181.jpg,2fb1f7c3710914eb38444777bb3a925fdb9f301becaf6444ffc55b6cc256141b,335979,1280,720,1,1,0,0,0,yes
test,1975,FloW-Img,test/images/000183.jpg,917e1ad2ee1b2a7be0052ebb8cd64dbb30c5a9bfcd1ebdf6cbc5a2f2f8059cbe,392926,1280,640,2,2,0,0,0,yes
test,1981,FloW-Img,test/images/000189.jpg,7432ee331f744628d9be2dfe12d44433ac6f69a9f9e19b36c8b3e505abcd216e,217704,1280,640,2,2,0,0,0,yes
test,1984,FloW-Img,test/images/000192.jpg,12e45df178b36d7bf2c960fe84430845643e76eab37cd26245e930e50c3b0bd8,449639,1280,720,2,2,0,0,0,yes
test,1989,FloW-Img,test/images/000197.jpg,9960831d4a4bce0e8632f615315ed00415f677e3c78e9aa3a97c484db7bbd52f,311195,1280,640,2,2,0,0,0,yes
test,1997,FloW-Img,test/images/000205.jpg,1f8e95b1100c3aa4ddc5981175306fc752aebbaa104b4036ab354d3b035b422d,284221,1280,640,1,1,0,0,0,yes
test,2028,FloW-Img,test/images/000236.jpg,40e46794b363771c2e8ed6c94b862a19e57995cc9fcafe8cf53ec30e31e861e9,261450,1280,720,1,1,0,0,0,yes
test,2047,FloW-Img,test/images/000255.jpg,42c05f4487bb77a011e5ec50d84d6df9edd7a1ebff0e4a24b8e6f26e24c8ee74,390161,1280,640,2,2,0,0,0,yes
test,2056,FloW-Img,test/images/000264.jpg,8269206b1bbe653ead94e019cb3fdfdc22c06b57110380919650e4839c9813f8,265432,1280,720,3,3,0,0,0,yes
test,2059,FloW-Img,test/images/000267.jpg,8938c0dfe37f25a676a55f3baa3c605b0dcc443c2f69da1189d269e7f16f13dc,406623,1280,640,2,2,0,0,0,yes
test,2064,FloW-Img,test/images/000272.jpg,74b02bb59448ae6df4b4d360c969c215aaa00483b1a4a51d8ba46ea8e08b4fb9,297656,1280,720,1,1,0,0,0,yes
test,2067,FloW-Img,test/images/000275.jpg,d0e1576a60a48bd3c62ac5b9b62b3a1ab487d21e3d00ba64d940f89d8b4b9807,318834,1280,720,3,3,0,0,0,yes
test,2071,FloW-Img,test/images/000279.jpg,52dc0b15203d740538035e4d2ea90282a5d07dc23b429982c3b8391a967599a5,253045,1280,640,1,1,0,0,0,yes
test,2075,FloW-Img,test/images/000283.jpg,7e41c9b70e9550716cd767dc5a2a88e71f6b57d2598d75785f6f3bbadac0b714,288627,1280,720,2,2,0,0,0,yes
test,2084,FloW-Img,test/images/000292.jpg,ecbf17bbfe570699a021f6bef71d2264bc731ee8ce94e4f6b74d7124c3b406a4,313686,1280,640,3,3,0,0,0,yes
test,2091,FloW-Img,test/images/000299.jpg,287793347b8548ddfe13ce37b6b27765af65914aa3682a44208dbfdef010538c,370369,1280,720,2,2,0,0,0,yes
test,2096,FloW-Img,test/images/000304.jpg,840dce0b22f92304c34040b784eb085e56f25ecc3a82a4758b41190e743be63d,387484,1280,720,1,1,0,0,0,yes
test,2102,FloW-Img,test/images/000310.jpg,de07217622de7125fd8e941803bf0021c8c20f5258282279402e4fa6549b9b68,330239,1280,720,2,2,0,0,0,yes
test,2109,FloW-Img,test/images/000317.jpg,e2e992da0b2d7b3f5e85545bca07b6f0ec1b1a55b8d1720c924cc2a4e467d9ef,305487,1280,720,2,2,0,0,0,yes
test,2119,FloW-Img,test/images/000327.jpg,7ce22461630c1a2fb0792a666c5b48440e7d912749674df7158b4ff4c2aeca92,276855,1280,720,1,1,0,0,0,yes
test,2126,FloW-Img,test/images/000334.jpg,425c42dfbaaed474e3e8b8a22ba924fcba7acc770181783130b90be6ac4ca45e,420932,1280,720,7,7,0,0,0,yes
test,2137,FloW-Img,test/images/000345.jpg,522664df47954d964deba89a975384065760f12a100924d2603fb2939cc705ba,293114,1280,640,1,1,0,0,0,yes
test,2145,FloW-Img,test/images/000353.jpg,153e01677ec173cb2f6d6284f056296ebb88d946c3753b1b68ba9e45f9b39384,218674,1280,640,5,5,0,0,0,yes
test,2151,FloW-Img,test/images/000359.jpg,7857101f61c6275e1ffaa96649ea53fb49e88baa70d460588a44cde8c563aaec,409416,1280,640,2,2,0,0,0,yes
test,2153,FloW-Img,test/images/000361.jpg,d8e5f51c5f3431fb94133e27096c556a96df44a21b1cbbd61338ccbb99218b7f,244218,1280,640,1,1,0,0,0,yes
test,2159,FloW-Img,test/images/000367.jpg,cc7bc95d0d42451f20c4e1d02e2cb73b310cac75b52f7ce5a0100876ff85a9dd,259779,1280,640,1,1,0,0,0,yes
test,2161,FloW-Img,test/images/000369.jpg,7ac5619b94958ea84a9ea21c83663852e158a005748066ee325cdb431b82c366,397326,1280,640,2,2,0,0,0,yes
test,2165,FloW-Img,test/images/000373.jpg,107972a1c6fdd67be953cb0e68191bae22eb1eeb843522734b47c7b258158507,291218,1280,720,2,2,0,0,0,yes
test,2170,FloW-Img,test/images/000378.jpg,b40ed24b3ec6706cd74012463f6257bd88b021b25c636297a9f34976e34fcfb5,229980,1280,640,1,1,0,0,0,yes
test,2172,FloW-Img,test/images/000380.jpg,0d60181d5c39f70c7556a10240ac231adb49f24bd3e3c10579385143903d2c9e,277205,1280,720,17,17,0,0,0,yes
test,2179,FloW-Img,test/images/000387.jpg,503a48167ecec123a5d948a6564c0e7ff69916142fc7f356f23eb6cd6ee7bf8e,369569,1280,720,8,8,0,0,0,yes
test,2182,FloW-Img,test/images/000390.jpg,42a55b22fe78b1d17f7f5fcd839afeab38cb21a50050614ed5baf54e3a9deec5,284062,1280,720,2,2,0,0,0,yes
test,2186,FloW-Img,test/images/000394.jpg,6d1ecc52fc7dd836073c7fb19f9fe65f96345c4d5103af1149ee3652864aa052,431196,1280,640,2,2,0,0,0,yes
test,2189,FloW-Img,test/images/000397.jpg,3e7f53422991253d48c099125edbb7396ab290a04d7bcab49447077978e592d8,207711,1280,640,2,2,0,0,0,yes
test,2196,FloW-Img,test/images/000404.jpg,b0c0d83b0feaa28866e04eb9bfbc8654b144a360e27154bafd31f98bf01fe448,313114,1280,720,1,1,0,0,0,yes
test,2207,FloW-Img,test/images/000415.jpg,943fc042705662d3791929eb99ddd69338bdf38289f2b24bbf9890ef31cc5217,395991,1280,640,1,1,0,0,0,yes
test,2213,FloW-Img,test/images/000421.jpg,6ab1ba86ebc53c297f23adc815b9a5fb9413156496c000238ce2430ed7be2fae,347629,1280,640,4,4,0,0,0,yes
test,2226,FloW-Img,test/images/000434.jpg,4aac98e6c6bf35728e08c73a82a29b9129439d59627ef511c9e06b0e50177af1,238750,1280,640,5,5,0,0,0,yes
test,2227,FloW-Img,test/images/000435.jpg,13abd44d886d4ef2409859d9bfe68d4347b6454c1bb8f8c39dee65ee63522a34,311692,1280,640,1,1,0,0,0,yes
test,2235,FloW-Img,test/images/000443.jpg,12b3cc39ecf23a781f9266b6bb00101cb8343c4821a378c4a61d91c07738deb9,328316,1280,720,1,1,0,0,0,yes
test,2241,FloW-Img,test/images/000449.jpg,e6221171dd3eda194b2f86509f782f89e38f5ec944e0accce2d30291e26a891d,357149,1280,640,3,3,0,0,0,yes
test,2251,FloW-Img,test/images/000459.jpg,4ac57f66b23f45e9c81434113be1ec63c9522b5ae4aeb8d713c46b20d6e319ac,325032,1280,720,1,1,0,0,0,yes
test,2255,FloW-Img,test/images/000463.jpg,f34ff908151278aeb85c4a73f7f6b28933237baea752b3b714913e6806c4a27b,296936,1280,720,1,1,0,0,0,yes
test,2278,FloW-Img,test/images/000486.jpg,60162ade692600e25f74a922437a43dac4aa2f2a382b6d9f8390ba8e11ebfa59,286525,1280,640,2,2,0,0,0,yes
test,2279,FloW-Img,test/images/000487.jpg,7f63e06e133c489b4b229eae6433f0f0bb68d357ff833edd3f26b46d77ffd875,338605,1280,720,1,1,0,0,0,yes
test,2290,FloW-Img,test/images/000498.jpg,7e8241f2f708bb469c323e90b6facd4b001832ccfaa4cf7f9f6143fd3044de2b,213796,1280,640,4,4,0,0,0,yes
test,2294,FloW-Img,test/images/000502.jpg,567b83224f1a65f61ccc740892018bfe266ba9ac6b696d2cffaf7dec6a265ce9,383551,1280,720,1,1,0,0,0,yes
test,2307,FloW-Img,test/images/000515.jpg,82b3d8391aee93e013afe136fe7338da7e388f145dea7e0586a6642ddac20c1f,327612,1280,640,2,2,0,0,0,yes
test,2320,FloW-Img,test/images/000528.jpg,e86876f873bf0616a7c344d86938ef596141d9df8dc827a89cbd48c7ffe812d1,285863,1280,720,2,2,0,0,0,yes
test,2324,FloW-Img,test/images/000532.jpg,2fdb420b6976be7fdbd4582898a08bdf26ecca7d53a96afa3999734ad9c0ca10,247162,1280,640,6,6,0,0,0,yes
test,2325,FloW-Img,test/images/000533.jpg,92fb9f072c7a5eab0b71808160965cf17edbde9e6494860d9d2ef6159048591a,259630,1280,720,2,2,0,0,0,yes
test,2330,FloW-Img,test/images/000538.jpg,427b17fcb1734ba5b6faf3ad8c494f4d31b29a92ea7fd73d24a4e3188ee062ee,231711,1280,640,4,4,0,0,0,yes
test,2331,FloW-Img,test/images/000539.jpg,2b755f56769b76d9ae907698602812c056cf47343c89e288a1d396f1426a63c5,303935,1280,720,2,2,0,0,0,yes
test,2333,FloW-Img,test/images/000541.jpg,57a89166e1f88926a0a94a49a05dc62e8345716c940764bdcccb8faec82942ef,289165,1280,640,5,5,0,0,0,yes
test,2336,FloW-Img,test/images/000544.jpg,520795c619a2bae822ed82604634e2f229e637aa908264837be586ff8147443a,273210,1280,720,3,3,0,0,0,yes
test,2341,FloW-Img,test/images/000549.jpg,9a21de469d54a79fc281685dfefde83d41467215a38b11020876b94888bb878c,384925,1280,640,1,1,0,0,0,yes
test,2342,FloW-Img,test/images/000550.jpg,8421f154ee3dbb30d093d2c5d16207ee04bb127981743158115584ff9296deb8,277253,1280,640,4,4,0,0,0,yes
test,2343,FloW-Img,test/images/000551.jpg,c5dc1fd6a4439b3d9490b113bb5d6c2d426bedab50d9cd199a4292a9a7a877eb,345906,1280,720,2,2,0,0,0,yes
test,2352,FloW-Img,test/images/000560.jpg,fc36ee27522c29604a910bec2f7833a9f5685eeabc9d6be7384453aa1266a32c,278107,1280,640,4,4,0,0,0,yes
test,2354,FloW-Img,test/images/000562.jpg,7d319afe6a06a3dc9bd11d2ffd6008e43b0cbe776228db14243b8581e04d767f,275937,1280,720,2,2,0,0,0,yes
test,2362,FloW-Img,test/images/000570.jpg,ccc34980e901b8b3a387d9fd7da31d0283072e3cdc72d3b70ad2e52f46ab6b16,233174,1280,640,6,6,0,0,0,yes
test,2366,FloW-Img,test/images/000574.jpg,91ebd9724da2b1effd735451fbe8f5d3f698611d19f0170ee1c47fa060ebeeae,392748,1280,640,1,1,0,0,0,yes
test,2380,FloW-Img,test/images/000588.jpg,48816752ae4a722f2d9a362769dd26e103b2188211f56f9d0dc29e9d75f02fbe,335091,1280,640,1,1,0,0,0,yes
test,2390,FloW-Img,test/images/000598.jpg,c4d66ea3817cbe0b561c99cc0bc505c72284e39f4386966d6240bab6ea8198dc,347187,1280,640,1,1,0,0,0,yes
test,2397,FloW-Img,test/images/000605.jpg,65707409fbb7530d370d68d8b4c2a8f35086e4822e2fe06e7871ffcdb8b62448,369557,1280,720,1,1,0,0,0,yes
test,2398,FloW-Img,test/images/000606.jpg,eb0165ccb55cd7b65c636f92c2d31df92ec9257e2cc0a558fe5ff6b4be46a1d5,361918,1280,640,3,3,0,0,0,yes
test,2399,FloW-Img,test/images/000607.jpg,1d63a4beb4767db20a8bce2aa6640dd78545d0e7c65ca77c41ef34fc890e6fce,345526,1280,640,1,1,0,0,0,yes
test,2400,FloW-Img,test/images/000608.jpg,504937a92bdf02f6daa6c338eb6020b3b5ac4055e629f7b726562949e537ddc7,333780,1280,720,2,2,0,0,0,yes
test,2404,FloW-Img,test/images/000612.jpg,1758c5c0843582575f8c2523c2c0b5f8d7381785970f035f943304bc6cd329a0,281510,1280,640,1,1,0,0,0,yes
test,2409,FloW-Img,test/images/000617.jpg,ec6d189068b4dea93d91b3ae94d8914a4bc44551cb63a73e100a99caee3d68de,357213,1280,720,1,1,0,0,0,yes
test,2410,FloW-Img,test/images/000618.jpg,b9f0aca8f45c86019dc529f5a0c9d6535b4e52c40cd81b9c33791175bd497055,307581,1280,640,1,1,0,0,0,yes
test,2418,FloW-Img,test/images/000626.jpg,4ba6d6897f80d5203df87bf95df9ddd500047023a1b49f89c0d8dd089e2d0f9b,233707,1280,720,15,15,0,0,0,yes
test,2426,FloW-Img,test/images/000634.jpg,c947f0430f19f01540a2c16caabb2bb3060d2065350edc28ddc164c13f9ab7ef,254022,1280,640,1,1,0,0,0,yes
test,2432,FloW-Img,test/images/000640.jpg,f4b43ccc6388edf16e32075227554a4c00562691e11d8e3d266f29a9aa4af78b,347821,1280,640,4,4,0,0,0,yes
test,2447,FloW-Img,test/images/000655.jpg,c58d5c96031c41c29bed64a79705864f58fb85744d62d57e951c72e3592938f4,270842,1280,640,1,1,0,0,0,yes
test,2453,FloW-Img,test/images/000661.jpg,94b21dc5642f7ae166b12c60fc25761dbb3d12ea9fae410ea87a2e0eeefa0755,436260,1280,720,17,17,0,0,0,yes
test,2455,FloW-Img,test/images/000663.jpg,394e7c1c71878600e55567e5ed58119f9c9ba30f239d7ca85da706a0c3f91f06,534520,1280,720,3,3,0,0,0,yes
test,2468,FloW-Img,test/images/000676.jpg,2d3bd7ceaa22a5fca3699d79c1089b43ede4e60ddfb3ec01f000b7c85bbdc35d,411992,1280,720,2,2,0,0,0,yes
test,2470,FloW-Img,test/images/000678.jpg,fce452870e39902a5c799157193c7722a2fff17bc675388fb1131c35951f4d6b,449435,1280,720,3,3,0,0,0,yes
test,2482,FloW-Img,test/images/000690.jpg,bbbff724e81557fad238689bca64c98377ce18f4ca7a87d173b8e7d073e2da02,323111,1280,720,2,2,0,0,0,yes
test,2492,FloW-Img,test/images/000700.jpg,0c9c27c5adfa465a1abb12e765b590cf2b956ed7e1aec74bbd19d0f1ccdcd549,333514,1280,720,1,1,0,0,0,yes
test,2494,FloW-Img,test/images/000702.jpg,4e96008cd321191f2b954ea424785698ce005c3f388e6ff5050d76eb03dcf431,322556,1280,720,4,4,0,0,0,yes
test,2500,FloW-Img,test/images/000708.jpg,1dce8e4488a72392a13f056d01748c25ae89b19d979f81ce5724a43adc741fa8,228499,1280,640,1,1,0,0,0,yes
test,2516,FloW-Img,test/images/000724.jpg,e444233aa9fcabd03522d67c8dbcd79ce2f22d7bd5f788d8726468c87f9a2559,407281,1280,640,1,1,0,0,0,yes
test,2522,FloW-Img,test/images/000730.jpg,63a134ee8468d19a0a5324b94913807b6463cc7f95eb5edc613897727bf08a45,427964,1280,640,2,2,0,0,0,yes
test,2529,FloW-Img,test/images/000737.jpg,7a6207d377aacb00e01052f53e1cae55d33c3c91125ac22cb463adf46f33d448,292565,1280,640,3,3,0,0,0,yes
test,2531,FloW-Img,test/images/000739.jpg,2bc1e3032b253dc14fabda7de57e0014aeaf0ea1de67b864a746214673912dff,158601,1280,720,5,5,0,0,0,yes
test,2533,FloW-Img,test/images/000741.jpg,5d2357749dfbbb29e6142586219fbc155aff4a3de5810373ffc527fddbd8e81c,279690,1280,720,1,1,0,0,0,yes
test,2536,FloW-Img,test/images/000744.jpg,be9f4d4b5c1241514532b99af292b221ce5a02069de434f4af03341960802417,362599,1280,640,4,4,0,0,0,yes
test,2540,FloW-Img,test/images/000748.jpg,45f906248eed10fd0720ec99cec174618aa3665a92625fd200bc3950f2ac5fbb,167221,1280,720,1,1,0,0,0,yes
test,2543,FloW-Img,test/images/000751.jpg,874d7bfb3f2076cc4df79f94cd6bf9064ba04a6fbbebb256fc57de5c2b79cf3e,198294,1280,640,1,1,0,0,0,yes
test,2551,FloW-Img,test/images/000759.jpg,ab6baf6bff75551b86a92d4231dbbea4f316705df37d90526108700ee248d3a5,195527,1280,720,4,4,0,0,0,yes
test,2558,FloW-Img,test/images/000766.jpg,893752809c78439a1e84cca4c937b3ca5ad262d09062d97550030949fb384c9f,187577,1280,720,3,3,0,0,0,yes
test,2564,FloW-Img,test/images/000772.jpg,b87fdf2b152b09928cbdb670c48674454ee6f6da252af7576fcd277ada7a3424,302192,1280,640,1,1,0,0,0,yes
test,2579,FloW-Img,test/images/000787.jpg,56a249085851bfa6495f6eeee02c7c153d0a60e4e318a7891eeecc440f569b0c,254503,1280,640,3,3,0,0,0,yes
test,2590,FloW-Img,test/images/000798.jpg,33139031f05eca746351e62053c2dc656a7bf7340d8910345f055c41b3866f81,218186,1280,720,3,3,0,0,0,yes
